algorithm,N,r,ratio,case,trial,seed,measurement,correct,cover_count,header_bytes,key_material_mean,key_material_max,setup_ns,keygen_ns,cover_ns,header_encrypt_ns,authorized_recover_ns,revoked_reject_ns
CS,8,0,zero,random,0,20260904,100,True,1,115,4,4,6900,10300,700,5200,4600,
SD,8,0,zero,random,0,20260904,100,True,1,145,7,7,4000,296300,500,6200,4400,
SD,8,0,zero,random,1,20260905,100,True,1,145,7,7,3900,291100,400,6300,4400,
CS,8,0,zero,random,1,20260905,100,True,1,115,4,4,7000,10300,400,5200,4600,
CS,8,0,zero,random,2,20260906,100,True,1,115,4,4,7000,10100,400,5100,4600,
SD,8,0,zero,random,2,20260906,100,True,1,145,7,7,3900,295000,400,6200,4400,
SD,8,0,zero,random,3,20260907,100,True,1,145,7,7,4000,297100,400,6300,4300,
CS,8,0,zero,random,3,20260907,100,True,1,115,4,4,7000,12500,500,5500,4600,
CS,8,0,zero,random,4,20260908,100,True,1,115,4,4,7000,10100,400,5200,4600,
SD,8,0,zero,random,4,20260908,100,True,1,145,7,7,4000,299000,400,6300,4400,
SD,8,0,zero,random,5,20260909,100,True,1,145,7,7,4000,297100,400,6300,4400,
CS,8,0,zero,random,5,20260909,100,True,1,115,4,4,7000,10300,400,5800,4600,
CS,8,0,zero,random,6,20260910,100,True,1,115,4,4,7000,10200,400,5200,4600,
SD,8,0,zero,random,6,20260910,100,True,1,145,7,7,3900,302200,700,6300,4400,
SD,8,0,zero,random,7,20260911,100,True,1,145,7,7,3900,296000,400,6200,4400,
CS,8,0,zero,random,7,20260911,100,True,1,115,4,4,6900,10300,700,5100,4600,
CS,8,0,zero,random,8,20260912,100,True,1,115,4,4,7000,10300,400,5200,4600,
SD,8,0,zero,random,8,20260912,100,True,1,145,7,7,3900,301000,500,6200,4400,
SD,8,0,zero,random,9,20260913,100,True,1,145,7,7,3900,302800,400,6300,7300,
CS,8,0,zero,random,9,20260913,100,True,1,115,4,4,7000,10200,400,5100,4700,
CS,8,0,zero,random,10,20260914,100,True,1,115,4,4,7000,18000,700,9300,8400,
SD,8,0,zero,random,10,20260914,100,True,1,145,7,7,7000,316600,500,6200,4400,
SD,8,0,zero,random,11,20260915,100,True,1,145,7,7,3900,327600,500,6300,4300,
CS,8,0,zero,random,11,20260915,100,True,1,115,4,4,7000,10200,400,5100,4600,
CS,8,0,zero,random,12,20260916,100,True,1,115,4,4,11000,10200,400,5100,4600,
SD,8,0,zero,random,12,20260916,100,True,1,145,7,7,3900,339700,500,6200,5400,
SD,8,0,zero,random,13,20260917,100,True,1,145,7,7,4900,318800,500,10900,7200,
CS,8,0,zero,random,13,20260917,100,True,1,115,4,4,11300,10400,400,9500,8700,
CS,8,0,zero,random,14,20260918,100,True,1,115,4,4,12100,10200,700,5500,4600,
SD,8,0,zero,random,14,20260918,100,True,1,145,7,7,3900,318500,600,6500,4400,
SD,8,0,zero,random,15,20260919,100,True,1,145,7,7,7400,300900,400,6300,4400,
CS,8,0,zero,random,15,20260919,100,True,1,115,4,4,7000,10300,400,5100,4600,
CS,8,0,zero,random,16,20260920,100,True,1,115,4,4,8700,10200,400,5100,4600,
SD,8,0,zero,random,16,20260920,100,True,1,145,7,7,3900,300800,400,6300,4400,
SD,8,0,zero,random,17,20260921,100,True,1,145,7,7,3900,300100,500,6300,4300,
CS,8,0,zero,random,17,20260921,100,True,1,115,4,4,11100,10200,400,5100,4600,
CS,8,0,zero,random,18,20260922,100,True,1,115,4,4,7000,10200,400,5200,4600,
SD,8,0,zero,random,18,20260922,100,True,1,145,7,7,7300,296400,400,6200,4300,
SD,8,0,zero,random,19,20260923,100,True,1,145,7,7,3900,299800,400,6300,4300,
CS,8,0,zero,random,19,20260923,100,True,1,115,4,4,7000,10200,400,5100,4600,
CS,8,1,single,random,0,20260904,100,True,3,289,4,4,7000,10300,7900,13500,4700,700
SD,8,1,single,random,0,20260904,100,True,1,142,7,7,4000,298000,9300,13100,6800,1200
SD,8,1,single,random,1,20260905,100,True,1,143,7,7,4000,296200,9200,13000,10900,1200
CS,8,1,single,random,1,20260905,100,True,3,290,4,4,7000,10300,7800,13400,4600,700
CS,8,1,single,random,2,20260906,100,True,3,290,4,4,7100,10300,13800,13400,4600,700
SD,8,1,single,random,2,20260906,100,True,1,143,7,7,4000,305100,9300,13200,11000,1300
SD,8,1,single,random,3,20260907,100,True,1,143,7,7,4000,415800,13400,13300,9100,2100
CS,8,1,single,random,3,20260907,100,True,3,290,4,4,7100,10300,15800,29700,4700,700
CS,8,1,single,random,4,20260908,100,True,3,290,4,4,7100,10500,7800,13300,4700,700
SD,8,1,single,random,4,20260908,100,True,1,143,7,7,4000,321400,18000,13400,9000,1300
SD,8,1,single,random,5,20260909,100,True,1,142,7,7,3900,321300,9200,13200,6700,1200
CS,8,1,single,random,5,20260909,100,True,3,289,4,4,11700,10200,7900,13400,4700,700
CS,8,1,single,random,6,20260910,100,True,3,289,4,4,7000,10300,8000,13400,4700,700
SD,8,1,single,random,6,20260910,100,True,1,142,7,7,4000,298800,16800,13300,6800,1200
SD,8,1,single,random,7,20260911,100,True,1,143,7,7,3900,472100,16400,22700,11000,1200
CS,8,1,single,random,7,20260911,100,True,3,290,4,4,7000,10300,7900,13400,4600,700
CS,8,1,single,random,8,20260912,100,True,3,289,4,4,7000,10300,8000,13400,4700,700
SD,8,1,single,random,8,20260912,100,True,1,142,7,7,4000,292200,9200,12900,6800,1200
SD,8,1,single,random,9,20260913,100,True,1,142,7,7,4000,295200,9200,13100,8700,1600
CS,8,1,single,random,9,20260913,100,True,3,289,4,4,7000,10200,7900,13300,4700,700
CS,8,1,single,random,10,20260914,100,True,3,290,4,4,7000,10200,7900,13400,4600,700
SD,8,1,single,random,10,20260914,100,True,1,143,7,7,4000,297500,9200,13300,11100,1300
SD,8,1,single,random,11,20260915,100,True,1,142,7,7,4100,304200,9200,13100,6700,1200
CS,8,1,single,random,11,20260915,100,True,3,289,4,4,7500,10800,7900,13500,4700,700
CS,8,1,single,random,12,20260916,100,True,3,289,4,4,7100,14500,7800,13400,4700,700
SD,8,1,single,random,12,20260916,100,True,1,142,7,7,4000,294900,9200,12900,6800,1200
SD,8,1,single,random,13,20260917,100,True,1,143,7,7,4000,307000,9400,13300,8900,1300
CS,8,1,single,random,13,20260917,100,True,3,290,4,4,7000,10100,7900,13400,4700,700
CS,8,1,single,random,14,20260918,100,True,3,290,4,4,6900,10200,7800,13400,8000,700
SD,8,1,single,random,14,20260918,100,True,1,143,7,7,4000,297500,9200,13200,10800,1200
SD,8,1,single,random,15,20260919,100,True,1,142,7,7,4000,301000,9200,13100,12500,1200
CS,8,1,single,random,15,20260919,100,True,3,289,4,4,6900,10200,8000,13400,4700,700
CS,8,1,single,random,16,20260920,100,True,3,290,4,4,11300,10200,7700,13500,4600,700
SD,8,1,single,random,16,20260920,100,True,1,143,7,7,4100,294900,9200,19500,18000,1900
SD,8,1,single,random,17,20260921,100,True,1,143,7,7,6800,294100,9200,13300,8900,1300
CS,8,1,single,random,17,20260921,100,True,3,290,4,4,7000,10200,7900,13300,4700,700
CS,8,1,single,random,18,20260922,100,True,3,290,4,4,7000,10200,7800,13400,4600,700
SD,8,1,single,random,18,20260922,100,True,1,143,7,7,4000,300800,9200,13200,11100,1200
SD,8,1,single,random,19,20260923,100,True,1,143,7,7,4000,298200,9200,13200,10900,1200
CS,8,1,single,random,19,20260923,100,True,3,290,4,4,6900,12700,7800,13300,4600,700
CS,8,1,single,contiguous,0,20260904,100,True,3,289,4,4,7000,9900,8300,13300,4700,700
SD,8,1,single,contiguous,0,20260904,100,True,1,142,7,7,4000,293600,9200,12900,6700,1100
SD,8,1,single,contiguous,1,20260904,100,True,1,142,7,7,4000,316500,11700,12800,6700,1100
CS,8,1,single,contiguous,1,20260904,100,True,3,289,4,4,7000,10000,7900,22700,4700,700
CS,8,1,single,contiguous,2,20260904,100,True,3,289,4,4,6900,17800,12200,13300,4700,700
SD,8,1,single,contiguous,2,20260904,100,True,1,142,7,7,3900,378900,15600,23100,13800,2100
SD,8,1,single,contiguous,3,20260904,100,True,1,142,7,7,8800,313500,9300,13000,6700,1100
CS,8,1,single,contiguous,3,20260904,100,True,3,289,4,4,6900,17000,11700,13400,4700,700
CS,8,1,single,contiguous,4,20260904,100,True,3,289,4,4,8600,10000,7800,13400,4700,700
SD,8,1,single,contiguous,4,20260904,100,True,1,142,7,7,4000,299100,12100,12800,6700,1100
SD,8,1,single,contiguous,5,20260904,100,True,1,142,7,7,4000,298800,9400,24500,10300,1800
CS,8,1,single,contiguous,5,20260904,100,True,3,289,4,4,6900,9900,7700,13500,8300,700
CS,8,1,single,contiguous,6,20260904,100,True,3,289,4,4,7100,16700,8300,13400,4700,700
SD,8,1,single,contiguous,6,20260904,100,True,1,142,7,7,6300,302700,18300,13200,12500,2000
SD,8,1,single,contiguous,7,20260904,100,True,1,142,7,7,6600,310200,9200,12900,6700,1100
CS,8,1,single,contiguous,7,20260904,100,True,3,289,4,4,7000,10000,7900,21200,4800,700
CS,8,1,single,contiguous,8,20260904,100,True,3,289,4,4,7000,10000,7800,13400,7500,700
SD,8,1,single,contiguous,8,20260904,100,True,1,142,7,7,4000,301400,9200,13100,6700,1100
SD,8,1,single,contiguous,9,20260904,100,True,1,142,7,7,4000,315000,9100,23900,13000,1900
CS,8,1,single,contiguous,9,20260904,100,True,3,289,4,4,11800,16900,8100,13500,4800,1300
CS,8,1,single,uniform,0,20260904,100,True,3,289,4,4,12500,18300,7800,13300,4700,700
SD,8,1,single,uniform,0,20260904,100,True,1,142,7,7,4000,318000,9200,12800,6800,2000
SD,8,1,single,uniform,1,20260904,100,True,1,142,7,7,7000,296800,18900,26800,12300,2000
CS,8,1,single,uniform,1,20260904,100,True,3,289,4,4,11900,16400,7800,13400,9500,1200
CS,8,1,single,uniform,2,20260904,100,True,3,289,4,4,13100,19900,7900,13400,4700,700
SD,8,1,single,uniform,2,20260904,100,True,1,142,7,7,5900,343700,9200,13200,6700,1100
SD,8,1,single,uniform,3,20260904,100,True,1,142,7,7,6000,301500,9100,12900,6800,1200
CS,8,1,single,uniform,3,20260904,100,True,3,289,4,4,7000,10000,7800,13300,4700,700
CS,8,1,single,uniform,4,20260904,100,True,3,289,4,4,6900,10100,7800,13300,4700,700
SD,8,1,single,uniform,4,20260904,100,True,1,142,7,7,4000,324000,10400,12900,6700,1100
SD,8,1,single,uniform,5,20260904,100,True,1,142,7,7,4000,299700,9100,12800,6800,1100
CS,8,1,single,uniform,5,20260904,100,True,3,289,4,4,8600,10000,7800,26700,9400,1200
CS,8,1,single,uniform,6,20260904,100,True,3,289,4,4,11900,16700,13200,23400,9500,1300
SD,8,1,single,uniform,6,20260904,100,True,1,142,7,7,7600,297300,9700,12900,8300,1400
SD,8,1,single,uniform,7,20260904,100,True,1,142,7,7,4000,298400,9100,13000,6800,1700
CS,8,1,single,uniform,7,20260904,100,True,3,289,4,4,7000,10000,7800,13400,9900,1400
CS,8,1,single,uniform,8,20260904,100,True,3,289,4,4,13300,14800,7800,13500,7900,1100
SD,8,1,single,uniform,8,20260904,100,True,1,142,7,7,6400,513500,9200,13000,13500,2100
SD,8,1,single,uniform,9,20260904,100,True,1,142,7,7,7400,321800,9200,13200,7300,1200
CS,8,1,single,uniform,9,20260904,100,True,3,289,4,4,7000,10000,7800,13300,4700,800
CS,8,1,single,clustered,0,20260904,100,True,3,290,4,4,12000,9900,7700,13300,4600,700
SD,8,1,single,clustered,0,20260904,100,True,1,143,7,7,4000,305500,14100,14500,17200,1200
SD,8,1,single,clustered,1,20260904,100,True,1,143,7,7,4000,303400,17000,13600,10900,1200
CS,8,1,single,clustered,1,20260904,100,True,3,290,4,4,7100,17800,7900,13400,4600,700
CS,8,1,single,clustered,2,20260904,100,True,3,290,4,4,11100,9900,7700,13700,4600,700
SD,8,1,single,clustered,2,20260904,100,True,1,143,7,7,4000,340500,9200,13100,13200,1400
SD,8,1,single,clustered,3,20260904,100,True,1,143,7,7,4000,305900,10000,25200,21600,2200
CS,8,1,single,clustered,3,20260904,100,True,3,290,4,4,7400,10000,12200,24000,9500,1300
CS,8,1,single,clustered,4,20260904,100,True,3,290,4,4,11200,14600,7700,13300,9200,1200
SD,8,1,single,clustered,4,20260904,100,True,1,143,7,7,6900,454200,9100,13000,10800,1200
SD,8,1,single,clustered,5,20260904,100,True,1,143,7,7,4000,308700,15500,23500,10900,1200
CS,8,1,single,clustered,5,20260904,100,True,3,290,4,4,6900,10000,7700,13600,4600,700
CS,8,1,single,clustered,6,20260904,100,True,3,290,4,4,7000,10000,7800,13300,7500,1200
SD,8,1,single,clustered,6,20260904,100,True,1,143,7,7,4000,309800,9200,13000,10800,1200
SD,8,1,single,clustered,7,20260904,100,True,1,143,7,7,4000,301300,9200,24800,18400,1900
CS,8,1,single,clustered,7,20260904,100,True,3,290,4,4,11500,19500,16200,28900,8500,1300
CS,8,1,single,clustered,8,20260904,100,True,3,290,4,4,7000,9900,7700,13300,4700,700
SD,8,1,single,clustered,8,20260904,100,True,1,143,7,7,4000,303300,9100,13400,16200,1700
SD,8,1,single,clustered,9,20260904,100,True,1,143,7,7,3900,295200,9100,13000,27500,1700
CS,8,1,single,clustered,9,20260904,100,True,3,290,4,4,7000,10000,7700,13300,7800,1100
CS,8,1,0.01,random,0,20260904,100,True,3,289,4,4,11500,18000,14500,13800,4700,700
SD,8,1,0.01,random,0,20260904,100,True,1,142,7,7,4000,313000,9400,13100,6800,1300
SD,8,1,0.01,random,1,20260905,100,True,1,143,7,7,4000,301700,9300,13100,10800,1200
CS,8,1,0.01,random,1,20260905,100,True,3,290,4,4,7000,10200,7800,13400,4600,700
CS,8,1,0.01,random,2,20260906,100,True,3,290,4,4,6900,10200,7900,13400,7600,700
SD,8,1,0.01,random,2,20260906,100,True,1,143,7,7,4000,320200,9200,13400,11000,1300
SD,8,1,0.01,random,3,20260907,100,True,1,143,7,7,3900,321900,9500,13300,8900,1300
CS,8,1,0.01,random,3,20260907,100,True,3,290,4,4,6900,10200,12400,13400,7800,1100
CS,8,1,0.01,random,4,20260908,100,True,3,290,4,4,11200,17700,11500,13500,4700,700
SD,8,1,0.01,random,4,20260908,100,True,1,143,7,7,4000,333200,9300,24300,17200,2200
SD,8,1,0.01,random,5,20260909,100,True,1,142,7,7,7200,321800,9200,14900,6800,1800
CS,8,1,0.01,random,5,20260909,100,True,3,289,4,4,6900,10200,7900,13500,10200,1800
CS,8,1,0.01,random,6,20260910,100,True,3,289,4,4,12400,17800,15600,13500,4700,700
SD,8,1,0.01,random,6,20260910,100,True,1,142,7,7,4000,303500,9900,13000,6800,1200
SD,8,1,0.01,random,7,20260911,100,True,1,143,7,7,4000,305400,11800,13300,11300,2200
CS,8,1,0.01,random,7,20260911,100,True,3,290,4,4,7000,10200,7800,13300,4600,700
CS,8,1,0.01,random,8,20260912,100,True,3,289,4,4,7000,10300,8000,13400,4700,700
SD,8,1,0.01,random,8,20260912,100,True,1,142,7,7,4000,308900,9400,13000,6800,1200
SD,8,1,0.01,random,9,20260913,100,True,1,142,7,7,4000,295300,9800,13200,6800,1200
CS,8,1,0.01,random,9,20260913,100,True,3,289,4,4,6900,10200,7900,13400,4700,700
CS,8,1,0.01,random,10,20260914,100,True,3,290,4,4,6900,10200,7800,13500,4700,1400
SD,8,1,0.01,random,10,20260914,100,True,1,143,7,7,5000,314300,9300,13300,11000,2000
SD,8,1,0.01,random,11,20260915,100,True,1,142,7,7,7200,304500,9300,13100,6800,1200
CS,8,1,0.01,random,11,20260915,100,True,3,289,4,4,7000,10500,8000,13400,4900,700
CS,8,1,0.01,random,12,20260916,100,True,3,289,4,4,6900,10200,8100,13300,4700,700
SD,8,1,0.01,random,12,20260916,100,True,1,142,7,7,4000,372000,15200,22700,6800,1200
SD,8,1,0.01,random,13,20260917,100,True,1,143,7,7,4000,349400,9700,13300,9000,1200
CS,8,1,0.01,random,13,20260917,100,True,3,290,4,4,7100,10500,8000,13500,4600,700
CS,8,1,0.01,random,14,20260918,100,True,3,290,4,4,7100,10200,7700,13500,4700,1200
SD,8,1,0.01,random,14,20260918,100,True,1,143,7,7,4000,315600,15100,24700,10800,1200
SD,8,1,0.01,random,15,20260919,100,True,1,142,7,7,3900,299900,15700,22000,6900,1200
CS,8,1,0.01,random,15,20260919,100,True,3,289,4,4,7100,10200,7900,13300,4700,700
CS,8,1,0.01,random,16,20260920,100,True,3,290,4,4,9200,12600,7800,13400,4600,700
SD,8,1,0.01,random,16,20260920,100,True,1,143,7,7,4000,520700,17300,23300,18200,1900
SD,8,1,0.01,random,17,20260921,100,True,1,143,7,7,6900,295300,9300,18300,9100,1300
CS,8,1,0.01,random,17,20260921,100,True,3,290,4,4,7000,10200,8300,13500,4700,700
CS,8,1,0.01,random,18,20260922,100,True,3,290,4,4,7000,10200,7900,13400,4600,700
SD,8,1,0.01,random,18,20260922,100,True,1,143,7,7,4000,296100,9300,13300,11000,1300
SD,8,1,0.01,random,19,20260923,100,True,1,143,7,7,4000,296400,9200,13300,11000,1300
CS,8,1,0.01,random,19,20260923,100,True,3,290,4,4,7000,10300,7900,13400,4600,700
CS,8,1,0.01,contiguous,0,20260904,100,True,3,289,4,4,7000,10000,7800,13300,4700,700
SD,8,1,0.01,contiguous,0,20260904,100,True,1,142,7,7,4000,297000,9100,12800,6700,1100
SD,8,1,0.01,contiguous,1,20260904,100,True,1,142,7,7,4000,323300,9200,12900,6700,1200
CS,8,1,0.01,contiguous,1,20260904,100,True,3,289,4,4,7100,10100,7800,13400,4700,700
CS,8,1,0.01,contiguous,2,20260904,100,True,3,289,4,4,7000,10000,7800,13300,4700,700
SD,8,1,0.01,contiguous,2,20260904,100,True,1,142,7,7,4000,296100,9300,12700,6800,1100
SD,8,1,0.01,contiguous,3,20260904,100,True,1,142,7,7,4000,294400,9100,12800,6700,1200
CS,8,1,0.01,contiguous,3,20260904,100,True,3,289,4,4,7000,10000,7800,13300,4700,700
CS,8,1,0.01,contiguous,4,20260904,100,True,3,289,4,4,7000,10000,7900,13300,4700,700
SD,8,1,0.01,contiguous,4,20260904,100,True,1,142,7,7,4000,301700,9300,12800,6700,1100
SD,8,1,0.01,contiguous,5,20260904,100,True,1,142,7,7,4000,348800,9700,12900,6700,1100
CS,8,1,0.01,contiguous,5,20260904,100,True,3,289,4,4,9200,10600,7800,13300,4700,700
CS,8,1,0.01,contiguous,6,20260904,100,True,3,289,4,4,7100,10200,7900,13300,4700,700
SD,8,1,0.01,contiguous,6,20260904,100,True,1,142,7,7,4000,330100,14200,12800,12500,1900
SD,8,1,0.01,contiguous,7,20260904,100,True,1,142,7,7,7100,315600,9200,14900,6800,1100
CS,8,1,0.01,contiguous,7,20260904,100,True,3,289,4,4,7000,10000,7900,13500,4700,700
CS,8,1,0.01,contiguous,8,20260904,100,True,3,289,4,4,7000,9900,7800,13300,4700,1200
SD,8,1,0.01,contiguous,8,20260904,100,True,1,142,7,7,6500,536900,11300,12800,6700,1100
SD,8,1,0.01,contiguous,9,20260904,100,True,1,142,7,7,4000,309800,9100,12700,6800,1700
CS,8,1,0.01,contiguous,9,20260904,100,True,3,289,4,4,7000,10000,7900,13300,4700,700
CS,8,1,0.01,uniform,0,20260904,100,True,3,289,4,4,7100,10100,7700,13300,4700,700
SD,8,1,0.01,uniform,0,20260904,100,True,1,142,7,7,4000,324400,9800,13000,6700,1100
SD,8,1,0.01,uniform,1,20260904,100,True,1,142,7,7,4000,313900,9200,12800,6800,1700
CS,8,1,0.01,uniform,1,20260904,100,True,3,289,4,4,7000,10000,7800,13400,4700,700
CS,8,1,0.01,uniform,2,20260904,100,True,3,289,4,4,9100,16500,7800,25200,8200,1200
SD,8,1,0.01,uniform,2,20260904,100,True,1,142,7,7,5900,319700,9200,23600,12600,2100
SD,8,1,0.01,uniform,3,20260904,100,True,1,142,7,7,7300,333600,9100,13000,6700,1100
CS,8,1,0.01,uniform,3,20260904,100,True,3,289,4,4,7000,10000,7900,13500,4600,700
CS,8,1,0.01,uniform,4,20260904,100,True,3,289,4,4,7100,9900,7800,13400,4700,700
SD,8,1,0.01,uniform,4,20260904,100,True,1,142,7,7,4000,347900,9200,12800,6700,1100
SD,8,1,0.01,uniform,5,20260904,100,True,1,142,7,7,4000,304500,9100,12900,6700,1100
CS,8,1,0.01,uniform,5,20260904,100,True,3,289,4,4,7100,13600,7900,13600,8600,700
CS,8,1,0.01,uniform,6,20260904,100,True,3,289,4,4,7000,10100,7800,13600,7100,1000
SD,8,1,0.01,uniform,6,20260904,100,True,1,142,7,7,4000,296500,9100,12800,6700,1100
SD,8,1,0.01,uniform,7,20260904,100,True,1,142,7,7,6600,300600,9100,12900,6700,1100
CS,8,1,0.01,uniform,7,20260904,100,True,3,289,4,4,7100,10000,7700,13300,4700,700
CS,8,1,0.01,uniform,8,20260904,100,True,3,289,4,4,7000,10000,7900,13400,4700,700
SD,8,1,0.01,uniform,8,20260904,100,True,1,142,7,7,4000,327800,18800,27100,13400,2100
SD,8,1,0.01,uniform,9,20260904,100,True,1,142,7,7,7500,329700,9200,20800,6800,1100
CS,8,1,0.01,uniform,9,20260904,100,True,3,289,4,4,7100,9900,8000,13500,4600,700
CS,8,1,0.01,clustered,0,20260904,100,True,3,290,4,4,7100,9800,7700,13300,4600,700
SD,8,1,0.01,clustered,0,20260904,100,True,1,143,7,7,6400,352000,9100,13100,10800,1900
SD,8,1,0.01,clustered,1,20260904,100,True,1,143,7,7,6900,320900,9200,13000,14400,2000
CS,8,1,0.01,clustered,1,20260904,100,True,3,290,4,4,7000,10000,7800,13300,4600,700
CS,8,1,0.01,clustered,2,20260904,100,True,3,290,4,4,12600,19000,7700,13300,7900,700
SD,8,1,0.01,clustered,2,20260904,100,True,1,143,7,7,4000,369100,9200,13300,10700,1200
SD,8,1,0.01,clustered,3,20260904,100,True,1,143,7,7,4000,306100,9200,21000,10700,1200
CS,8,1,0.01,clustered,3,20260904,100,True,3,290,4,4,7000,14900,7800,13400,4600,700
CS,8,1,0.01,clustered,4,20260904,100,True,3,290,4,4,7100,10000,7800,13400,4600,700
SD,8,1,0.01,clustered,4,20260904,100,True,1,143,7,7,4000,297400,9100,14500,10700,1200
SD,8,1,0.01,clustered,5,20260904,100,True,1,143,7,7,4000,444900,9100,13000,10700,1200
CS,8,1,0.01,clustered,5,20260904,100,True,3,290,4,4,11200,10100,7700,13300,4700,700
CS,8,1,0.01,clustered,6,20260904,100,True,3,290,4,4,7000,10300,7700,23300,5600,1200
SD,8,1,0.01,clustered,6,20260904,100,True,1,143,7,7,3900,300700,9300,13900,11000,1400
SD,8,1,0.01,clustered,7,20260904,100,True,1,143,7,7,4000,303900,15300,13300,10900,1500
CS,8,1,0.01,clustered,7,20260904,100,True,3,290,4,4,7200,15500,7800,13300,4600,700
CS,8,1,0.01,clustered,8,20260904,100,True,3,290,4,4,7000,9900,12700,13300,4600,700
SD,8,1,0.01,clustered,8,20260904,100,True,1,143,7,7,4000,298100,9300,13700,10800,1200
SD,8,1,0.01,clustered,9,20260904,100,True,1,143,7,7,6400,305800,10700,13000,10800,1200
CS,8,1,0.01,clustered,9,20260904,100,True,3,290,4,4,7100,9900,13400,13300,4600,700
CS,8,1,0.05,random,0,20260904,100,True,3,289,4,4,7000,10200,7900,13500,4700,700
SD,8,1,0.05,random,0,20260904,100,True,1,142,7,7,6000,296200,9300,13100,12200,1900
SD,8,1,0.05,random,1,20260905,100,True,1,143,7,7,4000,298200,9200,13100,10900,1200
CS,8,1,0.05,random,1,20260905,100,True,3,290,4,4,7100,10200,7800,13300,4600,700
CS,8,1,0.05,random,2,20260906,100,True,3,290,4,4,7000,10200,7900,13400,4600,700
SD,8,1,0.05,random,2,20260906,100,True,1,143,7,7,4000,298700,9300,13300,11100,1300
SD,8,1,0.05,random,3,20260907,100,True,1,143,7,7,4000,297200,9400,13300,9000,1300
CS,8,1,0.05,random,3,20260907,100,True,3,290,4,4,7000,10100,8000,13400,4700,700
CS,8,1,0.05,random,4,20260908,100,True,3,290,4,4,7000,10100,7900,13400,4700,700
SD,8,1,0.05,random,4,20260908,100,True,1,143,7,7,4000,293300,12400,13300,16100,1300
SD,8,1,0.05,random,5,20260909,100,True,1,142,7,7,6400,300600,13900,22400,11200,1200
CS,8,1,0.05,random,5,20260909,100,True,3,289,4,4,7000,10200,8200,13800,8900,1200
CS,8,1,0.05,random,6,20260910,100,True,3,289,4,4,12400,10200,7900,13600,4700,700
SD,8,1,0.05,random,6,20260910,100,True,1,142,7,7,4000,295300,9300,13100,6900,1300
SD,8,1,0.05,random,7,20260911,100,True,1,143,7,7,4000,308600,17800,24500,11000,1200
CS,8,1,0.05,random,7,20260911,100,True,3,290,4,4,7100,10300,7800,13300,4600,700
CS,8,1,0.05,random,8,20260912,100,True,3,289,4,4,7100,10200,8000,13400,4700,700
SD,8,1,0.05,random,8,20260912,100,True,1,142,7,7,4000,299100,10000,12900,6800,1900
SD,8,1,0.05,random,9,20260913,100,True,1,142,7,7,4000,318500,9400,13100,12500,1200
CS,8,1,0.05,random,9,20260913,100,True,3,289,4,4,7100,10200,7900,13400,4800,700
CS,8,1,0.05,random,10,20260914,100,True,3,290,4,4,7100,10200,7900,13400,4600,700
SD,8,1,0.05,random,10,20260914,100,True,1,143,7,7,3900,300800,9200,13200,11000,1300
SD,8,1,0.05,random,11,20260915,100,True,1,142,7,7,4500,295600,9200,13200,6800,1200
CS,8,1,0.05,random,11,20260915,100,True,3,289,4,4,7000,10200,7900,13400,4700,700
CS,8,1,0.05,random,12,20260916,100,True,3,289,4,4,7100,10200,8100,13500,4700,700
SD,8,1,0.05,random,12,20260916,100,True,1,142,7,7,4000,347000,16800,22400,11500,2000
SD,8,1,0.05,random,13,20260917,100,True,1,143,7,7,6600,497800,15200,13700,8900,1300
CS,8,1,0.05,random,13,20260917,100,True,3,290,4,4,7000,10300,8100,13600,7500,700
CS,8,1,0.05,random,14,20260918,100,True,3,290,4,4,7200,10200,7800,13400,4600,700
SD,8,1,0.05,random,14,20260918,100,True,1,143,7,7,4000,294000,9400,13300,10900,1200
SD,8,1,0.05,random,15,20260919,100,True,1,142,7,7,4000,303600,9300,13200,6800,1200
CS,8,1,0.05,random,15,20260919,100,True,3,289,4,4,7000,10200,8000,13400,4700,700
CS,8,1,0.05,random,16,20260920,100,True,3,290,4,4,6900,10200,7800,13400,4600,700
SD,8,1,0.05,random,16,20260920,100,True,1,143,7,7,4000,307500,9700,13100,10800,1200
SD,8,1,0.05,random,17,20260921,100,True,1,143,7,7,4000,305700,18100,13300,9600,1300
CS,8,1,0.05,random,17,20260921,100,True,3,290,4,4,7000,10200,7900,13400,4700,700
CS,8,1,0.05,random,18,20260922,100,True,3,290,4,4,7000,14800,7800,13300,4600,700
SD,8,1,0.05,random,18,20260922,100,True,1,143,7,7,4000,469100,9300,13400,11100,1300
SD,8,1,0.05,random,19,20260923,100,True,1,143,7,7,4000,297600,9300,13300,17700,1300
CS,8,1,0.05,random,19,20260923,100,True,3,290,4,4,7000,10300,7800,13300,4600,700
CS,8,1,0.05,contiguous,0,20260904,100,True,3,289,4,4,7000,10000,7800,13400,7800,700
SD,8,1,0.05,contiguous,0,20260904,100,True,1,142,7,7,4000,302000,9200,12800,6800,2100
SD,8,1,0.05,contiguous,1,20260904,100,True,1,142,7,7,7400,311600,15200,16800,6800,1200
CS,8,1,0.05,contiguous,1,20260904,100,True,3,289,4,4,7000,10100,8000,13300,4700,700
CS,8,1,0.05,contiguous,2,20260904,100,True,3,289,4,4,6900,10100,8000,13400,4700,700
SD,8,1,0.05,contiguous,2,20260904,100,True,1,142,7,7,4000,296900,9200,12800,6800,1100
SD,8,1,0.05,contiguous,3,20260904,100,True,1,142,7,7,4000,299300,9200,12800,6700,1200
CS,8,1,0.05,contiguous,3,20260904,100,True,3,289,4,4,7000,10100,7800,13300,4700,700
CS,8,1,0.05,contiguous,4,20260904,100,True,3,289,4,4,7000,10100,7900,13300,4700,700
SD,8,1,0.05,contiguous,4,20260904,100,True,1,142,7,7,4000,299200,9200,12900,6800,1100
SD,8,1,0.05,contiguous,5,20260904,100,True,1,142,7,7,6000,292900,9200,12800,6800,1200
CS,8,1,0.05,contiguous,5,20260904,100,True,3,289,4,4,7000,10000,7900,22500,7900,1100
CS,8,1,0.05,contiguous,6,20260904,100,True,3,289,4,4,6900,10000,7900,13300,4700,700
SD,8,1,0.05,contiguous,6,20260904,100,True,1,142,7,7,4000,294900,9200,13500,6700,1100
SD,8,1,0.05,contiguous,7,20260904,100,True,1,142,7,7,4000,298200,9300,13000,6700,1100
CS,8,1,0.05,contiguous,7,20260904,100,True,3,289,4,4,6900,10000,7900,13300,9400,1200
CS,8,1,0.05,contiguous,8,20260904,100,True,3,289,4,4,7000,10100,13800,21900,8000,1300
SD,8,1,0.05,contiguous,8,20260904,100,True,1,142,7,7,6700,441000,18300,27300,13400,2100
SD,8,1,0.05,contiguous,9,20260904,100,True,1,142,7,7,7400,417300,9300,13300,6800,1200
CS,8,1,0.05,contiguous,9,20260904,100,True,3,289,4,4,7000,10000,8100,24500,4700,1100
CS,8,1,0.05,uniform,0,20260904,100,True,3,289,4,4,11300,16500,13200,25400,8600,1200
SD,8,1,0.05,uniform,0,20260904,100,True,1,142,7,7,6500,296800,9200,12900,6700,1100
SD,8,1,0.05,uniform,1,20260904,100,True,1,142,7,7,4000,294200,9200,12800,6800,1300
CS,8,1,0.05,uniform,1,20260904,100,True,3,289,4,4,6900,10100,7900,13300,4700,700
CS,8,1,0.05,uniform,2,20260904,100,True,3,289,4,4,7000,10000,7900,13300,4700,700
SD,8,1,0.05,uniform,2,20260904,100,True,1,142,7,7,4000,295800,9200,12900,6700,1200
SD,8,1,0.05,uniform,3,20260904,100,True,1,142,7,7,4000,296200,9200,12800,6800,1200
CS,8,1,0.05,uniform,3,20260904,100,True,3,289,4,4,7000,10000,8100,13300,4700,700
CS,8,1,0.05,uniform,4,20260904,100,True,3,289,4,4,7000,10000,7900,13500,4700,700
SD,8,1,0.05,uniform,4,20260904,100,True,1,142,7,7,7000,298700,9200,12900,6800,2000
SD,8,1,0.05,uniform,5,20260904,100,True,1,142,7,7,4300,294500,9400,12900,6700,1100
CS,8,1,0.05,uniform,5,20260904,100,True,3,289,4,4,7000,10000,8100,13300,4700,700
CS,8,1,0.05,uniform,6,20260904,100,True,3,289,4,4,7000,10200,7900,13400,4700,700
SD,8,1,0.05,uniform,6,20260904,100,True,1,142,7,7,4000,295100,9200,12900,10200,1300
SD,8,1,0.05,uniform,7,20260904,100,True,1,142,7,7,4000,296800,9300,12900,6800,1100
CS,8,1,0.05,uniform,7,20260904,100,True,3,289,4,4,10000,10800,7900,13300,4700,700
CS,8,1,0.05,uniform,8,20260904,100,True,3,289,4,4,7000,10100,8300,13300,4700,700
SD,8,1,0.05,uniform,8,20260904,100,True,1,142,7,7,4000,296100,9200,12900,6900,2900
SD,8,1,0.05,uniform,9,20260904,100,True,1,142,7,7,4000,295900,9300,12800,6700,1100
CS,8,1,0.05,uniform,9,20260904,100,True,3,289,4,4,7000,10500,7900,13500,4700,700
CS,8,1,0.05,clustered,0,20260904,100,True,3,290,4,4,7000,10200,8500,13300,4600,700
SD,8,1,0.05,clustered,0,20260904,100,True,1,143,7,7,4000,299100,9900,13100,10700,1200
SD,8,1,0.05,clustered,1,20260904,100,True,1,143,7,7,4000,304300,9200,13000,10800,1200
CS,8,1,0.05,clustered,1,20260904,100,True,3,290,4,4,6900,17200,8100,13300,4600,700
CS,8,1,0.05,clustered,2,20260904,100,True,3,290,4,4,7000,10100,7800,13300,4600,700
SD,8,1,0.05,clustered,2,20260904,100,True,1,143,7,7,4000,298000,9100,13700,10800,1200
SD,8,1,0.05,clustered,3,20260904,100,True,1,143,7,7,4000,297700,9200,13000,10700,1200
CS,8,1,0.05,clustered,3,20260904,100,True,3,290,4,4,7100,10000,7700,13400,4600,700
CS,8,1,0.05,clustered,4,20260904,100,True,3,290,4,4,7000,10000,7800,13200,4600,700
SD,8,1,0.05,clustered,4,20260904,100,True,1,143,7,7,4000,292500,9200,13000,10800,1200
SD,8,1,0.05,clustered,5,20260904,100,True,1,143,7,7,4000,309600,16000,13000,10800,1200
CS,8,1,0.05,clustered,5,20260904,100,True,3,290,4,4,6900,10100,7700,13300,4600,700
CS,8,1,0.05,clustered,6,20260904,100,True,3,290,4,4,8200,11600,7800,13300,4600,700
SD,8,1,0.05,clustered,6,20260904,100,True,1,143,7,7,4000,309000,9200,13700,10700,1700
SD,8,1,0.05,clustered,7,20260904,100,True,1,143,7,7,4300,313300,9200,15000,10800,1200
CS,8,1,0.05,clustered,7,20260904,100,True,3,290,4,4,7100,9900,7700,16500,4600,700
CS,8,1,0.05,clustered,8,20260904,100,True,3,290,4,4,6900,10000,7800,13300,4600,700
SD,8,1,0.05,clustered,8,20260904,100,True,1,143,7,7,4100,298200,9200,13000,10800,1200
SD,8,1,0.05,clustered,9,20260904,100,True,1,143,7,7,4000,297100,9200,13000,10800,1100
CS,8,1,0.05,clustered,9,20260904,100,True,3,290,4,4,6900,10300,7700,13300,4500,700
CS,8,1,0.10,random,0,20260904,100,True,3,289,4,4,7000,10100,8200,13300,4700,700
SD,8,1,0.10,random,0,20260904,100,True,1,142,7,7,4000,298100,9200,13200,6800,1200
SD,8,1,0.10,random,1,20260905,100,True,1,143,7,7,4000,294600,10000,13200,10800,1200
CS,8,1,0.10,random,1,20260905,100,True,3,290,4,4,6900,10200,7800,13400,4600,700
CS,8,1,0.10,random,2,20260906,100,True,3,290,4,4,6900,10200,7800,13800,4600,700
SD,8,1,0.10,random,2,20260906,100,True,1,143,7,7,4000,294500,9200,13300,11100,1200
SD,8,1,0.10,random,3,20260907,100,True,1,143,7,7,4000,296500,9400,13300,9000,1300
CS,8,1,0.10,random,3,20260907,100,True,3,290,4,4,6900,10400,8500,13400,4700,700
CS,8,1,0.10,random,4,20260908,100,True,3,290,4,4,6900,10200,8400,13500,4600,700
SD,8,1,0.10,random,4,20260908,100,True,1,143,7,7,4000,317600,13200,23000,9000,1300
SD,8,1,0.10,random,5,20260909,100,True,1,142,7,7,4000,305400,9300,13200,6800,1200
CS,8,1,0.10,random,5,20260909,100,True,3,289,4,4,6900,10300,8000,13400,5900,900
CS,8,1,0.10,random,6,20260910,100,True,3,289,4,4,7000,16500,8100,13400,4700,700
SD,8,1,0.10,random,6,20260910,100,True,1,142,7,7,4000,313300,9300,13100,6800,1200
SD,8,1,0.10,random,7,20260911,100,True,1,143,7,7,4000,306800,9200,13300,11000,1200
CS,8,1,0.10,random,7,20260911,100,True,3,290,4,4,7000,10300,7800,13400,4600,700
CS,8,1,0.10,random,8,20260912,100,True,3,289,4,4,6900,10800,13200,21900,4700,700
SD,8,1,0.10,random,8,20260912,100,True,1,142,7,7,4000,306700,9200,12900,6900,1200
SD,8,1,0.10,random,9,20260913,100,True,1,142,7,7,4000,293900,9400,13100,6800,1300
CS,8,1,0.10,random,9,20260913,100,True,3,289,4,4,6900,10100,7900,13300,4800,700
CS,8,1,0.10,random,10,20260914,100,True,3,290,4,4,6900,10400,7800,13300,4600,700
SD,8,1,0.10,random,10,20260914,100,True,1,143,7,7,4100,294500,9200,13200,11000,1200
SD,8,1,0.10,random,11,20260915,100,True,1,142,7,7,4000,297700,9200,13100,6800,1200
CS,8,1,0.10,random,11,20260915,100,True,3,289,4,4,7000,10200,7900,13800,4800,700
CS,8,1,0.10,random,12,20260916,100,True,3,289,4,4,6900,10200,7900,13500,4700,700
SD,8,1,0.10,random,12,20260916,100,True,1,142,7,7,4000,295600,9300,13000,6800,1200
SD,8,1,0.10,random,13,20260917,100,True,1,143,7,7,6000,299900,9300,13200,9600,1200
CS,8,1,0.10,random,13,20260917,100,True,3,290,4,4,7000,10200,7900,13400,4700,700
CS,8,1,0.10,random,14,20260918,100,True,3,290,4,4,7200,10200,7800,13400,4600,800
SD,8,1,0.10,random,14,20260918,100,True,1,143,7,7,4000,299600,9800,13000,10800,1200
SD,8,1,0.10,random,15,20260919,100,True,1,142,7,7,4000,297100,9200,13300,6700,1200
CS,8,1,0.10,random,15,20260919,100,True,3,289,4,4,7100,10100,7900,13600,4700,700
CS,8,1,0.10,random,16,20260920,100,True,3,290,4,4,7000,10100,7800,13400,4600,700
SD,8,1,0.10,random,16,20260920,100,True,1,143,7,7,4000,296600,15400,13000,10800,1200
SD,8,1,0.10,random,17,20260921,100,True,1,143,7,7,3900,302600,9400,13400,8900,1300
CS,8,1,0.10,random,17,20260921,100,True,3,290,4,4,7000,10400,7900,13300,5000,700
CS,8,1,0.10,random,18,20260922,100,True,3,290,4,4,7000,10200,7900,13400,4600,700
SD,8,1,0.10,random,18,20260922,100,True,1,143,7,7,4000,311800,10600,13700,10900,1900
SD,8,1,0.10,random,19,20260923,100,True,1,143,7,7,5900,319400,9300,13300,10900,1200
CS,8,1,0.10,random,19,20260923,100,True,3,290,4,4,7100,10300,7800,23400,8100,1100
CS,8,1,0.10,contiguous,0,20260904,100,True,3,289,4,4,11300,15900,7800,13400,4700,700
SD,8,1,0.10,contiguous,0,20260904,100,True,1,142,7,7,6600,324000,9300,12900,6700,1100
SD,8,1,0.10,contiguous,1,20260904,100,True,1,142,7,7,4000,304100,9200,13300,6700,1100
CS,8,1,0.10,contiguous,1,20260904,100,True,3,289,4,4,7200,10100,7900,13400,7000,700
CS,8,1,0.10,contiguous,2,20260904,100,True,3,289,4,4,7100,10000,7800,13400,4700,700
SD,8,1,0.10,contiguous,2,20260904,100,True,1,142,7,7,6600,293500,9800,12800,6700,1100
SD,8,1,0.10,contiguous,3,20260904,100,True,1,142,7,7,4000,292700,9200,12900,6700,1100
CS,8,1,0.10,contiguous,3,20260904,100,True,3,289,4,4,7100,9900,7800,13600,4700,700
CS,8,1,0.10,contiguous,4,20260904,100,True,3,289,4,4,7100,10200,8000,13300,4700,700
SD,8,1,0.10,contiguous,4,20260904,100,True,1,142,7,7,4000,294200,9200,12800,6800,1200
SD,8,1,0.10,contiguous,5,20260904,100,True,1,142,7,7,4000,291900,9200,13000,6700,1100
CS,8,1,0.10,contiguous,5,20260904,100,True,3,289,4,4,7100,10100,7900,13400,4700,700
CS,8,1,0.10,contiguous,6,20260904,100,True,3,289,4,4,7000,10000,7900,13400,4700,700
SD,8,1,0.10,contiguous,6,20260904,100,True,1,142,7,7,5400,294700,10500,12800,6700,1100
SD,8,1,0.10,contiguous,7,20260904,100,True,1,142,7,7,4000,310500,9200,12800,6800,1100
CS,8,1,0.10,contiguous,7,20260904,100,True,3,289,4,4,7100,10100,7800,13300,4700,700
CS,8,1,0.10,contiguous,8,20260904,100,True,3,289,4,4,7000,10000,8900,13300,4700,700
SD,8,1,0.10,contiguous,8,20260904,100,True,1,142,7,7,4000,304500,9200,13100,6700,1100
SD,8,1,0.10,contiguous,9,20260904,100,True,1,142,7,7,4000,298200,9200,13800,6700,1100
CS,8,1,0.10,contiguous,9,20260904,100,True,3,289,4,4,7100,10100,7900,13400,4700,700
CS,8,1,0.10,uniform,0,20260904,100,True,3,289,4,4,7000,10000,7800,13400,4700,700
SD,8,1,0.10,uniform,0,20260904,100,True,1,142,7,7,4000,298100,9300,12800,6700,1100
SD,8,1,0.10,uniform,1,20260904,100,True,1,142,7,7,4000,298000,9400,12800,6700,1100
CS,8,1,0.10,uniform,1,20260904,100,True,3,289,4,4,7100,10200,7900,13300,9700,1300
CS,8,1,0.10,uniform,2,20260904,100,True,3,289,4,4,7000,10000,7800,13500,4700,700
SD,8,1,0.10,uniform,2,20260904,100,True,1,142,7,7,4000,297600,9300,12900,6700,1100
SD,8,1,0.10,uniform,3,20260904,100,True,1,142,7,7,4000,297500,9400,12700,6700,1100
CS,8,1,0.10,uniform,3,20260904,100,True,3,289,4,4,7000,11100,7900,13300,4700,700
CS,8,1,0.10,uniform,4,20260904,100,True,3,289,4,4,7000,10000,8000,13500,4800,700
SD,8,1,0.10,uniform,4,20260904,100,True,1,142,7,7,4000,303400,9300,12900,6700,1100
SD,8,1,0.10,uniform,5,20260904,100,True,1,142,7,7,4100,298900,9300,12900,6700,1100
CS,8,1,0.10,uniform,5,20260904,100,True,3,289,4,4,7100,10100,8200,13300,4700,700
CS,8,1,0.10,uniform,6,20260904,100,True,3,289,4,4,7000,10000,7800,13500,4800,700
SD,8,1,0.10,uniform,6,20260904,100,True,1,142,7,7,4000,296600,9200,12800,6700,1100
SD,8,1,0.10,uniform,7,20260904,100,True,1,142,7,7,4000,292900,9200,12900,6700,1100
CS,8,1,0.10,uniform,7,20260904,100,True,3,289,4,4,8400,10700,13300,23400,8200,1200
CS,8,1,0.10,uniform,8,20260904,100,True,3,289,4,4,11300,17300,13800,23100,8300,1200
SD,8,1,0.10,uniform,8,20260904,100,True,1,142,7,7,6800,300500,9200,12800,6700,1100
SD,8,1,0.10,uniform,9,20260904,100,True,1,142,7,7,4000,290000,9200,12800,6700,1100
CS,8,1,0.10,uniform,9,20260904,100,True,3,289,4,4,7200,10000,7900,13400,4700,700
CS,8,1,0.10,clustered,0,20260904,100,True,3,290,4,4,7100,10200,7700,13400,4600,700
SD,8,1,0.10,clustered,0,20260904,100,True,1,143,7,7,4000,289600,18100,13000,10700,1200
SD,8,1,0.10,clustered,1,20260904,100,True,1,143,7,7,4000,291600,9200,13100,10800,1100
CS,8,1,0.10,clustered,1,20260904,100,True,3,290,4,4,7000,10100,7700,13400,4600,700
CS,8,1,0.10,clustered,2,20260904,100,True,3,290,4,4,7000,10100,7600,13300,4600,700
SD,8,1,0.10,clustered,2,20260904,100,True,1,143,7,7,3900,294400,9200,13000,10700,1200
SD,8,1,0.10,clustered,3,20260904,100,True,1,143,7,7,4000,295700,12000,12900,10700,1200
CS,8,1,0.10,clustered,3,20260904,100,True,3,290,4,4,7100,10100,15700,13300,4600,700
CS,8,1,0.10,clustered,4,20260904,100,True,3,290,4,4,7100,10100,7700,13500,4600,1200
SD,8,1,0.10,clustered,4,20260904,100,True,1,143,7,7,4000,296400,9200,13100,10800,1200
SD,8,1,0.10,clustered,5,20260904,100,True,1,143,7,7,7100,295600,9100,13100,10700,1200
CS,8,1,0.10,clustered,5,20260904,100,True,3,290,4,4,7100,10200,7800,13300,4600,700
CS,8,1,0.10,clustered,6,20260904,100,True,3,290,4,4,7000,10000,7800,13400,4600,700
SD,8,1,0.10,clustered,6,20260904,100,True,1,143,7,7,4000,298300,9700,13000,10800,1200
SD,8,1,0.10,clustered,7,20260904,100,True,1,143,7,7,4000,294100,9900,12900,10700,1200
CS,8,1,0.10,clustered,7,20260904,100,True,3,290,4,4,7000,9900,7800,13300,4600,700
CS,8,1,0.10,clustered,8,20260904,100,True,3,290,4,4,7000,10000,7700,13300,7700,700
SD,8,1,0.10,clustered,8,20260904,100,True,1,143,7,7,4000,297800,9100,13000,10700,1200
SD,8,1,0.10,clustered,9,20260904,100,True,1,143,7,7,4000,294000,9100,13100,10800,1200
CS,8,1,0.10,clustered,9,20260904,100,True,3,290,4,4,7100,10000,7700,13400,7600,700
CS,8,2,0.25,random,0,20260904,100,True,4,377,4,4,7000,10100,12200,17400,4700,800
SD,8,2,0.25,random,0,20260904,100,True,2,258,7,7,4000,297300,14500,21300,6500,1500
SD,8,2,0.25,random,1,20260905,100,True,2,258,7,7,4000,297600,14800,21000,6400,1500
CS,8,2,0.25,random,1,20260905,100,True,4,377,4,4,7100,11200,12100,17400,4700,800
CS,8,2,0.25,random,2,20260906,100,True,4,378,4,4,7000,15000,12200,17400,4600,800
SD,8,2,0.25,random,2,20260906,100,True,2,259,7,7,4000,297800,30100,21200,8700,1600
SD,8,2,0.25,random,3,20260907,100,True,3,373,7,7,7600,295600,12500,24900,11500,2200
CS,8,2,0.25,random,3,20260907,100,True,3,290,4,4,7000,10300,10600,13400,4700,700
CS,8,2,0.25,random,4,20260908,100,True,4,378,4,4,6900,10200,12400,17500,4600,700
SD,8,2,0.25,random,4,20260908,100,True,2,259,7,7,4000,298000,14300,21300,9400,1600
SD,8,2,0.25,random,5,20260909,100,True,1,142,7,7,4000,295000,9800,10700,6500,1100
CS,8,2,0.25,random,5,20260909,100,True,2,202,4,4,7000,10200,8800,9400,4600,700
CS,8,2,0.25,random,6,20260910,100,True,3,290,4,4,7000,10200,10600,13700,4800,700
SD,8,2,0.25,random,6,20260910,100,True,3,373,7,7,4000,295700,12500,24600,7000,2200
SD,8,2,0.25,random,7,20260911,100,True,2,258,7,7,4000,296000,14300,21500,6400,1500
CS,8,2,0.25,random,7,20260911,100,True,4,377,4,4,7000,10200,12300,17400,4700,800
CS,8,2,0.25,random,8,20260912,100,True,4,377,4,4,7000,10200,12200,17400,9000,800
SD,8,2,0.25,random,8,20260912,100,True,2,258,7,7,4000,294000,14400,21000,6500,1500
SD,8,2,0.25,random,9,20260913,100,True,2,258,7,7,4000,295000,14400,21200,6600,1500
CS,8,2,0.25,random,9,20260913,100,True,4,377,4,4,7000,10200,12200,17500,4700,700
CS,8,2,0.25,random,10,20260914,100,True,3,291,4,4,7100,10200,10600,13700,4600,700
SD,8,2,0.25,random,10,20260914,100,True,3,374,7,7,3900,295800,12000,25000,6400,2200
SD,8,2,0.25,random,11,20260915,100,True,2,258,7,7,4000,298200,14600,21400,6400,1500
CS,8,2,0.25,random,11,20260915,100,True,4,377,4,4,7000,10300,12300,17600,4700,800
CS,8,2,0.25,random,12,20260916,100,True,4,377,4,4,7000,10300,12300,17800,4600,700
SD,8,2,0.25,random,12,20260916,100,True,2,258,7,7,3900,297900,14300,21100,10800,2600
SD,8,2,0.25,random,13,20260917,100,True,2,259,7,7,6800,296900,14400,21400,8600,1500
CS,8,2,0.25,random,13,20260917,100,True,4,378,4,4,7000,10300,12700,17500,8100,800
CS,8,2,0.25,random,14,20260918,100,True,3,291,4,4,7000,10200,10600,13400,4600,700
SD,8,2,0.25,random,14,20260918,100,True,3,374,7,7,4000,294300,12600,34700,6400,2200
SD,8,2,0.25,random,15,20260919,100,True,2,258,7,7,4100,295400,14800,21200,6400,1500
CS,8,2,0.25,random,15,20260919,100,True,4,377,4,4,7000,10200,12300,17400,4700,700
CS,8,2,0.25,random,16,20260920,100,True,4,377,4,4,6900,10200,12500,17400,4700,700
SD,8,2,0.25,random,16,20260920,100,True,2,258,7,7,4000,296600,14300,25900,6500,1500
SD,8,2,0.25,random,17,20260921,100,True,3,373,7,7,4000,298800,12200,24700,7000,2100
CS,8,2,0.25,random,17,20260921,100,True,3,290,4,4,7100,10200,10700,13300,9600,1300
CS,8,2,0.25,random,18,20260922,100,True,4,377,4,4,7000,10100,12200,17400,4700,800
SD,8,2,0.25,random,18,20260922,100,True,2,258,7,7,6800,295600,15200,21000,6400,1500
SD,8,2,0.25,random,19,20260923,100,True,2,258,7,7,3900,297800,14600,21300,6500,1500
CS,8,2,0.25,random,19,20260923,100,True,4,377,4,4,6900,17000,12300,17400,4700,800
CS,8,2,0.25,contiguous,0,20260904,100,True,2,202,4,4,6900,10300,8700,9200,4700,700
SD,8,2,0.25,contiguous,0,20260904,100,True,1,142,7,7,4000,297900,9600,10700,6500,1900
SD,8,2,0.25,contiguous,1,20260904,100,True,1,142,7,7,4000,293800,9900,10600,6500,1000
CS,8,2,0.25,contiguous,1,20260904,100,True,2,202,4,4,7000,10000,8800,9600,4600,600
CS,8,2,0.25,contiguous,2,20260904,100,True,2,202,4,4,6900,9800,8700,9300,4700,1700
SD,8,2,0.25,contiguous,2,20260904,100,True,1,142,7,7,4000,297000,9700,10600,6500,1000
SD,8,2,0.25,contiguous,3,20260904,100,True,1,142,7,7,4000,298500,11800,10600,6500,1000
CS,8,2,0.25,contiguous,3,20260904,100,True,2,202,4,4,6900,10000,8800,9600,4600,700
CS,8,2,0.25,contiguous,4,20260904,100,True,2,202,4,4,7000,10000,8700,9200,4700,1100
SD,8,2,0.25,contiguous,4,20260904,100,True,1,142,7,7,7100,296600,9600,10500,6500,1000
SD,8,2,0.25,contiguous,5,20260904,100,True,1,142,7,7,4000,297100,9700,10600,6500,1000
CS,8,2,0.25,contiguous,5,20260904,100,True,2,202,4,4,6900,10000,8700,9300,8500,1100
CS,8,2,0.25,contiguous,6,20260904,100,True,2,202,4,4,7400,16200,9100,9200,5900,900
SD,8,2,0.25,contiguous,6,20260904,100,True,1,142,7,7,5000,296400,9600,10600,6500,1000
SD,8,2,0.25,contiguous,7,20260904,100,True,1,142,7,7,4000,294800,10000,10500,6500,1000
CS,8,2,0.25,contiguous,7,20260904,100,True,2,202,4,4,7000,10000,9000,9500,4600,600
CS,8,2,0.25,contiguous,8,20260904,100,True,2,202,4,4,7000,9900,8700,9200,4700,700
SD,8,2,0.25,contiguous,8,20260904,100,True,1,142,7,7,4100,299500,9700,10600,6700,1000
SD,8,2,0.25,contiguous,9,20260904,100,True,1,142,7,7,4000,295700,9700,10600,6500,1000
CS,8,2,0.25,contiguous,9,20260904,100,True,2,202,4,4,6900,10100,9100,9200,4600,700
CS,8,2,0.25,uniform,0,20260904,100,True,4,377,4,4,7000,10100,12400,17300,4700,800
SD,8,2,0.25,uniform,0,20260904,100,True,2,258,7,7,4000,297300,14400,20900,6400,1400
SD,8,2,0.25,uniform,1,20260904,100,True,2,258,7,7,4000,296200,14700,21100,6500,1400
CS,8,2,0.25,uniform,1,20260904,100,True,4,377,4,4,6900,10100,12800,17300,4700,700
CS,8,2,0.25,uniform,2,20260904,100,True,4,377,4,4,7000,10100,13000,17300,4700,800
SD,8,2,0.25,uniform,2,20260904,100,True,2,258,7,7,4000,298800,14500,21100,6400,1400
SD,8,2,0.25,uniform,3,20260904,100,True,2,258,7,7,4000,296000,15300,21000,6400,1400
CS,8,2,0.25,uniform,3,20260904,100,True,4,377,4,4,7000,10100,12900,17300,4700,700
CS,8,2,0.25,uniform,4,20260904,100,True,4,377,4,4,6900,10100,12600,17300,4700,700
SD,8,2,0.25,uniform,4,20260904,100,True,2,258,7,7,3900,299700,14300,21200,6400,1400
SD,8,2,0.25,uniform,5,20260904,100,True,2,258,7,7,4000,308200,14300,21000,6500,1400
CS,8,2,0.25,uniform,5,20260904,100,True,4,377,4,4,6900,10000,12200,17400,14000,1500
CS,8,2,0.25,uniform,6,20260904,100,True,4,377,4,4,6900,10000,12200,17400,4700,800
SD,8,2,0.25,uniform,6,20260904,100,True,2,258,7,7,4000,294500,14800,20900,6400,1500
SD,8,2,0.25,uniform,7,20260904,100,True,2,258,7,7,4000,292700,14300,21200,6400,1500
CS,8,2,0.25,uniform,7,20260904,100,True,4,377,4,4,6900,10000,12200,17400,4700,800
CS,8,2,0.25,uniform,8,20260904,100,True,4,377,4,4,7000,9900,12200,17300,4800,800
SD,8,2,0.25,uniform,8,20260904,100,True,2,258,7,7,4000,293700,14300,21000,11400,2500
SD,8,2,0.25,uniform,9,20260904,100,True,2,258,7,7,4000,298000,14300,21100,6500,3300
CS,8,2,0.25,uniform,9,20260904,100,True,4,377,4,4,8900,9900,12300,17300,4800,1300
CS,8,2,0.25,clustered,0,20260904,100,True,2,202,4,4,7000,10000,8700,9200,4600,700
SD,8,2,0.25,clustered,0,20260904,100,True,1,142,7,7,4000,295400,10600,10900,8500,1100
SD,8,2,0.25,clustered,1,20260904,100,True,1,142,7,7,4000,297200,9700,11000,8600,1100
CS,8,2,0.25,clustered,1,20260904,100,True,2,202,4,4,7000,10000,8600,9300,4600,700
CS,8,2,0.25,clustered,2,20260904,100,True,2,202,4,4,12000,10100,8900,9300,4600,700
SD,8,2,0.25,clustered,2,20260904,100,True,1,142,7,7,4000,297400,9700,10800,16300,1100
SD,8,2,0.25,clustered,3,20260904,100,True,1,142,7,7,4100,302100,9500,22400,8600,1100
CS,8,2,0.25,clustered,3,20260904,100,True,2,202,4,4,6900,10100,10200,9400,4600,600
CS,8,2,0.25,clustered,4,20260904,100,True,2,202,4,4,6900,10000,8600,9500,4700,600
SD,8,2,0.25,clustered,4,20260904,100,True,1,142,7,7,4100,296300,9600,10800,9000,1100
SD,8,2,0.25,clustered,5,20260904,100,True,1,142,7,7,3900,296800,9500,10700,8600,1100
CS,8,2,0.25,clustered,5,20260904,100,True,2,202,4,4,7000,10000,16400,9200,4600,700
CS,8,2,0.25,clustered,6,20260904,100,True,2,202,4,4,6900,10100,8700,9700,4600,600
SD,8,2,0.25,clustered,6,20260904,100,True,1,142,7,7,4000,298500,10200,10700,15000,1100
SD,8,2,0.25,clustered,7,20260904,100,True,1,142,7,7,4000,296600,9600,10700,8600,1100
CS,8,2,0.25,clustered,7,20260904,100,True,2,202,4,4,7000,10100,9200,9300,4600,700
CS,8,2,0.25,clustered,8,20260904,100,True,2,202,4,4,7000,9900,8700,9300,4600,700
SD,8,2,0.25,clustered,8,20260904,100,True,1,142,7,7,3900,301500,9600,10800,8700,1100
SD,8,2,0.25,clustered,9,20260904,100,True,1,142,7,7,6600,294500,9600,10700,8600,1000
CS,8,2,0.25,clustered,9,20260904,100,True,2,202,4,4,7000,10000,10100,9300,4600,600
CS,8,4,0.50,random,0,20260904,100,True,3,290,4,4,6900,10200,23100,13400,4600,700
SD,8,4,0.50,random,0,20260904,100,True,2,258,7,7,4000,584700,34000,40200,13400,2600
SD,8,4,0.50,random,1,20260905,100,True,2,258,7,7,7600,304000,17400,18900,6400,1500
CS,8,4,0.50,random,1,20260905,100,True,3,290,4,4,7000,10100,15700,13400,4700,700
CS,8,4,0.50,random,2,20260906,100,True,2,202,4,4,6900,10200,13800,9300,4600,600
SD,8,4,0.50,random,2,20260906,100,True,2,257,7,7,4000,297100,14900,16800,6300,1500
SD,8,4,0.50,random,3,20260907,100,True,3,373,7,7,4000,293400,17400,24900,6800,1900
CS,8,4,0.50,random,3,20260907,100,True,3,290,4,4,7000,10200,15700,13400,4700,700
CS,8,4,0.50,random,4,20260908,100,True,3,290,4,4,7000,10200,15800,13400,4600,700
SD,8,4,0.50,random,4,20260908,100,True,2,258,7,7,4000,296700,17300,19200,6800,1500
SD,8,4,0.50,random,5,20260909,100,True,3,374,7,7,4000,297000,17700,24700,6300,2000
CS,8,4,0.50,random,5,20260909,100,True,3,291,4,4,7000,15400,15600,13600,4600,700
CS,8,4,0.50,random,6,20260910,100,True,3,291,4,4,6900,10200,15600,13300,4600,700
SD,8,4,0.50,random,6,20260910,100,True,2,259,7,7,4000,304300,17400,19200,6800,1300
SD,8,4,0.50,random,7,20260911,100,True,4,490,7,7,4000,298100,19600,33100,6200,2400
CS,8,4,0.50,random,7,20260911,100,True,4,379,4,4,7000,10200,17600,17400,4600,800
CS,8,4,0.50,random,8,20260912,100,True,3,291,4,4,7000,10200,15600,13400,4600,700
SD,8,4,0.50,random,8,20260912,100,True,2,259,7,7,4000,296800,17400,19300,6700,1300
SD,8,4,0.50,random,9,20260913,100,True,2,258,7,7,4000,302200,18000,19100,6500,1500
CS,8,4,0.50,random,9,20260913,100,True,3,290,4,4,7000,10300,15500,13700,4700,700
CS,8,4,0.50,random,10,20260914,100,True,3,291,4,4,12200,10400,15700,13400,4600,1200
SD,8,4,0.50,random,10,20260914,100,True,2,259,7,7,4000,300300,17100,19100,8700,1600
SD,8,4,0.50,random,11,20260915,100,True,3,374,7,7,4000,297300,17300,25400,6200,1900
CS,8,4,0.50,random,11,20260915,100,True,3,291,4,4,6900,10200,15700,13500,4700,700
CS,8,4,0.50,random,12,20260916,100,True,3,291,4,4,7000,10300,15700,13400,4700,700
SD,8,4,0.50,random,12,20260916,100,True,2,259,7,7,4000,301900,17500,18900,6800,1300
SD,8,4,0.50,random,13,20260917,100,True,2,259,7,7,4000,295800,17300,19100,8500,1500
CS,8,4,0.50,random,13,20260917,100,True,3,291,4,4,7000,10200,16100,13300,4600,700
CS,8,4,0.50,random,14,20260918,100,True,3,290,4,4,7000,10200,16200,13400,4600,700
SD,8,4,0.50,random,14,20260918,100,True,2,258,7,7,4000,299200,17100,19000,6500,1500
SD,8,4,0.50,random,15,20260919,100,True,3,373,7,7,4000,298400,17400,24900,6800,1900
CS,8,4,0.50,random,15,20260919,100,True,3,290,4,4,7000,10200,15700,13400,4700,1100
CS,8,4,0.50,random,16,20260920,100,True,3,290,4,4,7200,10200,15500,13500,4600,700
SD,8,4,0.50,random,16,20260920,100,True,3,373,7,7,4000,296400,17200,24800,7100,2000
SD,8,4,0.50,random,17,20260921,100,True,2,259,7,7,4000,293000,17500,19100,6800,1300
CS,8,4,0.50,random,17,20260921,100,True,3,291,4,4,7000,10200,16300,13300,4700,700
CS,8,4,0.50,random,18,20260922,100,True,3,290,4,4,7000,10200,15900,13300,4600,700
SD,8,4,0.50,random,18,20260922,100,True,2,258,7,7,4000,294500,17200,18700,6500,1700
SD,8,4,0.50,random,19,20260923,100,True,4,490,7,7,4000,291900,19900,33000,6200,2400
CS,8,4,0.50,random,19,20260923,100,True,4,379,4,4,7100,10200,17200,17400,4600,800
CS,8,4,0.50,contiguous,0,20260904,100,True,1,115,4,4,7000,10000,13300,5100,6700,600
SD,8,4,0.50,contiguous,0,20260904,100,True,1,142,7,7,4100,293700,12500,8400,6400,1200
SD,8,4,0.50,contiguous,1,20260904,100,True,1,142,7,7,4000,294600,12500,8400,6400,1000
CS,8,4,0.50,contiguous,1,20260904,100,True,1,115,4,4,7000,10100,12000,5100,4500,600
CS,8,4,0.50,contiguous,2,20260904,100,True,1,115,4,4,7000,10000,12000,9500,4600,600
SD,8,4,0.50,contiguous,2,20260904,100,True,1,142,7,7,4000,295600,12500,8400,6300,1000
SD,8,4,0.50,contiguous,3,20260904,100,True,1,142,7,7,8400,298400,12600,8400,6300,1000
CS,8,4,0.50,contiguous,3,20260904,100,True,1,115,4,4,7000,10000,12500,5100,4600,600
CS,8,4,0.50,contiguous,4,20260904,100,True,1,115,4,4,7000,10100,12100,5600,4600,600
SD,8,4,0.50,contiguous,4,20260904,100,True,1,142,7,7,4000,297600,12500,8400,6300,1000
SD,8,4,0.50,contiguous,5,20260904,100,True,1,142,7,7,4300,298600,12500,8400,6300,1000
CS,8,4,0.50,contiguous,5,20260904,100,True,1,115,4,4,7000,10100,12500,5100,4600,600
CS,8,4,0.50,contiguous,6,20260904,100,True,1,115,4,4,7000,9900,12000,5100,4600,600
SD,8,4,0.50,contiguous,6,20260904,100,True,1,142,7,7,4000,291400,12700,8400,6300,1000
SD,8,4,0.50,contiguous,7,20260904,100,True,1,142,7,7,4000,294200,12600,10700,6300,1700
CS,8,4,0.50,contiguous,7,20260904,100,True,1,115,4,4,7100,9900,12100,5100,4600,600
CS,8,4,0.50,contiguous,8,20260904,100,True,1,115,4,4,7100,10100,12100,5100,4600,600
SD,8,4,0.50,contiguous,8,20260904,100,True,1,142,7,7,4000,299300,12500,8400,6300,1000
SD,8,4,0.50,contiguous,9,20260904,100,True,1,142,7,7,4000,295500,12500,8400,6400,1000
CS,8,4,0.50,contiguous,9,20260904,100,True,1,115,4,4,12100,9900,12000,5100,4600,600
CS,8,4,0.50,uniform,0,20260904,100,True,4,379,4,4,7100,10000,17600,17300,4600,700
SD,8,4,0.50,uniform,0,20260904,100,True,4,490,7,7,4000,306400,19600,32600,6100,2300
SD,8,4,0.50,uniform,1,20260904,100,True,4,490,7,7,4000,297400,19600,32700,6200,2400
CS,8,4,0.50,uniform,1,20260904,100,True,4,379,4,4,7000,10000,17700,17300,4600,800
CS,8,4,0.50,uniform,2,20260904,100,True,4,379,4,4,7000,10000,17800,17300,4600,800
SD,8,4,0.50,uniform,2,20260904,100,True,4,490,7,7,4000,296500,19400,32700,6200,2400
SD,8,4,0.50,uniform,3,20260904,100,True,4,490,7,7,4000,294000,19500,32600,6200,2400
CS,8,4,0.50,uniform,3,20260904,100,True,4,379,4,4,7000,10300,17500,17400,4500,800
CS,8,4,0.50,uniform,4,20260904,100,True,4,379,4,4,7000,11400,17500,17300,4600,800
SD,8,4,0.50,uniform,4,20260904,100,True,4,490,7,7,4000,296400,20500,32500,6200,2400
SD,8,4,0.50,uniform,5,20260904,100,True,4,490,7,7,4000,297600,19600,32900,6200,2300
CS,8,4,0.50,uniform,5,20260904,100,True,4,379,4,4,7000,10000,17200,17600,4600,800
CS,8,4,0.50,uniform,6,20260904,100,True,4,379,4,4,7000,10000,17300,17600,4500,1200
SD,8,4,0.50,uniform,6,20260904,100,True,4,490,7,7,4200,297600,19800,32600,6100,2400
SD,8,4,0.50,uniform,7,20260904,100,True,4,490,7,7,4000,300300,20600,32700,6200,4100
CS,8,4,0.50,uniform,7,20260904,100,True,4,379,4,4,8000,9900,17200,17300,4800,800
CS,8,4,0.50,uniform,8,20260904,100,True,4,379,4,4,13500,10800,17200,17800,4600,800
SD,8,4,0.50,uniform,8,20260904,100,True,4,490,7,7,4000,297600,19600,32800,6200,2400
SD,8,4,0.50,uniform,9,20260904,100,True,4,490,7,7,4000,292900,20200,32500,6200,2400
CS,8,4,0.50,uniform,9,20260904,100,True,4,379,4,4,7000,10000,17500,17300,4600,700
CS,8,4,0.50,clustered,0,20260904,100,True,1,115,4,4,7000,10100,11900,5100,4600,600
SD,8,4,0.50,clustered,0,20260904,100,True,1,142,7,7,4000,293700,12500,8600,6300,1000
SD,8,4,0.50,clustered,1,20260904,100,True,1,142,7,7,5500,296000,12600,8500,6300,1000
CS,8,4,0.50,clustered,1,20260904,100,True,1,115,4,4,7100,10100,12100,5200,4500,600
CS,8,4,0.50,clustered,2,20260904,100,True,1,115,4,4,7000,10400,11800,5100,4600,1100
SD,8,4,0.50,clustered,2,20260904,100,True,1,142,7,7,6500,294100,12400,8500,6300,1000
SD,8,4,0.50,clustered,3,20260904,100,True,1,142,7,7,3900,297600,12400,8600,6300,1000
CS,8,4,0.50,clustered,3,20260904,100,True,1,115,4,4,7100,10100,12100,5100,4600,600
CS,8,4,0.50,clustered,4,20260904,100,True,1,115,4,4,7100,10000,12000,5200,8200,600
SD,8,4,0.50,clustered,4,20260904,100,True,1,142,7,7,4000,294700,12500,8600,6300,1000
SD,8,4,0.50,clustered,5,20260904,100,True,1,142,7,7,4000,295400,12400,8500,6400,1000
CS,8,4,0.50,clustered,5,20260904,100,True,1,115,4,4,7100,10100,12000,5100,4600,600
CS,8,4,0.50,clustered,6,20260904,100,True,1,115,4,4,7000,10000,11900,5200,4800,600
SD,8,4,0.50,clustered,6,20260904,100,True,1,142,7,7,4000,296300,12500,8600,6300,1000
SD,8,4,0.50,clustered,7,20260904,100,True,1,142,7,7,4000,304700,14700,8600,6300,1000
CS,8,4,0.50,clustered,7,20260904,100,True,1,115,4,4,7000,10000,11900,5200,4600,600
CS,8,4,0.50,clustered,8,20260904,100,True,1,115,4,4,7000,9900,12100,6400,4600,600
SD,8,4,0.50,clustered,8,20260904,100,True,1,142,7,7,4000,293900,12400,8600,6300,1000
SD,8,4,0.50,clustered,9,20260904,100,True,1,142,7,7,3900,296800,12600,8500,6400,1000
CS,8,4,0.50,clustered,9,20260904,100,True,1,115,4,4,7000,10100,12300,5100,4600,600
CS,16,0,zero,random,0,20260904,100,True,1,115,5,5,13100,22300,400,5200,4600,
SD,16,0,zero,random,0,20260904,100,True,1,145,11,11,7100,1108700,500,6300,4400,
SD,16,0,zero,random,1,20260905,100,True,1,145,11,11,7200,1105500,400,6300,7400,
CS,16,0,zero,random,1,20260905,100,True,1,115,5,5,13100,21700,400,5100,4600,
CS,16,0,zero,random,2,20260906,100,True,1,115,5,5,13200,22000,400,5200,4700,
SD,16,0,zero,random,2,20260906,100,True,1,145,11,11,7100,1127100,400,6300,4400,
SD,16,0,zero,random,3,20260907,100,True,1,145,11,11,7100,1110200,400,6300,6500,
CS,16,0,zero,random,3,20260907,100,True,1,115,5,5,13100,21800,400,5100,4600,
CS,16,0,zero,random,4,20260908,100,True,1,115,5,5,13200,22200,400,5100,4600,
SD,16,0,zero,random,4,20260908,100,True,1,145,11,11,7200,1098300,700,10500,4400,
SD,16,0,zero,random,5,20260909,100,True,1,145,11,11,7100,1109200,800,6300,4300,
CS,16,0,zero,random,5,20260909,100,True,1,115,5,5,13200,22000,400,5100,4600,
CS,16,0,zero,random,6,20260910,100,True,1,115,5,5,14200,22100,400,5100,4600,
SD,16,0,zero,random,6,20260910,100,True,1,145,11,11,7100,1111900,400,6200,4400,
SD,16,0,zero,random,7,20260911,100,True,1,145,11,11,7100,1109100,400,11000,4400,
CS,16,0,zero,random,7,20260911,100,True,1,115,5,5,13100,22000,400,5100,4600,
CS,16,0,zero,random,8,20260912,100,True,1,115,5,5,13100,22100,400,5100,4600,
SD,16,0,zero,random,8,20260912,100,True,1,145,11,11,11700,1110600,400,6300,4400,
SD,16,0,zero,random,9,20260913,100,True,1,145,11,11,7100,1104100,400,6300,4300,
CS,16,0,zero,random,9,20260913,100,True,1,115,5,5,13100,22300,400,5100,4600,
CS,16,0,zero,random,10,20260914,100,True,1,115,5,5,13100,22300,400,5100,4600,
SD,16,0,zero,random,10,20260914,100,True,1,145,11,11,7200,1124600,400,6300,4400,
SD,16,0,zero,random,11,20260915,100,True,1,145,11,11,7100,1105800,400,6300,4400,
CS,16,0,zero,random,11,20260915,100,True,1,115,5,5,13200,22100,400,5100,4600,
CS,16,0,zero,random,12,20260916,100,True,1,115,5,5,13100,22400,400,5100,4600,
SD,16,0,zero,random,12,20260916,100,True,1,145,11,11,7200,1105000,400,6200,4400,
SD,16,0,zero,random,13,20260917,100,True,1,145,11,11,7200,1107300,800,10400,7200,
CS,16,0,zero,random,13,20260917,100,True,1,115,5,5,13100,21800,400,5100,4600,
CS,16,0,zero,random,14,20260918,100,True,1,115,5,5,13100,22200,400,5100,4600,
SD,16,0,zero,random,14,20260918,100,True,1,145,11,11,7100,1111100,400,6300,4300,
SD,16,0,zero,random,15,20260919,100,True,1,145,11,11,7100,1128500,500,6300,4400,
CS,16,0,zero,random,15,20260919,100,True,1,115,5,5,13000,22000,400,5200,4600,
CS,16,0,zero,random,16,20260920,100,True,1,115,5,5,22400,39100,700,9300,8300,
SD,16,0,zero,random,16,20260920,100,True,1,145,11,11,12400,1088000,400,6300,4400,
SD,16,0,zero,random,17,20260921,100,True,1,145,11,11,7100,1375600,400,6300,8900,
CS,16,0,zero,random,17,20260921,100,True,1,115,5,5,23600,22800,600,8000,4600,
CS,16,0,zero,random,18,20260922,100,True,1,115,5,5,13200,23300,700,6000,4900,
SD,16,0,zero,random,18,20260922,100,True,1,145,11,11,7200,1358800,500,11500,4300,
SD,16,0,zero,random,19,20260923,100,True,1,145,11,11,7100,1259400,400,6300,4300,
CS,16,0,zero,random,19,20260923,100,True,1,115,5,5,13100,22000,400,5100,4600,
CS,16,1,single,random,0,20260904,100,True,4,377,5,5,13100,22200,9900,17500,4700,800
SD,16,1,single,random,0,20260904,100,True,1,143,11,11,7100,1085900,11800,15500,9400,1700
SD,16,1,single,random,1,20260905,100,True,1,143,11,11,7200,1094700,11600,15300,13200,1600
CS,16,1,single,random,1,20260905,100,True,4,378,5,5,13200,22200,9800,17500,4600,700
CS,16,1,single,random,2,20260906,100,True,4,378,5,5,13000,22300,9700,17700,4600,1300
SD,16,1,single,random,2,20260906,100,True,1,143,11,11,12200,1105200,19000,29500,13700,1700
SD,16,1,single,random,3,20260907,100,True,1,143,11,11,7100,1681900,12100,27200,11700,1700
CS,16,1,single,random,3,20260907,100,True,4,378,5,5,13100,22100,9800,17400,4600,800
CS,16,1,single,random,4,20260908,100,True,4,378,5,5,13100,24000,9700,17500,4600,700
SD,16,1,single,random,4,20260908,100,True,1,143,11,11,7200,1090100,11700,15700,11600,1700
SD,16,1,single,random,5,20260909,100,True,1,143,11,11,7200,1100100,11800,15200,9300,1600
CS,16,1,single,random,5,20260909,100,True,4,377,5,5,13100,22500,20100,17300,4700,700
CS,16,1,single,random,6,20260910,100,True,4,377,5,5,13200,22100,9700,17500,4900,800
SD,16,1,single,random,6,20260910,100,True,1,143,11,11,7100,1107700,11900,15500,9400,1700
SD,16,1,single,random,7,20260911,100,True,1,143,11,11,7100,1115700,11600,15900,13400,1700
CS,16,1,single,random,7,20260911,100,True,4,378,5,5,13100,22000,9800,17400,4600,800
CS,16,1,single,random,8,20260912,100,True,4,377,5,5,13100,22200,9700,17400,4700,800
SD,16,1,single,random,8,20260912,100,True,1,143,11,11,10600,1105700,12500,15400,8900,1600
SD,16,1,single,random,9,20260913,100,True,1,143,11,11,10300,1170500,11800,15500,9400,1900
CS,16,1,single,random,9,20260913,100,True,4,377,5,5,20600,37200,10100,17500,6900,1300
CS,16,1,single,random,10,20260914,100,True,4,378,5,5,20500,22300,9700,17800,4600,700
SD,16,1,single,random,10,20260914,100,True,1,143,11,11,7200,1343200,11800,16300,13600,2700
SD,16,1,single,random,11,20260915,100,True,1,143,11,11,7300,1286600,12500,15900,9400,1600
CS,16,1,single,random,11,20260915,100,True,4,377,5,5,13300,22100,9800,17500,4700,800
CS,16,1,single,random,12,20260916,100,True,4,377,5,5,13200,35500,10800,31200,7900,1200
SD,16,1,single,random,12,20260916,100,True,1,143,11,11,12100,1204600,11900,15300,7200,1600
SD,16,1,single,random,13,20260917,100,True,1,143,11,11,7200,1118100,12000,15400,11200,1600
CS,16,1,single,random,13,20260917,100,True,4,378,5,5,13100,22200,9700,17700,4700,1200
CS,16,1,single,random,14,20260918,100,True,4,378,5,5,19000,22000,9800,17500,4600,800
SD,16,1,single,random,14,20260918,100,True,1,143,11,11,7200,1248000,12600,27900,16800,1700
SD,16,1,single,random,15,20260919,100,True,1,143,11,11,7200,1450700,12200,25800,16700,2600
CS,16,1,single,random,15,20260919,100,True,4,377,5,5,20400,21800,9700,17500,4700,800
CS,16,1,single,random,16,20260920,100,True,4,378,5,5,13200,22400,10700,17400,4500,800
SD,16,1,single,random,16,20260920,100,True,1,143,11,11,7200,1192400,11700,15600,13200,1600
SD,16,1,single,random,17,20260921,100,True,1,143,11,11,7200,1191200,11900,15700,12100,1700
CS,16,1,single,random,17,20260921,100,True,4,378,5,5,13200,22300,9700,17400,4700,800
CS,16,1,single,random,18,20260922,100,True,4,378,5,5,19600,22200,9900,30100,4500,800
SD,16,1,single,random,18,20260922,100,True,1,143,11,11,7100,1135000,11800,16300,13500,1700
SD,16,1,single,random,19,20260923,100,True,1,143,11,11,7200,1103200,11700,15700,13600,1700
CS,16,1,single,random,19,20260923,100,True,4,378,5,5,13300,21900,9700,17500,4700,700
CS,16,1,single,contiguous,0,20260904,100,True,4,377,5,5,13200,21300,9700,17300,4800,800
SD,16,1,single,contiguous,0,20260904,100,True,1,143,11,11,7200,1098600,11800,15000,7100,1500
SD,16,1,single,contiguous,1,20260904,100,True,1,143,11,11,7200,1105300,11600,15000,7600,1500
CS,16,1,single,contiguous,1,20260904,100,True,4,377,5,5,13200,21800,9600,17700,4700,800
CS,16,1,single,contiguous,2,20260904,100,True,4,377,5,5,13200,21400,9900,17400,4800,800
SD,16,1,single,contiguous,2,20260904,100,True,1,143,11,11,7200,1281300,13900,15100,7600,1500
SD,16,1,single,contiguous,3,20260904,100,True,1,143,11,11,7500,1464300,12200,14900,7200,1500
CS,16,1,single,contiguous,3,20260904,100,True,4,377,5,5,13200,21900,9700,17300,4700,1100
CS,16,1,single,contiguous,4,20260904,100,True,4,377,5,5,14400,22200,9800,21400,4800,800
SD,16,1,single,contiguous,4,20260904,100,True,1,143,11,11,7200,1279100,22200,15000,7100,1500
SD,16,1,single,contiguous,5,20260904,100,True,1,143,11,11,7100,1322300,11700,15000,7100,1500
CS,16,1,single,contiguous,5,20260904,100,True,4,377,5,5,20200,21600,17200,18100,4700,800
CS,16,1,single,contiguous,6,20260904,100,True,4,377,5,5,13300,21900,10500,17400,4800,800
SD,16,1,single,contiguous,6,20260904,100,True,1,143,11,11,7200,1475800,12000,15200,7100,1500
SD,16,1,single,contiguous,7,20260904,100,True,1,143,11,11,10600,1123800,11600,15600,7100,1500
CS,16,1,single,contiguous,7,20260904,100,True,4,377,5,5,13200,21500,9800,17400,4700,700
CS,16,1,single,contiguous,8,20260904,100,True,4,377,5,5,16300,21700,9900,17400,4800,800
SD,16,1,single,contiguous,8,20260904,100,True,1,143,11,11,7300,1121100,11600,15200,7100,1500
SD,16,1,single,contiguous,9,20260904,100,True,1,143,11,11,7100,1103400,11600,15000,7000,1500
CS,16,1,single,contiguous,9,20260904,100,True,4,377,5,5,13200,21600,9600,17300,4700,800
CS,16,1,single,uniform,0,20260904,100,True,4,377,5,5,13200,22000,9600,17700,4800,800
SD,16,1,single,uniform,0,20260904,100,True,1,143,11,11,7200,1100700,11600,15000,7100,1500
SD,16,1,single,uniform,1,20260904,100,True,1,143,11,11,7100,1156100,13500,31800,14100,1500
CS,16,1,single,uniform,1,20260904,100,True,4,377,5,5,13300,21400,9600,17400,8000,1300
CS,16,1,single,uniform,2,20260904,100,True,4,377,5,5,23900,21500,9800,17400,4700,800
SD,16,1,single,uniform,2,20260904,100,True,1,143,11,11,7100,1209900,11600,15500,7200,1500
SD,16,1,single,uniform,3,20260904,100,True,1,143,11,11,7200,1160000,11700,15000,7100,1500
CS,16,1,single,uniform,3,20260904,100,True,4,377,5,5,13200,21700,9700,17300,4800,800
CS,16,1,single,uniform,4,20260904,100,True,4,377,5,5,13200,21900,9600,17300,4800,800
SD,16,1,single,uniform,4,20260904,100,True,1,143,11,11,7600,1135400,11700,15300,7200,1500
SD,16,1,single,uniform,5,20260904,100,True,1,143,11,11,7100,1383200,11600,16400,12700,1700
CS,16,1,single,uniform,5,20260904,100,True,4,377,5,5,13200,22900,15400,17500,4800,800
CS,16,1,single,uniform,6,20260904,100,True,4,377,5,5,13800,22300,9600,29000,5000,800
SD,16,1,single,uniform,6,20260904,100,True,1,143,11,11,7300,1298700,11800,15000,7100,1500
SD,16,1,single,uniform,7,20260904,100,True,1,143,11,11,7200,1179800,11800,15400,7300,1500
CS,16,1,single,uniform,7,20260904,100,True,4,377,5,5,13300,21400,9600,17500,4700,700
CS,16,1,single,uniform,8,20260904,100,True,4,377,5,5,13100,21800,10000,17500,4800,1300
SD,16,1,single,uniform,8,20260904,100,True,1,143,11,11,12500,1117800,11600,15000,7100,1500
SD,16,1,single,uniform,9,20260904,100,True,1,143,11,11,7100,1095600,11800,15000,7100,1500
CS,16,1,single,uniform,9,20260904,100,True,4,377,5,5,13300,21700,9700,17300,4700,800
CS,16,1,single,clustered,0,20260904,100,True,4,378,5,5,13300,21700,9600,17300,4600,1300
SD,16,1,single,clustered,0,20260904,100,True,1,143,11,11,7300,1093800,11500,15200,13100,1500
SD,16,1,single,clustered,1,20260904,100,True,1,143,11,11,7300,1101600,11500,15300,13000,1500
CS,16,1,single,clustered,1,20260904,100,True,4,378,5,5,13300,22100,9600,17300,4600,700
CS,16,1,single,clustered,2,20260904,100,True,4,378,5,5,13200,21700,9600,17300,4600,700
SD,16,1,single,clustered,2,20260904,100,True,1,143,11,11,7500,1096800,11600,15200,13100,1500
SD,16,1,single,clustered,3,20260904,100,True,1,143,11,11,7100,1104300,11600,15400,13000,1600
CS,16,1,single,clustered,3,20260904,100,True,4,378,5,5,13300,21600,12100,17400,4600,800
CS,16,1,single,clustered,4,20260904,100,True,4,378,5,5,18700,21800,9500,17400,4600,800
SD,16,1,single,clustered,4,20260904,100,True,1,143,11,11,7300,1108600,11700,15200,13100,1500
SD,16,1,single,clustered,5,20260904,100,True,1,143,11,11,7200,1098500,11500,15300,13100,1600
CS,16,1,single,clustered,5,20260904,100,True,4,378,5,5,13300,21400,9600,17300,4600,800
CS,16,1,single,clustered,6,20260904,100,True,4,378,5,5,13200,21800,9600,17300,4600,800
SD,16,1,single,clustered,6,20260904,100,True,1,143,11,11,7200,1113700,11600,15200,13100,1500
SD,16,1,single,clustered,7,20260904,100,True,1,143,11,11,7200,1119400,11600,23700,13000,1500
CS,16,1,single,clustered,7,20260904,100,True,4,378,5,5,13200,22000,9800,17300,4600,800
CS,16,1,single,clustered,8,20260904,100,True,4,378,5,5,13300,21500,12100,17300,8400,800
SD,16,1,single,clustered,8,20260904,100,True,1,143,11,11,7200,1107000,11600,15200,13100,1500
SD,16,1,single,clustered,9,20260904,100,True,1,143,11,11,7100,1097100,15800,15500,13200,1700
CS,16,1,single,clustered,9,20260904,100,True,4,378,5,5,20000,21900,9900,20900,4600,700
CS,16,1,0.01,random,0,20260904,100,True,4,377,5,5,13300,24700,10500,17400,4700,1200
SD,16,1,0.01,random,0,20260904,100,True,1,143,11,11,12300,1481500,13900,17000,9500,1700
SD,16,1,0.01,random,1,20260905,100,True,1,143,11,11,7200,1356200,11700,15400,21700,2600
CS,16,1,0.01,random,1,20260905,100,True,4,378,5,5,13200,22100,9700,18000,4600,800
CS,16,1,0.01,random,2,20260906,100,True,4,378,5,5,13300,22300,9700,17600,4700,800
SD,16,1,0.01,random,2,20260906,100,True,1,143,11,11,7300,1164700,11700,15700,13800,1700
SD,16,1,0.01,random,3,20260907,100,True,1,143,11,11,7100,1111700,11600,15700,11700,1700
CS,16,1,0.01,random,3,20260907,100,True,4,378,5,5,13200,22200,9700,17500,4600,800
CS,16,1,0.01,random,4,20260908,100,True,4,378,5,5,13200,22000,9900,17500,4700,800
SD,16,1,0.01,random,4,20260908,100,True,1,143,11,11,7200,1188600,11700,15600,11700,1700
SD,16,1,0.01,random,5,20260909,100,True,1,143,11,11,7100,1126500,11700,15300,9400,1600
CS,16,1,0.01,random,5,20260909,100,True,4,377,5,5,13200,22300,9800,17600,4700,800
CS,16,1,0.01,random,6,20260910,100,True,4,377,5,5,13200,22200,12100,17400,4700,800
SD,16,1,0.01,random,6,20260910,100,True,1,143,11,11,7200,1163200,11900,15500,9500,1700
SD,16,1,0.01,random,7,20260911,100,True,1,143,11,11,11200,1117500,11600,15700,27600,1600
CS,16,1,0.01,random,7,20260911,100,True,4,378,5,5,13100,22000,19000,17800,4600,700
CS,16,1,0.01,random,8,20260912,100,True,4,377,5,5,13100,22200,9700,17400,4800,800
SD,16,1,0.01,random,8,20260912,100,True,1,143,11,11,11200,1130400,12200,20400,11800,2500
SD,16,1,0.01,random,9,20260913,100,True,1,143,11,11,7300,1619200,12100,15500,9400,2600
CS,16,1,0.01,random,9,20260913,100,True,4,377,5,5,13500,22300,9700,17400,4700,700
CS,16,1,0.01,random,10,20260914,100,True,4,378,5,5,20800,22000,9700,22800,4600,800
SD,16,1,0.01,random,10,20260914,100,True,1,143,11,11,7200,1114800,11700,15800,13900,1700
SD,16,1,0.01,random,11,20260915,100,True,1,143,11,11,7200,1101100,11800,17200,9400,1600
CS,16,1,0.01,random,11,20260915,100,True,4,377,5,5,13100,22300,9800,17600,4700,800
CS,16,1,0.01,random,12,20260916,100,True,4,377,5,5,13100,22400,9700,17400,4700,800
SD,16,1,0.01,random,12,20260916,100,True,1,143,11,11,7200,1160000,22400,33300,14200,2700
SD,16,1,0.01,random,13,20260917,100,True,1,143,11,11,12700,1154500,11600,15500,11400,1600
CS,16,1,0.01,random,13,20260917,100,True,4,378,5,5,13200,22300,9800,17400,4600,800
CS,16,1,0.01,random,14,20260918,100,True,4,378,5,5,13100,22400,15500,34800,8000,1300
SD,16,1,0.01,random,14,20260918,100,True,1,143,11,11,7100,1260800,11800,15400,13400,1700
SD,16,1,0.01,random,15,20260919,100,True,1,143,11,11,7200,1119500,11800,15700,10500,1700
CS,16,1,0.01,random,15,20260919,100,True,4,377,5,5,23400,33000,9700,17400,4700,800
CS,16,1,0.01,random,16,20260920,100,True,4,378,5,5,13200,22300,9700,17300,4600,700
SD,16,1,0.01,random,16,20260920,100,True,1,143,11,11,7200,1164800,11700,15200,13200,1600
SD,16,1,0.01,random,17,20260921,100,True,1,143,11,11,7100,1263800,12100,15600,16900,2900
CS,16,1,0.01,random,17,20260921,100,True,4,378,5,5,23300,21900,14400,17400,4700,800
CS,16,1,0.01,random,18,20260922,100,True,4,378,5,5,13200,22200,9800,17600,5300,700
SD,16,1,0.01,random,18,20260922,100,True,1,143,11,11,7300,1151100,11700,15700,13500,1700
SD,16,1,0.01,random,19,20260923,100,True,1,143,11,11,7200,1116000,22800,15600,13400,1700
CS,16,1,0.01,random,19,20260923,100,True,4,378,5,5,13200,22600,9700,17300,4600,800
CS,16,1,0.01,contiguous,0,20260904,100,True,4,377,5,5,13600,42200,19500,17300,4800,800
SD,16,1,0.01,contiguous,0,20260904,100,True,1,143,11,11,7200,1202400,11600,15000,7100,1500
SD,16,1,0.01,contiguous,1,20260904,100,True,1,143,11,11,7300,1185800,11600,15100,7100,1500
CS,16,1,0.01,contiguous,1,20260904,100,True,4,377,5,5,13200,21900,16900,17200,4700,800
CS,16,1,0.01,contiguous,2,20260904,100,True,4,377,5,5,13200,21900,9700,17300,4800,700
SD,16,1,0.01,contiguous,2,20260904,100,True,1,143,11,11,7200,1113400,11700,15400,7100,1500
SD,16,1,0.01,contiguous,3,20260904,100,True,1,143,11,11,7200,1102800,11800,15000,7100,1500
CS,16,1,0.01,contiguous,3,20260904,100,True,4,377,5,5,13400,21400,9700,17300,4800,800
CS,16,1,0.01,contiguous,4,20260904,100,True,4,377,5,5,13200,21800,9700,17400,4800,800
SD,16,1,0.01,contiguous,4,20260904,100,True,1,143,11,11,7200,1111100,11600,14900,7100,1600
SD,16,1,0.01,contiguous,5,20260904,100,True,1,143,11,11,7300,1102200,11600,15000,7100,1500
CS,16,1,0.01,contiguous,5,20260904,100,True,4,377,5,5,13100,21600,9600,17300,8200,1300
CS,16,1,0.01,contiguous,6,20260904,100,True,4,377,5,5,13200,21700,9600,17500,4800,800
SD,16,1,0.01,contiguous,6,20260904,100,True,1,143,11,11,7500,1215700,11800,14900,7100,1500
SD,16,1,0.01,contiguous,7,20260904,100,True,1,143,11,11,7100,1284000,13200,26600,7300,2700
CS,16,1,0.01,contiguous,7,20260904,100,True,4,377,5,5,13300,36300,10200,17400,9300,1300
CS,16,1,0.01,contiguous,8,20260904,100,True,4,377,5,5,18100,22300,11000,17600,4800,800
SD,16,1,0.01,contiguous,8,20260904,100,True,1,143,11,11,7200,1384000,20600,15100,7300,1500
SD,16,1,0.01,contiguous,9,20260904,100,True,1,143,11,11,7200,1358300,11600,29500,7400,1500
CS,16,1,0.01,contiguous,9,20260904,100,True,4,377,5,5,13100,21600,19700,17400,4800,800
CS,16,1,0.01,uniform,0,20260904,100,True,4,377,5,5,13100,43600,9600,17600,4700,700
SD,16,1,0.01,uniform,0,20260904,100,True,1,143,11,11,7200,1250600,12500,14900,7200,1500
SD,16,1,0.01,uniform,1,20260904,100,True,1,143,11,11,7300,1104800,11600,14900,7200,1500
CS,16,1,0.01,uniform,1,20260904,100,True,4,377,5,5,13200,21400,9600,17300,4700,800
CS,16,1,0.01,uniform,2,20260904,100,True,4,377,5,5,13200,21900,9900,17200,4700,800
SD,16,1,0.01,uniform,2,20260904,100,True,1,143,11,11,7300,1213600,20000,16600,7100,1500
SD,16,1,0.01,uniform,3,20260904,100,True,1,143,11,11,7300,1257000,11700,15000,7300,1500
CS,16,1,0.01,uniform,3,20260904,100,True,4,377,5,5,13200,22000,10900,17400,4700,800
CS,16,1,0.01,uniform,4,20260904,100,True,4,377,5,5,13200,22400,9600,17300,4800,800
SD,16,1,0.01,uniform,4,20260904,100,True,1,143,11,11,7200,1093400,13000,15000,7100,1500
SD,16,1,0.01,uniform,5,20260904,100,True,1,143,11,11,7200,1123500,14300,15000,7100,1500
CS,16,1,0.01,uniform,5,20260904,100,True,4,377,5,5,13200,21300,11400,17300,4700,800
CS,16,1,0.01,uniform,6,20260904,100,True,4,377,5,5,13300,22100,9800,17300,4800,700
SD,16,1,0.01,uniform,6,20260904,100,True,1,143,11,11,7200,1092500,11600,15000,7100,1500
SD,16,1,0.01,uniform,7,20260904,100,True,1,143,11,11,7300,1156700,12800,15500,7200,1500
CS,16,1,0.01,uniform,7,20260904,100,True,4,377,5,5,13200,21600,10100,17500,4700,800
CS,16,1,0.01,uniform,8,20260904,100,True,4,377,5,5,13700,21800,9700,17500,4800,800
SD,16,1,0.01,uniform,8,20260904,100,True,1,143,11,11,7300,1305700,11600,15000,7200,2500
SD,16,1,0.01,uniform,9,20260904,100,True,1,143,11,11,7100,1094700,11600,15000,7100,1500
CS,16,1,0.01,uniform,9,20260904,100,True,4,377,5,5,13200,32500,9600,17400,4700,800
CS,16,1,0.01,clustered,0,20260904,100,True,4,378,5,5,13200,21600,9700,17300,4600,800
SD,16,1,0.01,clustered,0,20260904,100,True,1,143,11,11,7500,1205200,11500,15300,13300,1500
SD,16,1,0.01,clustered,1,20260904,100,True,1,143,11,11,7100,1197400,11600,15200,13500,1500
CS,16,1,0.01,clustered,1,20260904,100,True,4,378,5,5,13100,22200,9600,17400,4500,700
CS,16,1,0.01,clustered,2,20260904,100,True,4,378,5,5,13300,21900,9600,17600,4600,800
SD,16,1,0.01,clustered,2,20260904,100,True,1,143,11,11,7600,1185700,11500,15300,13200,1600
SD,16,1,0.01,clustered,3,20260904,100,True,1,143,11,11,7100,1116500,11600,15200,13100,1600
CS,16,1,0.01,clustered,3,20260904,100,True,4,378,5,5,13200,21900,9600,17600,4600,800
CS,16,1,0.01,clustered,4,20260904,100,True,4,378,5,5,13300,21700,9600,17600,4700,800
SD,16,1,0.01,clustered,4,20260904,100,True,1,143,11,11,7100,1113000,11600,15200,13200,1500
SD,16,1,0.01,clustered,5,20260904,100,True,1,143,11,11,7200,1097900,11600,15200,13300,1500
CS,16,1,0.01,clustered,5,20260904,100,True,4,378,5,5,13300,21800,9600,17500,4600,800
CS,16,1,0.01,clustered,6,20260904,100,True,4,378,5,5,13200,21800,9700,17500,4600,800
SD,16,1,0.01,clustered,6,20260904,100,True,1,143,11,11,7200,1111700,11500,15600,13100,1500
SD,16,1,0.01,clustered,7,20260904,100,True,1,143,11,11,7100,1099400,12500,17200,13100,1500
CS,16,1,0.01,clustered,7,20260904,100,True,4,378,5,5,13200,21600,9600,17400,4600,700
CS,16,1,0.01,clustered,8,20260904,100,True,4,378,5,5,13200,21800,9600,17600,4600,700
SD,16,1,0.01,clustered,8,20260904,100,True,1,143,11,11,7100,1107000,11700,15200,16100,1600
SD,16,1,0.01,clustered,9,20260904,100,True,1,143,11,11,7300,1187600,11600,15500,13100,1500
CS,16,1,0.01,clustered,9,20260904,100,True,4,378,5,5,13200,22100,9600,17300,4600,800
CS,16,1,0.05,random,0,20260904,100,True,4,377,5,5,13200,22100,9800,17500,4700,800
SD,16,1,0.05,random,0,20260904,100,True,1,143,11,11,7100,1111600,11800,15400,9400,1700
SD,16,1,0.05,random,1,20260905,100,True,1,143,11,11,7200,1102500,11700,15400,13200,1600
CS,16,1,0.05,random,1,20260905,100,True,4,378,5,5,13100,22500,9800,17300,4600,800
CS,16,1,0.05,random,2,20260906,100,True,4,378,5,5,13200,23000,9700,17400,5200,800
SD,16,1,0.05,random,2,20260906,100,True,1,143,11,11,7200,1111800,11800,15600,13400,1700
SD,16,1,0.05,random,3,20260907,100,True,1,143,11,11,7100,1103800,11800,15600,11500,1700
CS,16,1,0.05,random,3,20260907,100,True,4,378,5,5,13200,22400,9700,17400,4700,800
CS,16,1,0.05,random,4,20260908,100,True,4,378,5,5,13200,22000,9700,17400,4600,800
SD,16,1,0.05,random,4,20260908,100,True,1,143,11,11,12500,1121300,11900,15700,11500,1700
SD,16,1,0.05,random,5,20260909,100,True,1,143,11,11,7100,1103200,11600,15200,9300,2800
CS,16,1,0.05,random,5,20260909,100,True,4,377,5,5,13000,22400,9800,17500,4700,800
CS,16,1,0.05,random,6,20260910,100,True,4,377,5,5,13200,22100,10000,17400,4700,700
SD,16,1,0.05,random,6,20260910,100,True,1,143,11,11,7200,1161900,11900,15700,9500,1700
SD,16,1,0.05,random,7,20260911,100,True,1,143,11,11,7200,1228800,12500,15800,13500,1700
CS,16,1,0.05,random,7,20260911,100,True,4,378,5,5,21600,22300,10100,19500,4700,800
CS,16,1,0.05,random,8,20260912,100,True,4,377,5,5,13100,22300,9600,17600,4700,800
SD,16,1,0.05,random,8,20260912,100,True,1,143,11,11,7300,1425600,13900,16000,7700,1700
SD,16,1,0.05,random,9,20260913,100,True,1,143,11,11,7300,1150700,11700,15400,9400,1600
CS,16,1,0.05,random,9,20260913,100,True,4,377,5,5,13200,22200,9900,17400,4700,800
CS,16,1,0.05,random,10,20260914,100,True,4,378,5,5,13100,22000,9700,17400,4600,800
SD,16,1,0.05,random,10,20260914,100,True,1,143,11,11,7200,1102800,11700,15900,13500,1700
SD,16,1,0.05,random,11,20260915,100,True,1,143,11,11,7100,1101500,11700,16000,9300,1600
CS,16,1,0.05,random,11,20260915,100,True,4,377,5,5,13100,22200,10100,17400,4800,800
CS,16,1,0.05,random,12,20260916,100,True,4,377,5,5,13100,22200,9800,17400,4800,800
SD,16,1,0.05,random,12,20260916,100,True,1,143,11,11,7200,1110300,11700,15500,12000,2600
SD,16,1,0.05,random,13,20260917,100,True,1,143,11,11,7100,1162800,11800,15300,11300,1600
CS,16,1,0.05,random,13,20260917,100,True,4,378,5,5,13200,22000,9700,17500,10200,800
CS,16,1,0.05,random,14,20260918,100,True,4,378,5,5,13100,22200,9800,17500,4600,800
SD,16,1,0.05,random,14,20260918,100,True,1,143,11,11,7100,1104100,11700,15600,13300,1600
SD,16,1,0.05,random,15,20260919,100,True,1,143,11,11,7000,1112600,11700,15500,9500,1600
CS,16,1,0.05,random,15,20260919,100,True,4,377,5,5,13200,22300,9800,17600,4700,800
CS,16,1,0.05,random,16,20260920,100,True,4,378,5,5,13200,22300,9800,17500,4600,800
SD,16,1,0.05,random,16,20260920,100,True,1,143,11,11,7100,1119000,11600,15400,13200,1600
SD,16,1,0.05,random,17,20260921,100,True,1,143,11,11,7200,1115000,12400,15700,11500,1700
CS,16,1,0.05,random,17,20260921,100,True,4,378,5,5,13100,22500,9800,17400,4600,800
CS,16,1,0.05,random,18,20260922,100,True,4,378,5,5,13100,22400,9700,17400,4600,800
SD,16,1,0.05,random,18,20260922,100,True,1,143,11,11,7100,1097800,11600,15800,13500,1700
SD,16,1,0.05,random,19,20260923,100,True,1,143,11,11,7100,1109400,11600,15700,13500,1700
CS,16,1,0.05,random,19,20260923,100,True,4,378,5,5,13100,22300,10900,17400,4600,800
CS,16,1,0.05,contiguous,0,20260904,100,True,4,377,5,5,13100,21800,9700,17400,4800,800
SD,16,1,0.05,contiguous,0,20260904,100,True,1,143,11,11,7200,1227900,12200,15100,7100,1500
SD,16,1,0.05,contiguous,1,20260904,100,True,1,143,11,11,7200,1208400,11600,15200,7100,1500
CS,16,1,0.05,contiguous,1,20260904,100,True,4,377,5,5,13100,21700,9700,17400,4800,1300
CS,16,1,0.05,contiguous,2,20260904,100,True,4,377,5,5,13200,21600,9700,17300,4800,800
SD,16,1,0.05,contiguous,2,20260904,100,True,1,143,11,11,7200,1104300,11700,15100,7300,2700
SD,16,1,0.05,contiguous,3,20260904,100,True,1,143,11,11,7100,1112000,11600,15400,7100,1500
CS,16,1,0.05,contiguous,3,20260904,100,True,4,377,5,5,13100,21800,10000,17300,4700,800
CS,16,1,0.05,contiguous,4,20260904,100,True,4,377,5,5,13100,21700,9700,17300,4800,800
SD,16,1,0.05,contiguous,4,20260904,100,True,1,143,11,11,7100,1110100,12200,14900,7100,1500
SD,16,1,0.05,contiguous,5,20260904,100,True,1,143,11,11,7200,1101000,11600,15000,7200,1700
CS,16,1,0.05,contiguous,5,20260904,100,True,4,377,5,5,13200,21800,9600,17500,4800,800
CS,16,1,0.05,contiguous,6,20260904,100,True,4,377,5,5,13200,21600,9600,17300,4800,1100
SD,16,1,0.05,contiguous,6,20260904,100,True,1,143,11,11,7100,1108700,11700,14900,7200,1500
SD,16,1,0.05,contiguous,7,20260904,100,True,1,143,11,11,7200,1103000,11600,15000,7200,1500
CS,16,1,0.05,contiguous,7,20260904,100,True,4,377,5,5,13200,21600,9600,17500,4700,800
CS,16,1,0.05,contiguous,8,20260904,100,True,4,377,5,5,13100,21700,10000,17300,4700,700
SD,16,1,0.05,contiguous,8,20260904,100,True,1,143,11,11,7100,1113400,11600,15100,7200,2500
SD,16,1,0.05,contiguous,9,20260904,100,True,1,143,11,11,7300,1101600,11600,16100,7100,1500
CS,16,1,0.05,contiguous,9,20260904,100,True,4,377,5,5,13200,21700,9800,17400,4700,800
CS,16,1,0.05,uniform,0,20260904,100,True,4,377,5,5,13100,21600,9600,17300,4800,700
SD,16,1,0.05,uniform,0,20260904,100,True,1,143,11,11,7100,1102900,11600,15300,7100,1500
SD,16,1,0.05,uniform,1,20260904,100,True,1,143,11,11,7200,1108000,11800,14900,7100,1500
CS,16,1,0.05,uniform,1,20260904,100,True,4,377,5,5,13200,21900,9800,17300,4700,800
CS,16,1,0.05,uniform,2,20260904,100,True,4,377,5,5,13200,21800,9600,17300,4700,800
SD,16,1,0.05,uniform,2,20260904,100,True,1,143,11,11,7200,1106200,11600,15000,7100,1500
SD,16,1,0.05,uniform,3,20260904,100,True,1,143,11,11,7200,1127300,11700,15000,7300,2800
CS,16,1,0.05,uniform,3,20260904,100,True,4,377,5,5,13100,21800,14400,17300,4800,900
CS,16,1,0.05,uniform,4,20260904,100,True,4,377,5,5,13100,21600,9600,17400,4800,800
SD,16,1,0.05,uniform,4,20260904,100,True,1,143,11,11,7300,1098400,11600,15000,7100,1500
SD,16,1,0.05,uniform,5,20260904,100,True,1,143,11,11,7100,1105900,11600,14900,7200,2200
CS,16,1,0.05,uniform,5,20260904,100,True,4,377,5,5,13200,21700,9600,17500,4700,700
CS,16,1,0.05,uniform,6,20260904,100,True,4,377,5,5,13200,21600,9600,17500,4800,800
SD,16,1,0.05,uniform,6,20260904,100,True,1,143,11,11,7100,1124600,11700,15000,7100,1500
SD,16,1,0.05,uniform,7,20260904,100,True,1,143,11,11,7100,1119800,11600,15400,7100,1500
CS,16,1,0.05,uniform,7,20260904,100,True,4,377,5,5,23800,21700,9600,17400,4700,800
CS,16,1,0.05,uniform,8,20260904,100,True,4,377,5,5,13100,21600,9600,17300,4800,800
SD,16,1,0.05,uniform,8,20260904,100,True,1,143,11,11,7100,1110800,11600,15000,7200,2700
SD,16,1,0.05,uniform,9,20260904,100,True,1,143,11,11,7100,1098400,11700,14900,7100,1500
CS,16,1,0.05,uniform,9,20260904,100,True,4,377,5,5,19800,21600,9600,17400,4800,800
CS,16,1,0.05,clustered,0,20260904,100,True,4,378,5,5,13400,21400,9600,17400,9100,800
SD,16,1,0.05,clustered,0,20260904,100,True,1,143,11,11,7100,1099800,11700,15300,13100,1600
SD,16,1,0.05,clustered,1,20260904,100,True,1,143,11,11,7100,1104200,12800,15400,13100,1600
CS,16,1,0.05,clustered,1,20260904,100,True,4,378,5,5,13200,22600,9500,17300,4600,700
CS,16,1,0.05,clustered,2,20260904,100,True,4,378,5,5,13300,21500,9600,17400,7100,800
SD,16,1,0.05,clustered,2,20260904,100,True,1,143,11,11,7200,1102400,11500,15400,13000,1500
SD,16,1,0.05,clustered,3,20260904,100,True,1,143,11,11,7100,1106300,11500,15200,13100,1500
CS,16,1,0.05,clustered,3,20260904,100,True,4,378,5,5,13400,21600,9600,17400,8400,800
CS,16,1,0.05,clustered,4,20260904,100,True,4,378,5,5,13000,21700,9500,17400,4600,800
SD,16,1,0.05,clustered,4,20260904,100,True,1,143,11,11,7200,1112700,11700,15300,13000,1500
SD,16,1,0.05,clustered,5,20260904,100,True,1,143,11,11,7100,1098600,11600,15100,13100,1500
CS,16,1,0.05,clustered,5,20260904,100,True,4,378,5,5,13100,21900,9600,17400,4600,700
CS,16,1,0.05,clustered,6,20260904,100,True,4,378,5,5,13100,21600,9600,17300,4600,800
SD,16,1,0.05,clustered,6,20260904,100,True,1,143,11,11,7200,1088900,11600,15500,13100,1500
SD,16,1,0.05,clustered,7,20260904,100,True,1,143,11,11,7100,1090900,11500,15200,13100,1500
CS,16,1,0.05,clustered,7,20260904,100,True,4,378,5,5,13200,21800,9600,17400,4600,800
CS,16,1,0.05,clustered,8,20260904,100,True,4,378,5,5,13200,21600,9500,17400,4600,800
SD,16,1,0.05,clustered,8,20260904,100,True,1,143,11,11,7200,1108400,11500,15200,13200,1500
SD,16,1,0.05,clustered,9,20260904,100,True,1,143,11,11,7200,1102200,11600,15500,13400,1500
CS,16,1,0.05,clustered,9,20260904,100,True,4,378,5,5,13200,21900,9700,17400,4600,800
CS,16,2,0.10,random,0,20260904,100,True,6,553,5,5,13100,22200,16100,25900,4700,900
SD,16,2,0.10,random,0,20260904,100,True,2,259,11,11,7100,1113700,19100,26000,9000,2200
SD,16,2,0.10,random,1,20260905,100,True,2,259,11,11,7200,1103800,19500,25400,6800,2200
CS,16,2,0.10,random,1,20260905,100,True,6,553,5,5,13300,22300,15800,25700,4800,800
CS,16,2,0.10,random,2,20260906,100,True,6,554,5,5,13100,22200,16200,25600,4600,900
SD,16,2,0.10,random,2,20260906,100,True,2,259,11,11,7100,1105600,19400,25800,10800,2100
SD,16,2,0.10,random,3,20260907,100,True,2,259,11,11,7100,1111000,18900,26000,11100,2200
CS,16,2,0.10,random,3,20260907,100,True,6,554,5,5,13100,22600,15900,25600,4600,900
CS,16,2,0.10,random,4,20260908,100,True,6,554,5,5,13100,22200,15800,25500,4600,900
SD,16,2,0.10,random,4,20260908,100,True,2,259,11,11,7100,1115200,19200,26200,11600,2200
SD,16,2,0.10,random,5,20260909,100,True,3,374,11,11,7100,1110100,15400,27000,7400,2700
CS,16,2,0.10,random,5,20260909,100,True,4,378,5,5,13300,22000,12400,17400,4700,800
CS,16,2,0.10,random,6,20260910,100,True,5,466,5,5,13100,22100,14300,21600,4600,800
SD,16,2,0.10,random,6,20260910,100,True,3,374,11,11,7200,1101400,16900,29100,11100,2900
SD,16,2,0.10,random,7,20260911,100,True,2,259,11,11,7200,1107100,20000,25600,6700,2100
CS,16,2,0.10,random,7,20260911,100,True,6,553,5,5,13200,22100,15900,25700,4800,900
CS,16,2,0.10,random,8,20260912,100,True,6,553,5,5,13200,22200,16600,25700,4800,900
SD,16,2,0.10,random,8,20260912,100,True,2,259,11,11,7200,1103600,19000,25700,6800,2100
SD,16,2,0.10,random,9,20260913,100,True,2,259,11,11,7100,1101100,19100,25700,9000,2100
CS,16,2,0.10,random,9,20260913,100,True,6,553,5,5,13100,22300,15900,25700,4700,900
CS,16,2,0.10,random,10,20260914,100,True,5,467,5,5,13200,22200,14500,21500,4600,800
SD,16,2,0.10,random,10,20260914,100,True,3,374,11,11,7200,1104900,16900,29700,6500,3000
SD,16,2,0.10,random,11,20260915,100,True,2,259,11,11,7100,1152700,19200,26100,9000,2200
CS,16,2,0.10,random,11,20260915,100,True,6,553,5,5,13100,22300,16000,25500,4700,800
CS,16,2,0.10,random,12,20260916,100,True,6,553,5,5,13100,22200,15900,25800,4800,900
SD,16,2,0.10,random,12,20260916,100,True,2,259,11,11,7100,1093100,19400,25500,6800,2100
SD,16,2,0.10,random,13,20260917,100,True,2,259,11,11,12000,1124600,32300,28500,13900,3700
CS,16,2,0.10,random,13,20260917,100,True,6,554,5,5,13100,22300,18300,25800,4700,900
CS,16,2,0.10,random,14,20260918,100,True,5,467,5,5,13100,22100,15100,22000,4800,800
SD,16,2,0.10,random,14,20260918,100,True,3,374,11,11,7200,1510300,17000,29500,6500,2900
SD,16,2,0.10,random,15,20260919,100,True,2,259,11,11,7200,1129900,19200,25800,9000,2200
CS,16,2,0.10,random,15,20260919,100,True,6,553,5,5,13200,22400,16300,25700,4700,900
CS,16,2,0.10,random,16,20260920,100,True,6,553,5,5,13100,22300,16000,25800,4700,800
SD,16,2,0.10,random,16,20260920,100,True,2,259,11,11,7200,1104000,19100,25800,8800,2100
SD,16,2,0.10,random,17,20260921,100,True,3,374,11,11,7200,1245600,17200,29700,7600,2800
CS,16,2,0.10,random,17,20260921,100,True,5,466,5,5,13200,22100,15700,21600,4800,800
CS,16,2,0.10,random,18,20260922,100,True,6,553,5,5,13200,27700,15900,25800,4900,900
SD,16,2,0.10,random,18,20260922,100,True,2,259,11,11,7100,1396300,20400,38500,6800,2100
SD,16,2,0.10,random,19,20260923,100,True,2,259,11,11,7400,1530200,20000,26800,9000,2200
CS,16,2,0.10,random,19,20260923,100,True,6,553,5,5,13200,22500,15900,25600,4800,900
CS,16,2,0.10,contiguous,0,20260904,100,True,3,289,5,5,13400,21800,10700,13600,4700,700
SD,16,2,0.10,contiguous,0,20260904,100,True,1,142,11,11,7200,1154900,12500,15200,6800,1400
SD,16,2,0.10,contiguous,1,20260904,100,True,1,142,11,11,7200,1261100,13500,13000,6800,1400
CS,16,2,0.10,contiguous,1,20260904,100,True,3,289,5,5,13100,22000,10800,13300,4700,700
CS,16,2,0.10,contiguous,2,20260904,100,True,3,289,5,5,13100,21700,10800,13300,4700,700
SD,16,2,0.10,contiguous,2,20260904,100,True,1,142,11,11,7200,1116500,12200,12800,11800,1400
SD,16,2,0.10,contiguous,3,20260904,100,True,1,142,11,11,7200,1101100,13700,12800,6900,1400
CS,16,2,0.10,contiguous,3,20260904,100,True,3,289,5,5,13200,22000,10700,13400,4700,700
CS,16,2,0.10,contiguous,4,20260904,100,True,3,289,5,5,13100,22100,10600,13300,4700,700
SD,16,2,0.10,contiguous,4,20260904,100,True,1,142,11,11,7400,1097200,12200,13100,6800,1400
SD,16,2,0.10,contiguous,5,20260904,100,True,1,142,11,11,7200,1100400,12400,12700,6900,2600
CS,16,2,0.10,contiguous,5,20260904,100,True,3,289,5,5,13400,22500,10700,13600,4700,700
CS,16,2,0.10,contiguous,6,20260904,100,True,3,289,5,5,13200,21900,11500,13300,4700,700
SD,16,2,0.10,contiguous,6,20260904,100,True,1,142,11,11,7200,1113600,12100,12900,6900,4900
SD,16,2,0.10,contiguous,7,20260904,100,True,1,142,11,11,7100,1121600,12300,12800,11800,1500
CS,16,2,0.10,contiguous,7,20260904,100,True,3,289,5,5,13200,21800,10700,13500,4700,700
CS,16,2,0.10,contiguous,8,20260904,100,True,3,289,5,5,13300,22700,12500,13600,4700,700
SD,16,2,0.10,contiguous,8,20260904,100,True,1,142,11,11,7300,1744600,14100,12800,6800,1500
SD,16,2,0.10,contiguous,9,20260904,100,True,1,142,11,11,7300,1210000,12200,13000,6800,1400
CS,16,2,0.10,contiguous,9,20260904,100,True,3,289,5,5,13300,21700,10800,13400,4700,700
CS,16,2,0.10,uniform,0,20260904,100,True,6,553,5,5,13100,22100,16000,25700,8700,900
SD,16,2,0.10,uniform,0,20260904,100,True,2,259,11,11,7200,1197300,20300,27100,6700,3100
SD,16,2,0.10,uniform,1,20260904,100,True,2,259,11,11,8400,1172500,19100,25800,6800,2000
CS,16,2,0.10,uniform,1,20260904,100,True,6,553,5,5,13200,21800,16400,25600,4900,1300
CS,16,2,0.10,uniform,2,20260904,100,True,6,553,5,5,13100,21700,16700,25600,4800,900
SD,16,2,0.10,uniform,2,20260904,100,True,2,259,11,11,7300,1156700,19100,25600,6800,2100
SD,16,2,0.10,uniform,3,20260904,100,True,2,259,11,11,7200,1100700,19000,25700,6700,2900
CS,16,2,0.10,uniform,3,20260904,100,True,6,553,5,5,13200,21700,15900,25700,4800,900
CS,16,2,0.10,uniform,4,20260904,100,True,6,553,5,5,13100,21400,16000,25600,4800,900
SD,16,2,0.10,uniform,4,20260904,100,True,2,259,11,11,7300,1305300,19100,43000,6800,2000
SD,16,2,0.10,uniform,5,20260904,100,True,2,259,11,11,7200,1124900,19200,25700,6700,2000
CS,16,2,0.10,uniform,5,20260904,100,True,6,553,5,5,13200,21800,16100,25600,4800,800
CS,16,2,0.10,uniform,6,20260904,100,True,6,553,5,5,13100,21800,16100,25600,4800,900
SD,16,2,0.10,uniform,6,20260904,100,True,2,259,11,11,7200,1178200,19500,25900,6700,2000
SD,16,2,0.10,uniform,7,20260904,100,True,2,259,11,11,7200,1091300,19100,25600,6700,2000
CS,16,2,0.10,uniform,7,20260904,100,True,6,553,5,5,13200,22000,16100,25600,4800,900
CS,16,2,0.10,uniform,8,20260904,100,True,6,553,5,5,13200,22000,16000,25700,4800,800
SD,16,2,0.10,uniform,8,20260904,100,True,2,259,11,11,7100,1107800,19200,25800,6700,2000
SD,16,2,0.10,uniform,9,20260904,100,True,2,259,11,11,7200,1111300,19200,25900,6700,2000
CS,16,2,0.10,uniform,9,20260904,100,True,6,553,5,5,13200,22000,16000,25700,4800,900
CS,16,2,0.10,clustered,0,20260904,100,True,3,290,5,5,13300,21600,10600,13300,4700,1300
SD,16,2,0.10,clustered,0,20260904,100,True,1,143,11,11,7600,1316900,12300,13100,10900,1400
SD,16,2,0.10,clustered,1,20260904,100,True,1,143,11,11,7300,1196100,12200,13000,10900,1500
CS,16,2,0.10,clustered,1,20260904,100,True,3,290,5,5,13200,22700,11700,13600,4600,700
CS,16,2,0.10,clustered,2,20260904,100,True,3,290,5,5,13100,22000,10700,13300,4600,700
SD,16,2,0.10,clustered,2,20260904,100,True,1,143,11,11,7200,1106100,12300,13000,10900,1400
SD,16,2,0.10,clustered,3,20260904,100,True,1,143,11,11,7100,1114600,12200,13000,20900,2400
CS,16,2,0.10,clustered,3,20260904,100,True,3,290,5,5,13300,31700,10800,21700,8000,1100
CS,16,2,0.10,clustered,4,20260904,100,True,3,290,5,5,16000,39200,17700,13600,4600,700
SD,16,2,0.10,clustered,4,20260904,100,True,1,143,11,11,7400,1484300,12400,13400,10900,1400
SD,16,2,0.10,clustered,5,20260904,100,True,1,143,11,11,7100,1280000,12300,13600,11000,1400
CS,16,2,0.10,clustered,5,20260904,100,True,3,290,5,5,13400,22100,10800,13300,4600,700
CS,16,2,0.10,clustered,6,20260904,100,True,3,290,5,5,13100,21700,10600,13300,4700,1200
SD,16,2,0.10,clustered,6,20260904,100,True,1,143,11,11,7400,1107900,12300,13000,11000,1400
SD,16,2,0.10,clustered,7,20260904,100,True,1,143,11,11,7200,1114200,12400,13000,10900,1400
CS,16,2,0.10,clustered,7,20260904,100,True,3,290,5,5,13200,38000,10900,23600,7900,700
CS,16,2,0.10,clustered,8,20260904,100,True,3,290,5,5,13300,22100,19000,13500,8300,1200
SD,16,2,0.10,clustered,8,20260904,100,True,1,143,11,11,7300,1289500,12000,13000,10900,1400
SD,16,2,0.10,clustered,9,20260904,100,True,1,143,11,11,7300,1118900,12300,13000,10800,1400
CS,16,2,0.10,clustered,9,20260904,100,True,3,290,5,5,13200,21600,10600,13300,4600,700
CS,16,4,0.25,random,0,20260904,100,True,7,642,5,5,13200,22100,23100,29700,4600,900
SD,16,4,0.25,random,0,20260904,100,True,4,493,11,11,7200,1147400,27100,39900,9400,3300
SD,16,4,0.25,random,1,20260905,100,True,3,375,11,11,7200,1087000,22900,29400,6700,2700
CS,16,4,0.25,random,1,20260905,100,True,5,465,5,5,13100,22600,19500,21500,4800,800
CS,16,4,0.25,random,2,20260906,100,True,6,554,5,5,13100,22100,21100,25600,4500,900
SD,16,4,0.25,random,2,20260906,100,True,6,725,11,11,7100,1127800,25300,50300,6400,4800
SD,16,4,0.25,random,3,20260907,100,True,3,375,11,11,7200,1131900,25300,31900,9400,2600
CS,16,4,0.25,random,3,20260907,100,True,6,554,5,5,13200,22300,21200,25700,4700,800
CS,16,4,0.25,random,4,20260908,100,True,7,642,5,5,13300,21900,22800,29700,4700,900
SD,16,4,0.25,random,4,20260908,100,True,4,493,11,11,7200,1117400,27700,39900,17000,3300
SD,16,4,0.25,random,5,20260909,100,True,6,723,11,11,7200,1162500,25700,48800,8000,4600
CS,16,4,0.25,random,5,20260909,100,True,6,554,5,5,13100,22300,22600,25600,4700,900
CS,16,4,0.25,random,6,20260910,100,True,4,379,5,5,13400,22200,17900,17600,4700,800
SD,16,4,0.25,random,6,20260910,100,True,3,374,11,11,7200,1100400,20000,26900,8000,2800
SD,16,4,0.25,random,7,20260911,100,True,3,374,11,11,7100,1097700,24600,32400,7000,2400
CS,16,4,0.25,random,7,20260911,100,True,6,554,5,5,13200,22400,21300,25700,4700,1500
CS,16,4,0.25,random,8,20260912,100,True,7,643,5,5,13200,22200,22900,29700,4700,900
SD,16,4,0.25,random,8,20260912,100,True,4,491,11,11,7200,1141500,26900,39400,7700,3100
SD,16,4,0.25,random,9,20260913,100,True,4,493,11,11,7300,1116900,26800,39700,9000,3400
CS,16,4,0.25,random,9,20260913,100,True,7,642,5,5,13300,22300,22900,29700,4700,900
CS,16,4,0.25,random,10,20260914,100,True,7,643,5,5,13100,22600,22700,29800,4600,900
SD,16,4,0.25,random,10,20260914,100,True,4,493,11,11,7100,1172500,27100,39900,11100,3500
SD,16,4,0.25,random,11,20260915,100,True,5,606,11,11,7200,1104200,27400,45600,8600,4000
CS,16,4,0.25,random,11,20260915,100,True,7,643,5,5,13300,22400,24100,29600,4700,900
CS,16,4,0.25,random,12,20260916,100,True,7,643,5,5,13100,22200,23000,29800,7300,900
SD,16,4,0.25,random,12,20260916,100,True,4,491,11,11,7200,1425000,27100,39500,7600,3100
SD,16,4,0.25,random,13,20260917,100,True,4,493,11,11,7200,1109500,26600,39500,10700,3400
CS,16,4,0.25,random,13,20260917,100,True,7,643,5,5,13300,22300,22900,29700,4600,900
CS,16,4,0.25,random,14,20260918,100,True,7,642,5,5,13100,22400,23000,29900,4600,900
SD,16,4,0.25,random,14,20260918,100,True,4,493,11,11,7200,1245800,27100,39400,8900,4200
SD,16,4,0.25,random,15,20260919,100,True,3,374,11,11,7200,1134100,24500,32200,6900,2500
CS,16,4,0.25,random,15,20260919,100,True,6,554,5,5,19100,44300,38700,25700,7200,1600
CS,16,4,0.25,random,16,20260920,100,True,6,554,5,5,25300,22600,21900,25700,4700,900
SD,16,4,0.25,random,16,20260920,100,True,3,375,11,11,7100,1174700,25700,31300,9300,2600
SD,16,4,0.25,random,17,20260921,100,True,3,374,11,11,7100,1088400,20100,27200,8000,2700
CS,16,4,0.25,random,17,20260921,100,True,4,379,5,5,13200,22500,18300,17400,4800,800
CS,16,4,0.25,random,18,20260922,100,True,5,465,5,5,13100,22300,19600,21700,4700,800
SD,16,4,0.25,random,18,20260922,100,True,4,491,11,11,7200,1114100,22300,34600,6500,3300
SD,16,4,0.25,random,19,20260923,100,True,3,375,11,11,7100,1169100,24500,31800,9400,2600
CS,16,4,0.25,random,19,20260923,100,True,6,554,5,5,13100,22400,21400,25800,4700,900
CS,16,4,0.25,contiguous,0,20260904,100,True,2,202,5,5,13200,21500,14100,9300,4700,600
SD,16,4,0.25,contiguous,0,20260904,100,True,1,142,11,11,7100,1095900,15200,10800,6600,2100
SD,16,4,0.25,contiguous,1,20260904,100,True,1,142,11,11,7200,1102800,15600,10600,6700,1300
CS,16,4,0.25,contiguous,1,20260904,100,True,2,202,5,5,13100,21800,14300,9200,4600,700
CS,16,4,0.25,contiguous,2,20260904,100,True,2,202,5,5,13100,21900,14300,9300,4700,700
SD,16,4,0.25,contiguous,2,20260904,100,True,1,142,11,11,7200,1223900,15300,10600,6600,1300
SD,16,4,0.25,contiguous,3,20260904,100,True,1,142,11,11,7100,1298500,16400,10600,6700,2000
CS,16,4,0.25,contiguous,3,20260904,100,True,2,202,5,5,13600,21700,14600,15500,4700,700
CS,16,4,0.25,contiguous,4,20260904,100,True,2,202,5,5,13200,22000,24000,19400,4700,700
SD,16,4,0.25,contiguous,4,20260904,100,True,1,142,11,11,7100,1203500,15300,10600,6600,1300
SD,16,4,0.25,contiguous,5,20260904,100,True,1,142,11,11,7100,1180700,16100,10900,6600,1300
CS,16,4,0.25,contiguous,5,20260904,100,True,2,202,5,5,18900,21500,14300,9400,4700,700
CS,16,4,0.25,contiguous,6,20260904,100,True,2,202,5,5,13600,21500,14200,9300,8900,600
SD,16,4,0.25,contiguous,6,20260904,100,True,1,142,11,11,7200,1101600,15300,10700,6600,1300
SD,16,4,0.25,contiguous,7,20260904,100,True,1,142,11,11,7200,1121100,15200,10700,6600,1300
CS,16,4,0.25,contiguous,7,20260904,100,True,2,202,5,5,13200,21900,14200,9200,4600,600
CS,16,4,0.25,contiguous,8,20260904,100,True,2,202,5,5,13100,21400,14300,9200,4600,600
SD,16,4,0.25,contiguous,8,20260904,100,True,1,142,11,11,7200,1091500,15300,10500,6600,1300
SD,16,4,0.25,contiguous,9,20260904,100,True,1,142,11,11,7200,1105300,15200,10600,6600,1300
CS,16,4,0.25,contiguous,9,20260904,100,True,2,202,5,5,13200,21600,14100,9300,4700,1100
CS,16,4,0.25,uniform,0,20260904,100,True,8,731,5,5,13100,21700,24700,33700,4800,1000
SD,16,4,0.25,uniform,0,20260904,100,True,4,491,11,11,7200,1113200,29300,41500,6400,4700
SD,16,4,0.25,uniform,1,20260904,100,True,4,491,11,11,11000,1112300,29200,41300,6800,3100
CS,16,4,0.25,uniform,1,20260904,100,True,8,731,5,5,13000,21700,24800,33700,4800,900
CS,16,4,0.25,uniform,2,20260904,100,True,8,731,5,5,13100,21900,24600,33700,4800,900
SD,16,4,0.25,uniform,2,20260904,100,True,4,491,11,11,7100,1103400,28900,41700,6400,3100
SD,16,4,0.25,uniform,3,20260904,100,True,4,491,11,11,7100,1100900,29100,41300,6400,3100
CS,16,4,0.25,uniform,3,20260904,100,True,8,731,5,5,13400,21800,24900,33700,4800,1000
CS,16,4,0.25,uniform,4,20260904,100,True,8,731,5,5,13100,21600,24700,33600,4800,1000
SD,16,4,0.25,uniform,4,20260904,100,True,4,491,11,11,7100,1094400,28900,41600,6400,3100
SD,16,4,0.25,uniform,5,20260904,100,True,4,491,11,11,7100,1109600,29500,41500,6400,3100
CS,16,4,0.25,uniform,5,20260904,100,True,8,731,5,5,13400,21700,24600,33600,4800,1000
CS,16,4,0.25,uniform,6,20260904,100,True,8,731,5,5,13100,21700,24600,33800,4800,900
SD,16,4,0.25,uniform,6,20260904,100,True,4,491,11,11,7100,1121200,30600,41700,6400,3400
SD,16,4,0.25,uniform,7,20260904,100,True,4,491,11,11,7300,1106500,29000,41500,6400,3100
CS,16,4,0.25,uniform,7,20260904,100,True,8,731,5,5,13200,21800,24800,33700,4800,900
CS,16,4,0.25,uniform,8,20260904,100,True,8,731,5,5,13100,21700,25300,33800,8700,1700
SD,16,4,0.25,uniform,8,20260904,100,True,4,491,11,11,7100,1128000,30200,41700,6400,3100
SD,16,4,0.25,uniform,9,20260904,100,True,4,491,11,11,7200,1097500,29600,41300,6400,3100
CS,16,4,0.25,uniform,9,20260904,100,True,8,731,5,5,13200,21800,24600,33600,4800,1000
CS,16,4,0.25,clustered,0,20260904,100,True,2,202,5,5,13100,21900,14300,9200,4600,600
SD,16,4,0.25,clustered,0,20260904,100,True,1,142,11,11,7300,1096900,15200,10700,8700,1300
SD,16,4,0.25,clustered,1,20260904,100,True,1,142,11,11,7100,1108500,15100,10700,15100,1400
CS,16,4,0.25,clustered,1,20260904,100,True,2,202,5,5,13100,21700,14100,9300,4600,700
CS,16,4,0.25,clustered,2,20260904,100,True,2,202,5,5,13200,21700,14600,9200,4600,700
SD,16,4,0.25,clustered,2,20260904,100,True,1,142,11,11,12400,1100000,15600,10700,8700,1300
SD,16,4,0.25,clustered,3,20260904,100,True,1,142,11,11,7200,1104400,15800,10700,8700,1300
CS,16,4,0.25,clustered,3,20260904,100,True,2,202,5,5,13200,21600,14100,9300,4600,700
CS,16,4,0.25,clustered,4,20260904,100,True,2,202,5,5,13200,33000,14000,9200,4600,600
SD,16,4,0.25,clustered,4,20260904,100,True,1,142,11,11,12200,1109800,15200,10700,9000,1300
SD,16,4,0.25,clustered,5,20260904,100,True,1,142,11,11,7200,1106200,15800,10800,8700,1300
CS,16,4,0.25,clustered,5,20260904,100,True,2,202,5,5,13200,22100,14100,9300,4500,600
CS,16,4,0.25,clustered,6,20260904,100,True,2,202,5,5,13200,21800,14100,9300,4600,700
SD,16,4,0.25,clustered,6,20260904,100,True,1,142,11,11,7200,1107200,15100,10800,8800,1300
SD,16,4,0.25,clustered,7,20260904,100,True,1,142,11,11,13500,1104600,15100,11500,8700,1300
CS,16,4,0.25,clustered,7,20260904,100,True,2,202,5,5,13200,21800,14600,9300,4600,700
CS,16,4,0.25,clustered,8,20260904,100,True,2,202,5,5,13100,21700,14300,9200,4600,700
SD,16,4,0.25,clustered,8,20260904,100,True,1,142,11,11,7100,1105900,15200,10700,8700,1300
SD,16,4,0.25,clustered,9,20260904,100,True,1,142,11,11,7500,1107000,15000,10700,8700,1300
CS,16,4,0.25,clustered,9,20260904,100,True,2,202,5,5,13200,21500,17400,9300,4600,900
CS,16,8,0.50,random,0,20260904,100,True,6,555,5,5,13200,22100,32100,25700,4600,900
SD,16,8,0.50,random,0,20260904,100,True,5,610,11,11,7200,1102500,35800,43000,8700,3900
SD,16,8,0.50,random,1,20260905,100,True,5,610,11,11,7200,1109800,36200,43200,6400,3900
CS,16,8,0.50,random,1,20260905,100,True,6,555,5,5,13100,22400,31900,25600,4700,1200
CS,16,8,0.50,random,2,20260906,100,True,6,555,5,5,13100,22400,32200,25700,4600,800
SD,16,8,0.50,random,2,20260906,100,True,5,609,11,11,7100,1107000,36000,42900,6300,3800
SD,16,8,0.50,random,3,20260907,100,True,5,610,11,11,7100,1104900,35800,43200,8700,3900
CS,16,8,0.50,random,3,20260907,100,True,6,555,5,5,13300,23900,31700,25600,4600,900
CS,16,8,0.50,random,4,20260908,100,True,4,378,5,5,13100,22400,28500,17500,4700,800
SD,16,8,0.50,random,4,20260908,100,True,4,491,11,11,7300,1106200,31200,33000,6900,3100
SD,16,8,0.50,random,5,20260909,100,True,4,492,11,11,7200,1099900,35400,67400,7600,3100
CS,16,8,0.50,random,5,20260909,100,True,6,556,5,5,20400,22300,32000,25600,4700,900
CS,16,8,0.50,random,6,20260910,100,True,5,468,5,5,13300,22100,29800,21500,4700,800
SD,16,8,0.50,random,6,20260910,100,True,4,491,11,11,7200,1102800,33200,35100,8300,3100
SD,16,8,0.50,random,7,20260911,100,True,4,491,11,11,7100,1107900,31100,32500,7600,2900
CS,16,8,0.50,random,7,20260911,100,True,4,379,5,5,13200,38300,28200,17500,4700,800
CS,16,8,0.50,random,8,20260912,100,True,6,556,5,5,13100,22000,32700,25600,12500,900
SD,16,8,0.50,random,8,20260912,100,True,5,609,11,11,7200,1111500,35800,43200,7700,3500
SD,16,8,0.50,random,9,20260913,100,True,4,493,11,11,7300,1108500,35700,37300,8600,3300
CS,16,8,0.50,random,9,20260913,100,True,6,555,5,5,13300,22400,31900,25600,4600,900
CS,16,8,0.50,random,10,20260914,100,True,7,643,5,5,13000,22400,33800,29800,4600,900
SD,16,8,0.50,random,10,20260914,100,True,6,728,11,11,11100,1237300,38400,51300,6500,4500
SD,16,8,0.50,random,11,20260915,100,True,4,492,11,11,7100,1403600,35500,37400,7600,2900
CS,16,8,0.50,random,11,20260915,100,True,6,556,5,5,13100,22200,32100,25700,4700,900
CS,16,8,0.50,random,12,20260916,100,True,7,644,5,5,13300,22500,33700,29800,4600,900
SD,16,8,0.50,random,12,20260916,100,True,7,843,11,11,7200,1148800,38500,99600,14300,9400
SD,16,8,0.50,random,13,20260917,100,True,6,726,11,11,13300,1096300,37700,50700,7000,4300
CS,16,8,0.50,random,13,20260917,100,True,7,644,5,5,13200,22300,34100,29800,4700,900
CS,16,8,0.50,random,14,20260918,100,True,7,644,5,5,13200,22200,33800,29800,4600,900
SD,16,8,0.50,random,14,20260918,100,True,6,726,11,11,7300,1120200,39300,50900,7000,4300
SD,16,8,0.50,random,15,20260919,100,True,6,726,11,11,7200,1109300,70100,94200,6300,4500
CS,16,8,0.50,random,15,20260919,100,True,6,555,5,5,13200,22200,32000,25600,4600,1500
CS,16,8,0.50,random,16,20260920,100,True,6,555,5,5,13200,22200,31700,25600,4600,800
SD,16,8,0.50,random,16,20260920,100,True,5,609,11,11,7100,1145700,35800,90500,6300,3800
SD,16,8,0.50,random,17,20260921,100,True,2,260,11,11,7100,1266000,30900,21500,14200,1600
CS,16,8,0.50,random,17,20260921,100,True,4,379,5,5,13200,22100,28400,17400,4700,800
CS,16,8,0.50,random,18,20260922,100,True,4,378,5,5,13200,22300,28400,17500,4600,800
SD,16,8,0.50,random,18,20260922,100,True,3,376,11,11,7200,1137500,55200,48700,13300,4500
SD,16,8,0.50,random,19,20260923,100,True,3,375,11,11,11900,1101200,33500,29300,8600,2600
CS,16,8,0.50,random,19,20260923,100,True,5,467,5,5,13300,22400,29800,21600,4600,800
CS,16,8,0.50,contiguous,0,20260904,100,True,1,115,5,5,13100,21800,22900,5100,4600,600
SD,16,8,0.50,contiguous,0,20260904,100,True,1,142,11,11,7200,1097000,23500,8600,6400,1200
SD,16,8,0.50,contiguous,1,20260904,100,True,1,142,11,11,7200,1097400,23400,8600,6400,1200
CS,16,8,0.50,contiguous,1,20260904,100,True,1,115,5,5,13200,21800,23000,5100,4600,600
CS,16,8,0.50,contiguous,2,20260904,100,True,1,115,5,5,13100,21800,23200,5100,4600,600
SD,16,8,0.50,contiguous,2,20260904,100,True,1,142,11,11,7200,1096000,23400,8400,6400,1200
SD,16,8,0.50,contiguous,3,20260904,100,True,1,142,11,11,7200,1103300,23200,8500,6500,1300
CS,16,8,0.50,contiguous,3,20260904,100,True,1,115,5,5,13100,21800,22700,5300,4500,600
CS,16,8,0.50,contiguous,4,20260904,100,True,1,115,5,5,13100,21800,22900,5100,4600,600
SD,16,8,0.50,contiguous,4,20260904,100,True,1,142,11,11,7100,1105100,23500,8400,6400,1300
SD,16,8,0.50,contiguous,5,20260904,100,True,1,142,11,11,7100,1102600,23800,8400,6500,1200
CS,16,8,0.50,contiguous,5,20260904,100,True,1,115,5,5,13100,21900,23000,5100,4600,600
CS,16,8,0.50,contiguous,6,20260904,100,True,1,115,5,5,13100,21600,22800,5100,4600,600
SD,16,8,0.50,contiguous,6,20260904,100,True,1,142,11,11,10600,1100500,23500,8400,6500,2300
SD,16,8,0.50,contiguous,7,20260904,100,True,1,142,11,11,13100,1105700,23400,15100,6500,1200
CS,16,8,0.50,contiguous,7,20260904,100,True,1,115,5,5,13100,21800,23400,5100,4600,600
CS,16,8,0.50,contiguous,8,20260904,100,True,1,115,5,5,13100,21900,23000,5100,4600,600
SD,16,8,0.50,contiguous,8,20260904,100,True,1,142,11,11,7100,1098100,23600,8400,6500,1200
SD,16,8,0.50,contiguous,9,20260904,100,True,1,142,11,11,7200,1099800,23300,8400,6500,1300
CS,16,8,0.50,contiguous,9,20260904,100,True,1,115,5,5,13200,21800,23000,5100,4600,600
CS,16,8,0.50,uniform,0,20260904,100,True,8,732,5,5,13000,21600,35400,33900,4600,1000
SD,16,8,0.50,uniform,0,20260904,100,True,8,961,11,11,7200,1092600,41200,64700,6200,5600
SD,16,8,0.50,uniform,1,20260904,100,True,8,961,11,11,7300,1111500,40200,64400,6200,5600
CS,16,8,0.50,uniform,1,20260904,100,True,8,732,5,5,13100,21800,35200,33600,4500,1000
CS,16,8,0.50,uniform,2,20260904,100,True,8,732,5,5,13100,22000,35100,33600,4600,1000
SD,16,8,0.50,uniform,2,20260904,100,True,8,961,11,11,7100,1115000,40400,64800,6200,5600
SD,16,8,0.50,uniform,3,20260904,100,True,8,961,11,11,7200,1102400,40200,64900,9700,5600
CS,16,8,0.50,uniform,3,20260904,100,True,8,732,5,5,13000,21700,35400,33800,4500,1000
CS,16,8,0.50,uniform,4,20260904,100,True,8,732,5,5,13200,21600,35700,33700,8000,1000
SD,16,8,0.50,uniform,4,20260904,100,True,8,961,11,11,7200,1103700,40300,64700,6200,5600
SD,16,8,0.50,uniform,5,20260904,100,True,8,961,11,11,7200,1111700,40300,64300,6200,5600
CS,16,8,0.50,uniform,5,20260904,100,True,8,732,5,5,13200,21500,35900,33600,4600,1000
CS,16,8,0.50,uniform,6,20260904,100,True,8,732,5,5,13100,21700,35300,33600,4600,900
SD,16,8,0.50,uniform,6,20260904,100,True,8,961,11,11,7100,1113000,40100,64900,6200,5600
SD,16,8,0.50,uniform,7,20260904,100,True,8,961,11,11,7300,1104300,40300,64500,6200,5600
CS,16,8,0.50,uniform,7,20260904,100,True,8,732,5,5,13400,21800,35600,33700,4600,1000
CS,16,8,0.50,uniform,8,20260904,100,True,8,732,5,5,13300,21700,35700,33700,4600,900
SD,16,8,0.50,uniform,8,20260904,100,True,8,961,11,11,7100,1129900,40400,64600,6200,5600
SD,16,8,0.50,uniform,9,20260904,100,True,8,961,11,11,7200,1105600,40500,64700,6300,5600
CS,16,8,0.50,uniform,9,20260904,100,True,8,732,5,5,13100,22000,35500,33700,4500,1000
CS,16,8,0.50,clustered,0,20260904,100,True,1,115,5,5,13100,21800,22800,5100,4600,600
SD,16,8,0.50,clustered,0,20260904,100,True,1,142,11,11,7200,1106200,23300,8500,8800,1500
SD,16,8,0.50,clustered,1,20260904,100,True,1,142,11,11,7100,1096800,23300,8500,6500,1300
CS,16,8,0.50,clustered,1,20260904,100,True,1,115,5,5,13100,21900,23700,5100,4600,600
CS,16,8,0.50,clustered,2,20260904,100,True,1,115,5,5,13100,21900,22900,5100,4600,600
SD,16,8,0.50,clustered,2,20260904,100,True,1,142,11,11,7200,1109800,23200,8500,11400,1500
SD,16,8,0.50,clustered,3,20260904,100,True,1,142,11,11,7200,1100700,24200,8500,6500,1300
CS,16,8,0.50,clustered,3,20260904,100,True,1,115,5,5,13100,22600,22600,5100,4600,600
CS,16,8,0.50,clustered,4,20260904,100,True,1,115,5,5,13200,21900,22600,5100,4600,600
SD,16,8,0.50,clustered,4,20260904,100,True,1,142,11,11,7300,1116100,23300,8800,6500,1200
SD,16,8,0.50,clustered,5,20260904,100,True,1,142,11,11,7200,1104100,23400,8500,6500,1200
CS,16,8,0.50,clustered,5,20260904,100,True,1,115,5,5,13200,21700,22600,5100,4600,600
CS,16,8,0.50,clustered,6,20260904,100,True,1,115,5,5,13100,21700,22700,5100,4600,600
SD,16,8,0.50,clustered,6,20260904,100,True,1,142,11,11,7100,1101800,23200,8600,6400,1300
SD,16,8,0.50,clustered,7,20260904,100,True,1,142,11,11,7200,1098800,23500,8500,6500,1300
CS,16,8,0.50,clustered,7,20260904,100,True,1,115,5,5,13100,22000,22600,5100,4600,600
CS,16,8,0.50,clustered,8,20260904,100,True,1,115,5,5,13100,21800,22800,5100,4600,600
SD,16,8,0.50,clustered,8,20260904,100,True,1,142,11,11,7200,1107000,23300,8500,6700,1300
SD,16,8,0.50,clustered,9,20260904,100,True,1,142,11,11,7200,1143400,23200,8800,6500,1300
CS,16,8,0.50,clustered,9,20260904,100,True,1,115,5,5,13100,21800,22900,5100,4600,600
CS,32,0,zero,random,0,20260904,100,True,1,115,6,6,24800,50300,400,5100,4600,
SD,32,0,zero,random,0,20260904,100,True,1,145,16,16,13200,3917300,400,6500,4300,
SD,32,0,zero,random,1,20260905,100,True,1,145,16,16,13200,3839800,400,6300,4300,
CS,32,0,zero,random,1,20260905,100,True,1,115,6,6,24800,49600,400,5200,4600,
CS,32,0,zero,random,2,20260906,100,True,1,115,6,6,24600,50100,400,5200,4600,
SD,32,0,zero,random,2,20260906,100,True,1,145,16,16,13300,3946800,500,6300,4400,
SD,32,0,zero,random,3,20260907,100,True,1,145,16,16,13400,3975600,400,6300,4300,
CS,32,0,zero,random,3,20260907,100,True,1,115,6,6,24700,49700,400,5100,4600,
CS,32,0,zero,random,4,20260908,100,True,1,115,6,6,24600,49600,400,5200,4600,
SD,32,0,zero,random,4,20260908,100,True,1,145,16,16,13200,3911100,400,6300,4400,
SD,32,0,zero,random,5,20260909,100,True,1,145,16,16,13200,3803100,500,6300,7400,
CS,32,0,zero,random,5,20260909,100,True,1,115,6,6,24700,50200,400,5100,5700,
CS,32,0,zero,random,6,20260910,100,True,1,115,6,6,24600,49500,400,5100,4600,
SD,32,0,zero,random,6,20260910,100,True,1,145,16,16,13200,3872500,400,6400,4300,
SD,32,0,zero,random,7,20260911,100,True,1,145,16,16,13300,4132400,400,6300,4400,
CS,32,0,zero,random,7,20260911,100,True,1,115,6,6,24900,50000,400,5700,4600,
CS,32,0,zero,random,8,20260912,100,True,1,115,6,6,24700,50000,400,5100,4600,
SD,32,0,zero,random,8,20260912,100,True,1,145,16,16,13300,3977500,400,6300,4300,
SD,32,0,zero,random,9,20260913,100,True,1,145,16,16,13500,3957700,400,6300,4400,
CS,32,0,zero,random,9,20260913,100,True,1,115,6,6,24700,49900,400,5100,4600,
CS,32,0,zero,random,10,20260914,100,True,1,115,6,6,24700,50100,400,5100,4600,
SD,32,0,zero,random,10,20260914,100,True,1,145,16,16,13300,3881300,700,6300,4400,
SD,32,0,zero,random,11,20260915,100,True,1,145,16,16,13200,3969600,500,6300,4300,
CS,32,0,zero,random,11,20260915,100,True,1,115,6,6,24800,49600,400,5100,4600,
CS,32,0,zero,random,12,20260916,100,True,1,115,6,6,24700,50000,400,5100,4600,
SD,32,0,zero,random,12,20260916,100,True,1,145,16,16,13200,3957100,400,6200,4400,
SD,32,0,zero,random,13,20260917,100,True,1,145,16,16,13200,3898700,500,6300,4400,
CS,32,0,zero,random,13,20260917,100,True,1,115,6,6,24900,49500,700,5100,4600,
CS,32,0,zero,random,14,20260918,100,True,1,115,6,6,24500,49600,400,5100,4600,
SD,32,0,zero,random,14,20260918,100,True,1,145,16,16,13200,3945500,400,6300,4400,
SD,32,0,zero,random,15,20260919,100,True,1,145,16,16,13300,3918400,1200,9500,7800,
CS,32,0,zero,random,15,20260919,100,True,1,115,6,6,24800,50300,400,5100,4600,
CS,32,0,zero,random,16,20260920,100,True,1,115,6,6,24600,49500,400,5100,4600,
SD,32,0,zero,random,16,20260920,100,True,1,145,16,16,13300,3927400,400,6300,4400,
SD,32,0,zero,random,17,20260921,100,True,1,145,16,16,13400,3794100,500,6300,4300,
CS,32,0,zero,random,17,20260921,100,True,1,115,6,6,24800,50300,400,5100,4700,
CS,32,0,zero,random,18,20260922,100,True,1,115,6,6,24700,50000,400,5200,4600,
SD,32,0,zero,random,18,20260922,100,True,1,145,16,16,13400,3728600,400,6300,4400,
SD,32,0,zero,random,19,20260923,100,True,1,145,16,16,13300,3958100,400,11200,4300,
CS,32,0,zero,random,19,20260923,100,True,1,115,6,6,24600,49900,400,5100,4600,
CS,32,1,single,random,0,20260904,100,True,5,465,6,6,24800,49600,12100,36900,4700,800
SD,32,1,single,random,0,20260904,100,True,1,143,16,16,13300,3959800,14000,19000,12100,2200
SD,32,1,single,random,1,20260905,100,True,1,143,16,16,13300,3979600,13800,17700,15800,2100
CS,32,1,single,random,1,20260905,100,True,5,466,6,6,24700,49900,11500,21500,4600,800
CS,32,1,single,random,2,20260906,100,True,5,466,6,6,24800,49800,11500,21700,4600,800
SD,32,1,single,random,2,20260906,100,True,1,143,16,16,13500,3906800,13800,18400,16000,2200
SD,32,1,single,random,3,20260907,100,True,1,143,16,16,13300,3993900,14000,17900,14300,2200
CS,32,1,single,random,3,20260907,100,True,5,466,6,6,24600,49900,11600,21500,4600,800
CS,32,1,single,random,4,20260908,100,True,5,466,6,6,24600,49800,11500,21500,4600,800
SD,32,1,single,random,4,20260908,100,True,1,143,16,16,13200,3833000,13900,18100,14100,2200
SD,32,1,single,random,5,20260909,100,True,1,143,16,16,13200,4117000,14300,17700,12000,2100
CS,32,1,single,random,5,20260909,100,True,5,465,6,6,24700,50000,12000,21500,4800,900
CS,32,1,single,random,6,20260910,100,True,5,465,6,6,24700,50000,11700,21500,4700,800
SD,32,1,single,random,6,20260910,100,True,1,143,16,16,13200,4106600,13900,18000,12000,2100
SD,32,1,single,random,7,20260911,100,True,1,143,16,16,13300,3935000,13900,18100,16800,2200
CS,32,1,single,random,7,20260911,100,True,5,466,6,6,24800,50500,11700,21600,4700,1300
CS,32,1,single,random,8,20260912,100,True,5,465,6,6,24700,50000,11600,21500,4800,800
SD,32,1,single,random,8,20260912,100,True,1,143,16,16,13200,3817700,14600,31900,10000,2200
SD,32,1,single,random,9,20260913,100,True,1,143,16,16,13400,4294700,14400,17700,12000,2600
CS,32,1,single,random,9,20260913,100,True,5,465,6,6,24500,50200,12000,21500,4800,1400
CS,32,1,single,random,10,20260914,100,True,5,466,6,6,24600,49800,11900,21500,8200,800
SD,32,1,single,random,10,20260914,100,True,1,143,16,16,14000,4116000,13900,18000,16100,2200
SD,32,1,single,random,11,20260915,100,True,1,143,16,16,13400,3959200,14000,17700,11900,3800
CS,32,1,single,random,11,20260915,100,True,5,465,6,6,24800,50200,12400,21500,4800,2200
CS,32,1,single,random,12,20260916,100,True,5,465,6,6,24700,49900,12100,21700,7100,800
SD,32,1,single,random,12,20260916,100,True,1,143,16,16,13200,4154900,14100,17700,9900,2100
SD,32,1,single,random,13,20260917,100,True,1,143,16,16,24900,3960200,15300,17500,14000,2100
CS,32,1,single,random,13,20260917,100,True,5,466,6,6,25100,50400,11700,21500,7000,800
CS,32,1,single,random,14,20260918,100,True,5,466,6,6,24800,50300,11600,21500,9600,800
SD,32,1,single,random,14,20260918,100,True,1,143,16,16,13100,4226700,14000,18100,25000,3800
SD,32,1,single,random,15,20260919,100,True,1,143,16,16,13100,3861100,13900,17700,11800,2100
CS,32,1,single,random,15,20260919,100,True,5,465,6,6,24900,50000,11600,21500,4700,800
CS,32,1,single,random,16,20260920,100,True,5,466,6,6,24900,50400,11500,21600,4600,800
SD,32,1,single,random,16,20260920,100,True,1,143,16,16,13400,4008000,14200,17800,15800,2000
SD,32,1,single,random,17,20260921,100,True,1,143,16,16,13200,3949100,14400,18200,14200,2200
CS,32,1,single,random,17,20260921,100,True,5,466,6,6,24700,50200,11500,21500,4700,800
CS,32,1,single,random,18,20260922,100,True,5,466,6,6,24700,49400,11600,21500,4600,800
SD,32,1,single,random,18,20260922,100,True,1,143,16,16,13200,3943800,13800,18100,16300,2200
SD,32,1,single,random,19,20260923,100,True,1,143,16,16,13200,3930700,13900,18000,16000,2200
CS,32,1,single,random,19,20260923,100,True,5,466,6,6,24800,50200,11600,21500,4600,1100
CS,32,1,single,contiguous,0,20260904,100,True,5,465,6,6,24500,49100,11600,21400,4800,800
SD,32,1,single,contiguous,0,20260904,100,True,1,143,16,16,13300,3906100,13900,17400,7600,1900
SD,32,1,single,contiguous,1,20260904,100,True,1,143,16,16,13200,3956600,13900,17200,7600,1900
CS,32,1,single,contiguous,1,20260904,100,True,5,465,6,6,24700,48600,11500,21400,4800,800
CS,32,1,single,contiguous,2,20260904,100,True,5,465,6,6,24700,48900,11800,21400,4800,800
SD,32,1,single,contiguous,2,20260904,100,True,1,143,16,16,13200,3970500,14600,36500,7600,2000
SD,32,1,single,contiguous,3,20260904,100,True,1,143,16,16,13300,3944100,13900,17100,7600,2000
CS,32,1,single,contiguous,3,20260904,100,True,5,465,6,6,24800,48400,11600,21400,4800,800
CS,32,1,single,contiguous,4,20260904,100,True,5,465,6,6,25000,48400,12000,21500,4800,800
SD,32,1,single,contiguous,4,20260904,100,True,1,143,16,16,13300,4001800,13800,17200,7600,3100
SD,32,1,single,contiguous,5,20260904,100,True,1,143,16,16,13200,4092300,14500,17300,7900,1900
CS,32,1,single,contiguous,5,20260904,100,True,5,465,6,6,24600,49100,11500,21500,4800,800
CS,32,1,single,contiguous,6,20260904,100,True,5,465,6,6,24700,49000,11600,21500,4900,800
SD,32,1,single,contiguous,6,20260904,100,True,1,143,16,16,22300,4011900,13900,17500,7600,2000
SD,32,1,single,contiguous,7,20260904,100,True,1,143,16,16,13300,3805900,13800,17100,7600,2000
CS,32,1,single,contiguous,7,20260904,100,True,5,465,6,6,24800,50100,11500,21400,4800,800
CS,32,1,single,contiguous,8,20260904,100,True,5,465,6,6,24800,48900,12200,21500,4800,800
SD,32,1,single,contiguous,8,20260904,100,True,1,143,16,16,13200,3965900,13900,17200,11700,2000
SD,32,1,single,contiguous,9,20260904,100,True,1,143,16,16,13200,3972500,13900,17200,7800,2000
CS,32,1,single,contiguous,9,20260904,100,True,5,465,6,6,24600,49100,11600,21500,4900,1400
CS,32,1,single,uniform,0,20260904,100,True,5,465,6,6,24700,49000,11600,21400,4800,800
SD,32,1,single,uniform,0,20260904,100,True,1,143,16,16,13500,3902900,13900,17200,7700,1900
SD,32,1,single,uniform,1,20260904,100,True,1,143,16,16,13100,3920400,13800,17500,7600,2000
CS,32,1,single,uniform,1,20260904,100,True,5,465,6,6,24700,49100,11600,21500,7100,800
CS,32,1,single,uniform,2,20260904,100,True,5,465,6,6,24700,49400,11800,21500,4800,800
SD,32,1,single,uniform,2,20260904,100,True,1,143,16,16,13300,3931200,14200,17200,7600,1900
SD,32,1,single,uniform,3,20260904,100,True,1,143,16,16,13400,4304700,27400,33300,7600,2000
CS,32,1,single,uniform,3,20260904,100,True,5,465,6,6,40900,49100,11700,21600,9300,1500
CS,32,1,single,uniform,4,20260904,100,True,5,465,6,6,42500,95600,20700,37100,8200,1400
SD,32,1,single,uniform,4,20260904,100,True,1,143,16,16,22300,3843800,13900,17100,7500,1900
SD,32,1,single,uniform,5,20260904,100,True,1,143,16,16,21000,3899300,13900,32300,7600,2000
CS,32,1,single,uniform,5,20260904,100,True,5,465,6,6,24900,93500,17100,21600,9300,1500
CS,32,1,single,uniform,6,20260904,100,True,5,465,6,6,44500,48800,12000,21700,6600,1000
SD,32,1,single,uniform,6,20260904,100,True,1,143,16,16,13300,3869500,13900,17200,7600,2000
SD,32,1,single,uniform,7,20260904,100,True,1,143,16,16,13300,4050800,25800,21500,7800,3200
CS,32,1,single,uniform,7,20260904,100,True,5,465,6,6,39800,48700,11500,21600,4800,800
CS,32,1,single,uniform,8,20260904,100,True,5,465,6,6,24600,49300,11600,21500,4800,800
SD,32,1,single,uniform,8,20260904,100,True,1,143,16,16,13500,3933100,14000,17200,7800,1900
SD,32,1,single,uniform,9,20260904,100,True,1,143,16,16,13200,4132000,14200,17100,7600,2000
CS,32,1,single,uniform,9,20260904,100,True,5,465,6,6,24800,48700,11600,21500,4800,800
CS,32,1,single,clustered,0,20260904,100,True,5,466,6,6,25000,49100,11900,21500,4600,800
SD,32,1,single,clustered,0,20260904,100,True,1,143,16,16,13200,4149100,13900,17500,16100,2000
SD,32,1,single,clustered,1,20260904,100,True,1,143,16,16,13200,3969500,13700,17400,15500,2000
CS,32,1,single,clustered,1,20260904,100,True,5,466,6,6,24500,48700,11600,21600,7400,1100
CS,32,1,single,clustered,2,20260904,100,True,5,466,6,6,39000,48600,11500,21600,5900,900
SD,32,1,single,clustered,2,20260904,100,True,1,143,16,16,13200,3869000,13800,17500,15500,2000
SD,32,1,single,clustered,3,20260904,100,True,1,143,16,16,13200,3771600,13800,17500,15600,2100
CS,32,1,single,clustered,3,20260904,100,True,5,466,6,6,24700,48800,11400,21400,4600,800
CS,32,1,single,clustered,4,20260904,100,True,5,466,6,6,24600,48800,11500,21600,4600,800
SD,32,1,single,clustered,4,20260904,100,True,1,143,16,16,19300,3935300,27000,17400,15600,2000
SD,32,1,single,clustered,5,20260904,100,True,1,143,16,16,13300,3862300,14100,17400,15500,2000
CS,32,1,single,clustered,5,20260904,100,True,5,466,6,6,25500,49000,11400,21500,4600,800
CS,32,1,single,clustered,6,20260904,100,True,5,466,6,6,24700,49400,11600,21500,4600,800
SD,32,1,single,clustered,6,20260904,100,True,1,143,16,16,13500,3924800,15000,17400,15500,2000
SD,32,1,single,clustered,7,20260904,100,True,1,143,16,16,13400,3999500,28900,18200,32300,3800
CS,32,1,single,clustered,7,20260904,100,True,5,466,6,6,24600,97300,11400,21600,7700,800
CS,32,1,single,clustered,8,20260904,100,True,5,466,6,6,24900,49100,11500,36500,4600,800
SD,32,1,single,clustered,8,20260904,100,True,1,143,16,16,16800,3831900,14200,17500,15500,2000
SD,32,1,single,clustered,9,20260904,100,True,1,143,16,16,13100,3954800,14000,17400,15900,2000
CS,32,1,single,clustered,9,20260904,100,True,5,466,6,6,24800,48900,11400,21600,4600,800
CS,32,1,0.01,random,0,20260904,100,True,5,465,6,6,24600,49800,11600,21600,4700,800
SD,32,1,0.01,random,0,20260904,100,True,1,143,16,16,13300,3984800,14000,17900,12000,2200
SD,32,1,0.01,random,1,20260905,100,True,1,143,16,16,13200,3966400,16800,17700,15800,2100
CS,32,1,0.01,random,1,20260905,100,True,5,466,6,6,24700,50100,15400,21500,4600,800
CS,32,1,0.01,random,2,20260906,100,True,5,466,6,6,24800,49800,12400,21500,4600,800
SD,32,1,0.01,random,2,20260906,100,True,1,143,16,16,13300,4032300,14700,18000,16000,2200
SD,32,1,0.01,random,3,20260907,100,True,1,143,16,16,13200,3943800,14400,17800,13900,2200
CS,32,1,0.01,random,3,20260907,100,True,5,466,6,6,24700,50000,11600,21500,4700,800
CS,32,1,0.01,random,4,20260908,100,True,5,466,6,6,24600,50100,11700,21600,4600,800
SD,32,1,0.01,random,4,20260908,100,True,1,143,16,16,13200,3949700,14000,18200,14200,2200
SD,32,1,0.01,random,5,20260909,100,True,1,143,16,16,13200,3822600,14400,17700,11900,2100
CS,32,1,0.01,random,5,20260909,100,True,5,465,6,6,24700,49600,12000,21500,4700,800
CS,32,1,0.01,random,6,20260910,100,True,5,465,6,6,24600,49700,11800,21600,4700,800
SD,32,1,0.01,random,6,20260910,100,True,1,143,16,16,13200,3976600,14000,17800,12000,2100
SD,32,1,0.01,random,7,20260911,100,True,1,143,16,16,13200,3951600,14000,18100,16300,2200
CS,32,1,0.01,random,7,20260911,100,True,5,466,6,6,24600,50600,11600,21500,4600,800
CS,32,1,0.01,random,8,20260912,100,True,5,465,6,6,24500,50100,11600,21700,4700,1400
SD,32,1,0.01,random,8,20260912,100,True,1,143,16,16,13300,3942800,14000,18500,9900,2100
SD,32,1,0.01,random,9,20260913,100,True,1,143,16,16,13100,3968300,14000,17800,12000,2200
CS,32,1,0.01,random,9,20260913,100,True,5,465,6,6,24500,49900,11600,21600,4700,800
CS,32,1,0.01,random,10,20260914,100,True,5,466,6,6,24700,49900,11600,21600,4600,800
SD,32,1,0.01,random,10,20260914,100,True,1,143,16,16,13300,3942600,14000,18200,16100,2200
SD,32,1,0.01,random,11,20260915,100,True,1,143,16,16,13100,4027300,14200,17800,11900,2100
CS,32,1,0.01,random,11,20260915,100,True,5,465,6,6,24500,50400,11700,21600,4700,800
CS,32,1,0.01,random,12,20260916,100,True,5,465,6,6,24600,50400,11700,21600,4700,800
SD,32,1,0.01,random,12,20260916,100,True,1,143,16,16,13400,4098400,14500,17600,9800,2100
SD,32,1,0.01,random,13,20260917,100,True,1,143,16,16,13200,3970500,14400,17600,13700,2100
CS,32,1,0.01,random,13,20260917,100,True,5,466,6,6,24800,49900,11600,21400,4700,800
CS,32,1,0.01,random,14,20260918,100,True,5,466,6,6,24700,49900,11600,21600,4600,800
SD,32,1,0.01,random,14,20260918,100,True,1,143,16,16,13300,3844200,14500,17800,16000,2200
SD,32,1,0.01,random,15,20260919,100,True,1,143,16,16,13400,3941300,13900,17700,11800,2100
CS,32,1,0.01,random,15,20260919,100,True,5,465,6,6,25000,50100,11600,21500,4700,900
CS,32,1,0.01,random,16,20260920,100,True,5,466,6,6,24500,72600,17000,33000,7100,1100
SD,32,1,0.01,random,16,20260920,100,True,1,143,16,16,18900,3793600,14000,17700,16000,2100
SD,32,1,0.01,random,17,20260921,100,True,1,143,16,16,13100,3838000,13900,18300,14100,2200
CS,32,1,0.01,random,17,20260921,100,True,5,466,6,6,24800,50300,13500,21600,4700,800
CS,32,1,0.01,random,18,20260922,100,True,5,466,6,6,24800,49300,12000,21600,4600,800
SD,32,1,0.01,random,18,20260922,100,True,1,143,16,16,13200,4030600,13800,18100,16200,2200
SD,32,1,0.01,random,19,20260923,100,True,1,143,16,16,13200,3826500,14000,18100,15900,2400
CS,32,1,0.01,random,19,20260923,100,True,5,466,6,6,24700,50900,11600,21500,4600,800
CS,32,1,0.01,contiguous,0,20260904,100,True,5,465,6,6,24800,49100,11500,21500,4800,800
SD,32,1,0.01,contiguous,0,20260904,100,True,1,143,16,16,13200,3989400,14300,17200,7600,3300
SD,32,1,0.01,contiguous,1,20260904,100,True,1,143,16,16,13300,3927600,13800,17200,7600,1900
CS,32,1,0.01,contiguous,1,20260904,100,True,5,465,6,6,24600,49000,11500,21500,4800,800
CS,32,1,0.01,contiguous,2,20260904,100,True,5,465,6,6,24500,49100,15800,21600,4900,800
SD,32,1,0.01,contiguous,2,20260904,100,True,1,143,16,16,13200,3981300,14200,17200,7500,2000
SD,32,1,0.01,contiguous,3,20260904,100,True,1,143,16,16,13300,3928700,14100,17200,7600,1900
CS,32,1,0.01,contiguous,3,20260904,100,True,5,465,6,6,24900,49000,11600,21500,4800,800
CS,32,1,0.01,contiguous,4,20260904,100,True,5,465,6,6,24900,48800,11600,21400,4800,800
SD,32,1,0.01,contiguous,4,20260904,100,True,1,143,16,16,13600,4047300,13900,17200,7600,2000
SD,32,1,0.01,contiguous,5,20260904,100,True,1,143,16,16,13400,3718300,13800,17100,7600,2000
CS,32,1,0.01,contiguous,5,20260904,100,True,5,465,6,6,24700,49000,11600,21400,4800,800
CS,32,1,0.01,contiguous,6,20260904,100,True,5,465,6,6,24700,48700,11600,21400,8000,1400
SD,32,1,0.01,contiguous,6,20260904,100,True,1,143,16,16,13200,3965000,14100,17100,7600,1900
SD,32,1,0.01,contiguous,7,20260904,100,True,1,143,16,16,13200,3870900,14300,17100,7600,1900
CS,32,1,0.01,contiguous,7,20260904,100,True,5,465,6,6,24800,48800,11500,21400,4800,800
CS,32,1,0.01,contiguous,8,20260904,100,True,5,465,6,6,24600,49100,11600,21500,4900,800
SD,32,1,0.01,contiguous,8,20260904,100,True,1,143,16,16,13200,3931500,13800,17200,7600,2000
SD,32,1,0.01,contiguous,9,20260904,100,True,1,143,16,16,13200,3975200,14000,17100,7600,1900
CS,32,1,0.01,contiguous,9,20260904,100,True,5,465,6,6,24500,48600,15600,21500,4800,800
CS,32,1,0.01,uniform,0,20260904,100,True,5,465,6,6,24800,48800,12900,21600,4800,800
SD,32,1,0.01,uniform,0,20260904,100,True,1,143,16,16,13300,4055000,13900,17100,7600,1900
SD,32,1,0.01,uniform,1,20260904,100,True,1,143,16,16,13200,3898200,14100,17100,7600,1900
CS,32,1,0.01,uniform,1,20260904,100,True,5,465,6,6,24600,49000,11600,21500,4800,800
CS,32,1,0.01,uniform,2,20260904,100,True,5,465,6,6,24800,48600,11700,21500,4800,800
SD,32,1,0.01,uniform,2,20260904,100,True,1,143,16,16,13300,4057200,14000,17200,7800,1900
SD,32,1,0.01,uniform,3,20260904,100,True,1,143,16,16,13500,3871100,13800,17300,7600,1900
CS,32,1,0.01,uniform,3,20260904,100,True,5,465,6,6,24700,49400,11500,21500,4800,800
CS,32,1,0.01,uniform,4,20260904,100,True,5,465,6,6,24900,48300,11600,21500,4900,800
SD,32,1,0.01,uniform,4,20260904,100,True,1,143,16,16,13300,4019000,14000,18000,7600,2000
SD,32,1,0.01,uniform,5,20260904,100,True,1,143,16,16,13300,3949700,13900,17100,7600,2000
CS,32,1,0.01,uniform,5,20260904,100,True,5,465,6,6,24700,49300,11500,21400,4800,800
CS,32,1,0.01,uniform,6,20260904,100,True,5,465,6,6,24700,49000,11600,21500,4900,1400
SD,32,1,0.01,uniform,6,20260904,100,True,1,143,16,16,13200,3955900,13900,17100,7600,1900
SD,32,1,0.01,uniform,7,20260904,100,True,1,143,16,16,13200,3994200,15000,17100,7500,1900
CS,32,1,0.01,uniform,7,20260904,100,True,5,465,6,6,24600,49300,12000,21400,4800,800
CS,32,1,0.01,uniform,8,20260904,100,True,5,465,6,6,24500,49000,11600,21400,4800,800
SD,32,1,0.01,uniform,8,20260904,100,True,1,143,16,16,13200,3949300,15200,17100,7700,3000
SD,32,1,0.01,uniform,9,20260904,100,True,1,143,16,16,13200,4101800,13900,17100,7700,2000
CS,32,1,0.01,uniform,9,20260904,100,True,5,465,6,6,24500,49100,11600,21400,4900,1400
CS,32,1,0.01,clustered,0,20260904,100,True,5,466,6,6,25800,49200,11500,21600,4700,800
SD,32,1,0.01,clustered,0,20260904,100,True,1,143,16,16,13400,3960800,13800,17500,15600,2000
SD,32,1,0.01,clustered,1,20260904,100,True,1,143,16,16,13300,4278500,24400,18000,15500,2000
CS,32,1,0.01,clustered,1,20260904,100,True,5,466,6,6,24800,49300,11700,21400,4600,800
CS,32,1,0.01,clustered,2,20260904,100,True,5,466,6,6,24600,49200,11700,21500,4600,800
SD,32,1,0.01,clustered,2,20260904,100,True,1,143,16,16,13200,4017300,13900,17400,27500,2100
SD,32,1,0.01,clustered,3,20260904,100,True,1,143,16,16,22800,3819200,14200,31700,15700,2200
CS,32,1,0.01,clustered,3,20260904,100,True,5,466,6,6,29600,65100,20000,34800,4600,800
CS,32,1,0.01,clustered,4,20260904,100,True,5,466,6,6,24600,49000,11700,22500,4700,800
SD,32,1,0.01,clustered,4,20260904,100,True,1,143,16,16,13600,3957900,13900,17400,16000,2100
SD,32,1,0.01,clustered,5,20260904,100,True,1,143,16,16,13100,3802600,13900,17500,15500,3200
CS,32,1,0.01,clustered,5,20260904,100,True,5,466,6,6,24800,49100,11500,21500,4600,800
CS,32,1,0.01,clustered,6,20260904,100,True,5,466,6,6,25000,49100,11500,21400,4600,800
SD,32,1,0.01,clustered,6,20260904,100,True,1,143,16,16,14200,4126600,13800,17900,15500,2100
SD,32,1,0.01,clustered,7,20260904,100,True,1,143,16,16,13300,4084700,13900,17400,15500,2000
CS,32,1,0.01,clustered,7,20260904,100,True,5,466,6,6,24700,49500,11600,21500,4500,800
CS,32,1,0.01,clustered,8,20260904,100,True,5,466,6,6,24700,49100,11500,21600,4600,800
SD,32,1,0.01,clustered,8,20260904,100,True,1,143,16,16,13300,3971200,14000,17400,15600,2700
SD,32,1,0.01,clustered,9,20260904,100,True,1,143,16,16,23600,4448500,13800,17500,15500,2000
CS,32,1,0.01,clustered,9,20260904,100,True,5,466,6,6,24600,93200,11600,21500,4600,1500
CS,32,2,0.05,random,0,20260904,100,True,7,642,6,6,43900,49500,17900,30000,8900,1700
SD,32,2,0.05,random,0,20260904,100,True,3,374,16,16,24400,3908900,41100,33900,12500,3900
SD,32,2,0.05,random,1,20260905,100,True,2,259,16,16,13200,4224600,24400,65800,24100,5000
CS,32,2,0.05,random,1,20260905,100,True,8,729,6,6,24900,93900,27200,64500,8000,1000
CS,32,2,0.05,random,2,20260906,100,True,6,554,6,6,24700,50500,16100,25800,4600,900
SD,32,2,0.05,random,2,20260906,100,True,3,376,16,16,13300,3938400,19000,31900,8900,3700
SD,32,2,0.05,random,3,20260907,100,True,3,377,16,16,13300,3948800,17800,29300,9300,3600
CS,32,2,0.05,random,3,20260907,100,True,5,466,6,6,24600,49800,14300,21500,4600,800
CS,32,2,0.05,random,4,20260908,100,True,5,466,6,6,24700,49500,14400,21600,4700,800
SD,32,2,0.05,random,4,20260908,100,True,3,377,16,16,13600,3796400,17100,29400,9300,4400
SD,32,2,0.05,random,5,20260909,100,True,1,143,16,16,13300,3961900,14600,15800,9400,1900
CS,32,2,0.05,random,5,20260909,100,True,4,377,6,6,24800,50200,12600,17500,4700,800
CS,32,2,0.05,random,6,20260910,100,True,8,729,6,6,24700,50000,22400,34000,4700,1000
SD,32,2,0.05,random,6,20260910,100,True,2,259,16,16,20100,3701200,24700,30000,11800,2900
SD,32,2,0.05,random,7,20260911,100,True,2,259,16,16,13200,3962400,23600,30100,12700,2700
CS,32,2,0.05,random,7,20260911,100,True,8,729,6,6,24800,49800,19600,33800,4900,1000
CS,32,2,0.05,random,8,20260912,100,True,8,729,6,6,24600,50100,19900,33700,4800,900
SD,32,2,0.05,random,8,20260912,100,True,2,259,16,16,13300,4024700,24000,30500,9400,2800
SD,32,2,0.05,random,9,20260913,100,True,3,374,16,16,13700,3937000,21700,33800,12400,3800
CS,32,2,0.05,random,9,20260913,100,True,7,642,6,6,24700,50700,18400,29800,4700,900
CS,32,2,0.05,random,10,20260914,100,True,6,554,6,6,24900,49800,17200,25600,4600,800
SD,32,2,0.05,random,10,20260914,100,True,3,376,16,16,13400,4010300,19200,31900,9000,3700
SD,32,2,0.05,random,11,20260915,100,True,3,374,16,16,13400,3976300,21400,34100,12300,3800
CS,32,2,0.05,random,11,20260915,100,True,7,642,6,6,24800,50100,18300,29700,4700,900
CS,32,2,0.05,random,12,20260916,100,True,8,729,6,6,24900,50400,19600,33800,4800,1000
SD,32,2,0.05,random,12,20260916,100,True,2,259,16,16,13300,4000700,23500,30300,9200,2800
SD,32,2,0.05,random,13,20260917,100,True,2,259,16,16,13300,3996900,23600,30200,13100,2700
CS,32,2,0.05,random,13,20260917,100,True,8,730,6,6,24700,49900,19400,33900,8400,1000
CS,32,2,0.05,random,14,20260918,100,True,8,730,6,6,24600,49600,19400,33800,4600,900
SD,32,2,0.05,random,14,20260918,100,True,2,259,16,16,13200,4032600,23400,30500,13400,2800
SD,32,2,0.05,random,15,20260919,100,True,2,259,16,16,13300,3974200,24400,30600,11300,2800
CS,32,2,0.05,random,15,20260919,100,True,8,729,6,6,24500,50400,20000,33700,4700,900
CS,32,2,0.05,random,16,20260920,100,True,8,730,6,6,24700,50300,19900,33700,4600,900
SD,32,2,0.05,random,16,20260920,100,True,2,259,16,16,13200,3885100,23300,30600,13200,2700
SD,32,2,0.05,random,17,20260921,100,True,3,374,16,16,13400,3946500,22400,34200,20500,6900
CS,32,2,0.05,random,17,20260921,100,True,7,642,6,6,24700,50100,18600,29600,4800,900
CS,32,2,0.05,random,18,20260922,100,True,8,729,6,6,41100,50400,19500,33900,4700,900
SD,32,2,0.05,random,18,20260922,100,True,2,259,16,16,13300,3795800,23500,53100,19100,2800
SD,32,2,0.05,random,19,20260923,100,True,2,259,16,16,13300,3839200,23500,30600,13600,2900
CS,32,2,0.05,random,19,20260923,100,True,8,730,6,6,24900,49600,20100,33800,4800,900
CS,32,2,0.05,contiguous,0,20260904,100,True,4,377,6,6,24700,49000,12700,17300,8600,1300
SD,32,2,0.05,contiguous,0,20260904,100,True,1,143,16,16,13200,3936900,14400,14900,7300,1800
SD,32,2,0.05,contiguous,1,20260904,100,True,1,143,16,16,13400,3952600,14500,15000,7300,1800
CS,32,2,0.05,contiguous,1,20260904,100,True,4,377,6,6,24700,49100,12600,17400,4800,700
CS,32,2,0.05,contiguous,2,20260904,100,True,4,377,6,6,24600,49900,12800,17300,4800,700
SD,32,2,0.05,contiguous,2,20260904,100,True,1,143,16,16,13300,3908500,14500,15000,7400,1800
SD,32,2,0.05,contiguous,3,20260904,100,True,1,143,16,16,13300,3784400,14400,14900,7400,1800
CS,32,2,0.05,contiguous,3,20260904,100,True,4,377,6,6,24800,49000,12500,17400,4700,800
CS,32,2,0.05,contiguous,4,20260904,100,True,4,377,6,6,24800,48700,13800,17400,4800,700
SD,32,2,0.05,contiguous,4,20260904,100,True,1,143,16,16,13300,3978300,14400,14900,7200,1800
SD,32,2,0.05,contiguous,5,20260904,100,True,1,143,16,16,13300,3953000,14500,15000,7300,1800
CS,32,2,0.05,contiguous,5,20260904,100,True,4,377,6,6,24700,48700,12600,17400,4700,800
CS,32,2,0.05,contiguous,6,20260904,100,True,4,377,6,6,24800,49100,12700,17400,4800,700
SD,32,2,0.05,contiguous,6,20260904,100,True,1,143,16,16,13300,4044100,14500,30800,7200,1800
SD,32,2,0.05,contiguous,7,20260904,100,True,1,143,16,16,13300,3883900,14500,15100,7300,1800
CS,32,2,0.05,contiguous,7,20260904,100,True,4,377,6,6,39800,48500,12600,17500,4700,800
CS,32,2,0.05,contiguous,8,20260904,100,True,4,377,6,6,24600,48700,12500,17500,4800,700
SD,32,2,0.05,contiguous,8,20260904,100,True,1,143,16,16,13200,3796400,14400,15500,7200,1800
SD,32,2,0.05,contiguous,9,20260904,100,True,1,143,16,16,13300,3813900,14900,15000,7300,1800
CS,32,2,0.05,contiguous,9,20260904,100,True,4,377,6,6,24800,49000,12600,17300,4800,800
CS,32,2,0.05,uniform,0,20260904,100,True,8,729,6,6,24800,48600,20700,33700,6100,900
SD,32,2,0.05,uniform,0,20260904,100,True,2,259,16,16,13200,3801000,23400,30400,7100,2700
SD,32,2,0.05,uniform,1,20260904,100,True,2,259,16,16,13300,3754100,24500,30200,7100,4600
CS,32,2,0.05,uniform,1,20260904,100,True,8,729,6,6,25100,49000,19900,33600,4900,900
CS,32,2,0.05,uniform,2,20260904,100,True,8,729,6,6,25000,48200,19700,33500,4900,900
SD,32,2,0.05,uniform,2,20260904,100,True,2,259,16,16,13200,3990600,23300,30500,7100,2600
SD,32,2,0.05,uniform,3,20260904,100,True,2,259,16,16,13200,3910200,24000,30200,7100,4500
CS,32,2,0.05,uniform,3,20260904,100,True,8,729,6,6,24700,48900,19700,33700,4900,900
CS,32,2,0.05,uniform,4,20260904,100,True,8,729,6,6,24600,49400,19700,33600,4900,900
SD,32,2,0.05,uniform,4,20260904,100,True,2,259,16,16,13300,4047300,25200,30700,7100,2600
SD,32,2,0.05,uniform,5,20260904,100,True,2,259,16,16,13300,3966300,23600,30200,7100,2600
CS,32,2,0.05,uniform,5,20260904,100,True,8,729,6,6,24800,48500,19600,33600,4900,1000
CS,32,2,0.05,uniform,6,20260904,100,True,8,729,6,6,24900,49500,19700,33700,4900,900
SD,32,2,0.05,uniform,6,20260904,100,True,2,259,16,16,13300,3957100,23400,30400,7100,2600
SD,32,2,0.05,uniform,7,20260904,100,True,2,259,16,16,13400,4095000,23800,30300,7100,2600
CS,32,2,0.05,uniform,7,20260904,100,True,8,729,6,6,24700,49300,19600,33700,4900,1000
CS,32,2,0.05,uniform,8,20260904,100,True,8,729,6,6,24700,48700,20300,33700,4900,900
SD,32,2,0.05,uniform,8,20260904,100,True,2,259,16,16,13300,3976800,23500,30300,7100,2600
SD,32,2,0.05,uniform,9,20260904,100,True,2,259,16,16,13300,4125000,25500,30400,7100,2600
CS,32,2,0.05,uniform,9,20260904,100,True,8,729,6,6,24800,48500,19600,33700,4900,1600
CS,32,2,0.05,clustered,0,20260904,100,True,4,378,6,6,48500,48700,12400,17400,4600,700
SD,32,2,0.05,clustered,0,20260904,100,True,1,143,16,16,13300,3903300,21200,23200,20200,2700
SD,32,2,0.05,clustered,1,20260904,100,True,1,143,16,16,13300,3980700,14300,15600,13300,1800
CS,32,2,0.05,clustered,1,20260904,100,True,4,378,6,6,24700,48700,12500,26100,4600,700
CS,32,2,0.05,clustered,2,20260904,100,True,4,378,6,6,24600,48500,12500,17500,8100,1300
SD,32,2,0.05,clustered,2,20260904,100,True,1,143,16,16,13200,3939800,14400,15200,13500,1800
SD,32,2,0.05,clustered,3,20260904,100,True,1,143,16,16,13400,3943300,14700,15300,13300,1800
CS,32,2,0.05,clustered,3,20260904,100,True,4,378,6,6,24800,49500,12500,17400,4600,800
CS,32,2,0.05,clustered,4,20260904,100,True,4,378,6,6,24800,48700,12600,17400,4600,700
SD,32,2,0.05,clustered,4,20260904,100,True,1,143,16,16,13300,4003600,14400,15200,13300,2000
SD,32,2,0.05,clustered,5,20260904,100,True,1,143,16,16,13300,3777500,29800,15300,13200,3200
CS,32,2,0.05,clustered,5,20260904,100,True,4,378,6,6,47400,49400,12500,17500,4600,700
CS,32,2,0.05,clustered,6,20260904,100,True,4,378,6,6,24800,49400,12400,17300,4600,800
SD,32,2,0.05,clustered,6,20260904,100,True,1,143,16,16,13400,3809900,14700,15400,13500,1800
SD,32,2,0.05,clustered,7,20260904,100,True,1,143,16,16,13200,4012500,14500,15200,13300,1800
CS,32,2,0.05,clustered,7,20260904,100,True,4,378,6,6,24900,49200,12500,17400,4600,700
CS,32,2,0.05,clustered,8,20260904,100,True,4,378,6,6,24800,48700,12400,17400,4600,700
SD,32,2,0.05,clustered,8,20260904,100,True,1,143,16,16,13300,3950600,14500,15100,13700,1800
SD,32,2,0.05,clustered,9,20260904,100,True,1,143,16,16,13200,3995600,14300,15600,13200,1800
CS,32,2,0.05,clustered,9,20260904,100,True,4,378,6,6,24700,49000,12500,17500,4600,700
CS,32,3,0.10,random,0,20260904,100,True,10,906,6,6,24700,83000,26100,42000,4700,1000
SD,32,3,0.10,random,0,20260904,100,True,3,375,16,16,13300,3915300,31400,40800,12100,4400
SD,32,3,0.10,random,1,20260905,100,True,4,492,16,16,13200,3906400,29500,43900,11300,4500
CS,32,3,0.10,random,1,20260905,100,True,9,817,6,6,24800,49800,24200,37800,4700,1000
CS,32,3,0.10,random,2,20260906,100,True,8,731,6,6,24700,49900,22400,33800,4600,900
SD,32,3,0.10,random,2,20260906,100,True,4,492,16,16,13200,3993800,26900,42200,6700,4500
SD,32,3,0.10,random,3,20260907,100,True,4,493,16,16,13200,3934500,26800,42000,8900,4400
CS,32,3,0.10,random,3,20260907,100,True,8,730,6,6,24800,49900,22600,33700,4700,1700
CS,32,3,0.10,random,4,20260908,100,True,8,730,6,6,24900,49900,22700,33700,8400,1000
SD,32,3,0.10,random,4,20260908,100,True,4,493,16,16,13100,4023600,26600,42400,8800,4300
SD,32,3,0.10,random,5,20260909,100,True,3,374,16,16,13200,3844200,22200,31900,10000,3700
CS,32,3,0.10,random,5,20260909,100,True,6,554,6,6,24800,49900,20000,25600,4700,900
CS,32,3,0.10,random,6,20260910,100,True,8,729,6,6,24800,49800,22800,33800,8600,1700
SD,32,3,0.10,random,6,20260910,100,True,4,492,16,16,13200,3981200,26900,41800,6700,4300
SD,32,3,0.10,random,7,20260911,100,True,3,375,16,16,13300,3888900,31000,40300,7100,3500
CS,32,3,0.10,random,7,20260911,100,True,10,906,6,6,24700,50100,25800,41900,5000,1900
CS,32,3,0.10,random,8,20260912,100,True,10,906,6,6,24700,49900,25800,42000,4800,1100
SD,32,3,0.10,random,8,20260912,100,True,3,375,16,16,13200,4084200,31700,41200,10000,3400
SD,32,3,0.10,random,9,20260913,100,True,5,608,16,16,13300,3939500,25000,45400,12500,5400
CS,32,3,0.10,random,9,20260913,100,True,7,642,6,6,24500,49900,20600,29600,4600,900
CS,32,3,0.10,random,10,20260914,100,True,8,731,6,6,24500,50100,22200,33900,4600,1000
SD,32,3,0.10,random,10,20260914,100,True,4,492,16,16,13200,3962000,26600,42000,6600,4600
SD,32,3,0.10,random,11,20260915,100,True,3,375,16,16,13300,3934200,31800,40800,12000,3500
CS,32,3,0.10,random,11,20260915,100,True,10,906,6,6,24600,50400,25900,41800,4700,1100
CS,32,3,0.10,random,12,20260916,100,True,10,906,6,6,24700,49900,25900,42000,4800,1800
SD,32,3,0.10,random,12,20260916,100,True,3,375,16,16,22900,3813200,30800,40500,9700,3300
SD,32,3,0.10,random,13,20260917,100,True,4,493,16,16,13600,3940800,51100,57700,27600,7800
CS,32,3,0.10,random,13,20260917,100,True,8,730,6,6,45200,97600,33900,62500,9100,1000
CS,32,3,0.10,random,14,20260918,100,True,10,906,6,6,24700,93000,52200,86500,4800,1000
SD,32,3,0.10,random,14,20260918,100,True,3,375,16,16,13300,3934000,42700,87900,10100,6100
SD,32,3,0.10,random,15,20260919,100,True,3,375,16,16,24000,4013700,59900,60000,11900,3400
CS,32,3,0.10,random,15,20260919,100,True,10,906,6,6,24700,50000,48000,85500,9000,1800
CS,32,3,0.10,random,16,20260920,100,True,10,907,6,6,44600,95500,32800,42000,4600,1000
SD,32,3,0.10,random,16,20260920,100,True,3,375,16,16,23000,3946000,30800,40400,13100,3600
SD,32,3,0.10,random,17,20260921,100,True,5,608,16,16,13400,4080300,24600,45300,10300,5500
CS,32,3,0.10,random,17,20260921,100,True,7,642,6,6,24600,50500,20800,29700,4700,900
CS,32,3,0.10,random,18,20260922,100,True,9,818,6,6,24700,49900,24800,38000,4900,1400
SD,32,3,0.10,random,18,20260922,100,True,4,490,16,16,13300,3776200,29000,44300,8700,4600
SD,32,3,0.10,random,19,20260923,100,True,4,492,16,16,13300,3955700,29300,45000,13600,4700
CS,32,3,0.10,random,19,20260923,100,True,9,818,6,6,24700,49900,24100,38100,4600,1000
CS,32,3,0.10,contiguous,0,20260904,100,True,4,377,6,6,24700,49000,15400,17400,4800,800
SD,32,3,0.10,contiguous,0,20260904,100,True,2,259,16,16,13200,3937300,17800,21300,7700,2500
SD,32,3,0.10,contiguous,1,20260904,100,True,2,259,16,16,13200,3942900,17400,21400,7600,2500
CS,32,3,0.10,contiguous,1,20260904,100,True,4,377,6,6,24600,49100,15500,17500,9300,1400
CS,32,3,0.10,contiguous,2,20260904,100,True,4,377,6,6,24900,48700,15500,17400,4800,700
SD,32,3,0.10,contiguous,2,20260904,100,True,2,259,16,16,13200,3939900,17800,21000,7700,2500
SD,32,3,0.10,contiguous,3,20260904,100,True,2,259,16,16,13500,3924100,17900,20900,7600,2500
CS,32,3,0.10,contiguous,3,20260904,100,True,4,377,6,6,24700,48700,15600,17300,4800,700
CS,32,3,0.10,contiguous,4,20260904,100,True,4,377,6,6,24800,48700,18100,17300,4800,700
SD,32,3,0.10,contiguous,4,20260904,100,True,2,259,16,16,13200,3947300,17900,20800,12500,4400
SD,32,3,0.10,contiguous,5,20260904,100,True,2,259,16,16,13300,3927300,17400,21100,7600,2500
CS,32,3,0.10,contiguous,5,20260904,100,True,4,377,6,6,36500,81500,15500,17300,4700,700
CS,32,3,0.10,contiguous,6,20260904,100,True,4,377,6,6,24700,49400,15500,17400,4800,700
SD,32,3,0.10,contiguous,6,20260904,100,True,2,259,16,16,13200,3962300,18100,20800,7700,2500
SD,32,3,0.10,contiguous,7,20260904,100,True,2,259,16,16,13200,3754000,17600,20900,7700,2500
CS,32,3,0.10,contiguous,7,20260904,100,True,4,377,6,6,24700,48900,15500,17600,4700,700
CS,32,3,0.10,contiguous,8,20260904,100,True,4,377,6,6,24700,49200,15600,17400,4800,700
SD,32,3,0.10,contiguous,8,20260904,100,True,2,259,16,16,13200,3958100,17400,21100,7700,2500
SD,32,3,0.10,contiguous,9,20260904,100,True,2,259,16,16,13200,3925600,18400,21000,7600,2500
CS,32,3,0.10,contiguous,9,20260904,100,True,4,377,6,6,24800,48900,15700,33500,8500,1300
CS,32,3,0.10,uniform,0,20260904,100,True,10,906,6,6,24500,49100,26000,41700,5000,1000
SD,32,3,0.10,uniform,0,20260904,100,True,3,375,16,16,13800,3988800,31300,40900,7800,5000
SD,32,3,0.10,uniform,1,20260904,100,True,3,375,16,16,13300,3895900,31500,40800,7700,3200
CS,32,3,0.10,uniform,1,20260904,100,True,10,906,6,6,24700,49300,25800,41900,4900,1000
CS,32,3,0.10,uniform,2,20260904,100,True,10,906,6,6,24700,49400,26100,41900,5000,1000
SD,32,3,0.10,uniform,2,20260904,100,True,3,375,16,16,13300,3869400,31900,41000,7700,3300
SD,32,3,0.10,uniform,3,20260904,100,True,3,375,16,16,13200,3942700,31700,40900,7700,3300
CS,32,3,0.10,uniform,3,20260904,100,True,10,906,6,6,24700,49200,25900,41900,5000,1000
CS,32,3,0.10,uniform,4,20260904,100,True,10,906,6,6,24900,49200,26400,41800,4900,1000
SD,32,3,0.10,uniform,4,20260904,100,True,3,375,16,16,13200,3937100,31100,40700,7600,3200
SD,32,3,0.10,uniform,5,20260904,100,True,3,375,16,16,13300,3956600,30900,41300,7700,3300
CS,32,3,0.10,uniform,5,20260904,100,True,10,906,6,6,24900,49000,26700,41900,4900,1000
CS,32,3,0.10,uniform,6,20260904,100,True,10,906,6,6,24600,49300,26100,41700,5000,1100
SD,32,3,0.10,uniform,6,20260904,100,True,3,375,16,16,13900,4031700,31200,41000,7700,3200
SD,32,3,0.10,uniform,7,20260904,100,True,3,375,16,16,13200,3951600,31100,41000,7700,3300
CS,32,3,0.10,uniform,7,20260904,100,True,10,906,6,6,24900,48800,26100,42000,4900,1000
CS,32,3,0.10,uniform,8,20260904,100,True,10,906,6,6,24600,49200,28600,41800,5300,1100
SD,32,3,0.10,uniform,8,20260904,100,True,3,375,16,16,25100,3911200,31600,41500,7600,3300
SD,32,3,0.10,uniform,9,20260904,100,True,3,375,16,16,13200,4083800,31800,41200,7700,3300
CS,32,3,0.10,uniform,9,20260904,100,True,10,906,6,6,24600,49100,26000,41600,5000,1000
CS,32,3,0.10,clustered,0,20260904,100,True,4,378,6,6,24800,49000,15200,17300,4600,800
SD,32,3,0.10,clustered,0,20260904,100,True,2,260,16,16,13900,3914400,17200,21200,11000,2600
SD,32,3,0.10,clustered,1,20260904,100,True,2,260,16,16,13200,3893300,17100,21300,11100,2500
CS,32,3,0.10,clustered,1,20260904,100,True,4,378,6,6,24700,49000,15100,17400,4600,700
CS,32,3,0.10,clustered,2,20260904,100,True,4,378,6,6,24700,49000,15100,17500,4600,800
SD,32,3,0.10,clustered,2,20260904,100,True,2,260,16,16,13200,3950700,17400,21300,11000,2500
SD,32,3,0.10,clustered,3,20260904,100,True,2,260,16,16,13200,3944200,17100,20900,11400,2500
CS,32,3,0.10,clustered,3,20260904,100,True,4,378,6,6,24700,49600,15000,17500,4600,800
CS,32,3,0.10,clustered,4,20260904,100,True,4,378,6,6,24700,49000,15100,17500,4600,800
SD,32,3,0.10,clustered,4,20260904,100,True,2,260,16,16,13200,3955300,17200,21300,11000,4400
SD,32,3,0.10,clustered,5,20260904,100,True,2,260,16,16,13300,3943400,17200,21000,11000,2600
CS,32,3,0.10,clustered,5,20260904,100,True,4,378,6,6,24600,49200,15100,17400,4600,800
CS,32,3,0.10,clustered,6,20260904,100,True,4,378,6,6,24700,49000,15400,17400,4600,800
SD,32,3,0.10,clustered,6,20260904,100,True,2,260,16,16,13200,3978200,17100,21500,11100,2500
SD,32,3,0.10,clustered,7,20260904,100,True,2,260,16,16,13300,3903600,25200,44100,11200,4400
CS,32,3,0.10,clustered,7,20260904,100,True,4,378,6,6,24700,49300,15100,29900,7800,1000
CS,32,3,0.10,clustered,8,20260904,100,True,4,378,6,6,24800,48800,16100,17400,4700,800
SD,32,3,0.10,clustered,8,20260904,100,True,2,260,16,16,13300,3940200,17300,21500,11000,2500
SD,32,3,0.10,clustered,9,20260904,100,True,2,260,16,16,13300,3988700,18200,21200,11000,3100
CS,32,3,0.10,clustered,9,20260904,100,True,4,378,6,6,24800,49400,15200,17400,4600,800
CS,32,8,0.25,random,0,20260904,100,True,13,1171,6,6,24800,49800,44200,53900,4600,1300
SD,32,8,0.25,random,0,20260904,100,True,7,844,16,16,13300,3952500,52100,70200,8900,6700
SD,32,8,0.25,random,1,20260905,100,True,6,726,16,16,13200,3868400,45900,57800,7500,5800
CS,32,8,0.25,random,1,20260905,100,True,10,906,6,6,24700,50300,39400,41900,4700,1100
CS,32,8,0.25,random,2,20260906,100,True,14,1259,6,6,30400,50100,46000,58100,4900,1300
SD,32,8,0.25,random,2,20260906,100,True,9,1077,16,16,13200,3962700,54400,84100,11000,8400
SD,32,8,0.25,random,3,20260907,100,True,9,1078,16,16,13300,3945300,54500,85100,11100,14700
CS,32,8,0.25,random,3,20260907,100,True,14,1259,6,6,24500,50200,47900,58100,4600,1300
CS,32,8,0.25,random,4,20260908,100,True,13,1171,6,6,24700,50200,44600,54200,4600,1200
SD,32,8,0.25,random,4,20260908,100,True,8,960,16,16,13300,3948700,52400,76500,6400,9900
SD,32,8,0.25,random,5,20260909,100,True,6,726,16,16,13300,3948400,51500,64300,19700,9900
CS,32,8,0.25,random,5,20260909,100,True,13,1172,6,6,24800,50000,45300,54200,5000,1200
CS,32,8,0.25,random,6,20260910,100,True,13,1172,6,6,36500,54100,44600,54500,7400,1300
SD,32,8,0.25,random,6,20260910,100,True,10,1193,16,16,13300,3897800,52800,88200,11700,9000
SD,32,8,0.25,random,7,20260911,100,True,8,960,16,16,13200,3975600,54400,78700,9700,7100
CS,32,8,0.25,random,7,20260911,100,True,14,1260,6,6,24800,50400,46000,57900,5000,2300
CS,32,8,0.25,random,8,20260912,100,True,14,1260,6,6,24900,50400,46200,58200,4900,2100
SD,32,8,0.25,random,8,20260912,100,True,8,960,16,16,13200,4055000,55100,92600,19000,13200
SD,32,8,0.25,random,9,20260913,100,True,5,609,16,16,24200,3969800,47900,54700,8900,5000
CS,32,8,0.25,random,9,20260913,100,True,11,995,6,6,24800,49900,41000,45800,4600,1100
CS,32,8,0.25,random,10,20260914,100,True,12,1083,6,6,24800,49900,43200,49900,4600,1200
SD,32,8,0.25,random,10,20260914,100,True,8,961,16,16,13300,3999300,49800,74500,6600,10100
SD,32,8,0.25,random,11,20260915,100,True,7,843,16,16,13200,4075800,52000,70300,10600,6300
CS,32,8,0.25,random,11,20260915,100,True,13,1172,6,6,24700,49900,44900,54000,5000,1200
CS,32,8,0.25,random,12,20260916,100,True,12,1084,6,6,24700,49900,43500,50100,4700,1100
SD,32,8,0.25,random,12,20260916,100,True,6,725,16,16,13200,3833400,49700,62600,8200,5600
SD,32,8,0.25,random,13,20260917,100,True,7,844,16,16,13300,3958300,52400,70800,14400,6700
CS,32,8,0.25,random,13,20260917,100,True,13,1171,6,6,24700,50400,44700,54100,4600,3200
CS,32,8,0.25,random,14,20260918,100,True,15,1348,6,6,24900,49900,48600,62100,4900,1300
SD,32,8,0.25,random,14,20260918,100,True,8,960,16,16,13300,3799000,56600,81100,7500,7300
SD,32,8,0.25,random,15,20260919,100,True,9,1076,16,16,13300,3880600,50200,80500,6400,8400
CS,32,8,0.25,random,15,20260919,100,True,12,1083,6,6,24800,50100,42800,49800,4600,1200
CS,32,8,0.25,random,16,20260920,100,True,14,1259,6,6,24800,50200,46200,58000,4600,1200
SD,32,8,0.25,random,16,20260920,100,True,9,1077,16,16,13200,3951200,54800,85000,6400,8400
SD,32,8,0.25,random,17,20260921,100,True,8,961,16,16,13300,3970400,54600,79000,9800,7300
CS,32,8,0.25,random,17,20260921,100,True,14,1260,6,6,24800,50200,46300,58200,4900,1200
CS,32,8,0.25,random,18,20260922,100,True,8,730,6,6,24700,49600,36300,33800,4900,1000
SD,32,8,0.25,random,18,20260922,100,True,5,609,16,16,13200,3988800,41200,47800,10300,5100
SD,32,8,0.25,random,19,20260923,100,True,8,961,16,16,13200,4016800,54900,79700,11300,7800
CS,32,8,0.25,random,19,20260923,100,True,14,1259,6,6,24700,50000,46500,58200,4600,1300
CS,32,8,0.25,contiguous,0,20260904,100,True,2,202,6,6,24600,49200,26300,9200,4700,700
SD,32,8,0.25,contiguous,0,20260904,100,True,1,142,16,16,13200,3917700,27000,10600,6800,1600
SD,32,8,0.25,contiguous,1,20260904,100,True,1,142,16,16,13300,3830100,26900,10900,6800,1600
CS,32,8,0.25,contiguous,1,20260904,100,True,2,202,6,6,24600,49300,25900,9400,4600,600
CS,32,8,0.25,contiguous,2,20260904,100,True,2,202,6,6,24600,49000,26300,9300,4700,600
SD,32,8,0.25,contiguous,2,20260904,100,True,1,142,16,16,13200,4108700,26900,11000,6800,1600
SD,32,8,0.25,contiguous,3,20260904,100,True,1,142,16,16,13200,3971700,26900,10900,6800,1600
CS,32,8,0.25,contiguous,3,20260904,100,True,2,202,6,6,24700,49800,25900,9300,4700,600
CS,32,8,0.25,contiguous,4,20260904,100,True,2,202,6,6,24700,49100,26000,9200,4700,600
SD,32,8,0.25,contiguous,4,20260904,100,True,1,142,16,16,13200,4100900,27000,10600,6800,1600
SD,32,8,0.25,contiguous,5,20260904,100,True,1,142,16,16,13300,3948500,26900,10600,12000,1600
CS,32,8,0.25,contiguous,5,20260904,100,True,2,202,6,6,24600,49600,25700,14400,4600,600
CS,32,8,0.25,contiguous,6,20260904,100,True,2,202,6,6,24800,49500,25700,9900,4700,600
SD,32,8,0.25,contiguous,6,20260904,100,True,1,142,16,16,13200,3928600,27000,11400,6800,1600
SD,32,8,0.25,contiguous,7,20260904,100,True,1,142,16,16,13400,3943200,27000,10700,6900,1600
CS,32,8,0.25,contiguous,7,20260904,100,True,2,202,6,6,24800,49700,25600,9300,4600,900
CS,32,8,0.25,contiguous,8,20260904,100,True,2,202,6,6,24600,49300,25700,9300,4700,700
SD,32,8,0.25,contiguous,8,20260904,100,True,1,142,16,16,13300,4107800,27000,10600,6800,1600
SD,32,8,0.25,contiguous,9,20260904,100,True,1,142,16,16,13200,4077600,52100,10700,6900,1600
CS,32,8,0.25,contiguous,9,20260904,100,True,2,202,6,6,24700,48700,25900,9300,4600,700
CS,32,8,0.25,uniform,0,20260904,100,True,16,1436,6,6,25100,48900,50100,65900,5000,1400
SD,32,8,0.25,uniform,0,20260904,100,True,8,961,16,16,20200,4203200,58500,82800,6500,7300
SD,32,8,0.25,uniform,1,20260904,100,True,8,961,16,16,13300,3822100,60500,83200,6500,13100
CS,32,8,0.25,uniform,1,20260904,100,True,16,1436,6,6,45200,89600,94400,66000,5000,1400
CS,32,8,0.25,uniform,2,20260904,100,True,16,1436,6,6,24700,49100,49900,65900,5000,1400
SD,32,8,0.25,uniform,2,20260904,100,True,8,961,16,16,13200,3950300,59500,94400,6500,7300
SD,32,8,0.25,uniform,3,20260904,100,True,8,961,16,16,13400,3971700,59300,83500,6500,7300
CS,32,8,0.25,uniform,3,20260904,100,True,16,1436,6,6,24700,48900,49400,65900,5000,1400
CS,32,8,0.25,uniform,4,20260904,100,True,16,1436,6,6,24700,49700,50500,120900,9800,2300
SD,32,8,0.25,uniform,4,20260904,100,True,8,961,16,16,22500,3879900,59100,83200,6500,7300
SD,32,8,0.25,uniform,5,20260904,100,True,8,961,16,16,13200,4000400,59100,82800,6500,7300
CS,32,8,0.25,uniform,5,20260904,100,True,16,1436,6,6,24800,49100,49400,65800,5000,1400
CS,32,8,0.25,uniform,6,20260904,100,True,16,1436,6,6,24700,49500,50400,66000,5000,1400
SD,32,8,0.25,uniform,6,20260904,100,True,8,961,16,16,13200,3798400,59100,83000,6500,7300
SD,32,8,0.25,uniform,7,20260904,100,True,8,961,16,16,13200,3915300,59200,83300,6500,7300
CS,32,8,0.25,uniform,7,20260904,100,True,16,1436,6,6,24600,49500,49500,66100,5000,1400
CS,32,8,0.25,uniform,8,20260904,100,True,16,1436,6,6,24700,49300,49700,65900,5000,1400
SD,32,8,0.25,uniform,8,20260904,100,True,8,961,16,16,13200,3960900,58500,83300,6400,7300
SD,32,8,0.25,uniform,9,20260904,100,True,8,961,16,16,13200,4383100,58400,82800,6500,7300
CS,32,8,0.25,uniform,9,20260904,100,True,16,1436,6,6,24900,48700,49800,65800,5000,1400
CS,32,8,0.25,clustered,0,20260904,100,True,2,202,6,6,24700,49600,25000,9200,4600,700
SD,32,8,0.25,clustered,0,20260904,100,True,1,142,16,16,13300,3894600,25900,10800,8900,1600
SD,32,8,0.25,clustered,1,20260904,100,True,1,142,16,16,13400,3954900,41100,11000,16300,1700
CS,32,8,0.25,clustered,1,20260904,100,True,2,202,6,6,29400,67500,28700,9400,4700,700
CS,32,8,0.25,clustered,2,20260904,100,True,2,202,6,6,38800,86200,25500,16500,8100,700
SD,32,8,0.25,clustered,2,20260904,100,True,1,142,16,16,13700,3895500,26600,10800,8900,1600
SD,32,8,0.25,clustered,3,20260904,100,True,1,142,16,16,13300,4020600,26400,10900,8900,1600
CS,32,8,0.25,clustered,3,20260904,100,True,2,202,6,6,24700,48900,25000,9200,4600,600
CS,32,8,0.25,clustered,4,20260904,100,True,2,202,6,6,24800,49300,25300,9200,4600,600
SD,32,8,0.25,clustered,4,20260904,100,True,1,142,16,16,13200,3940400,26300,10900,8800,1600
SD,32,8,0.25,clustered,5,20260904,100,True,1,142,16,16,13300,3925300,26400,10800,8900,1600
CS,32,8,0.25,clustered,5,20260904,100,True,2,202,6,6,24800,49000,24700,9300,4600,600
CS,32,8,0.25,clustered,6,20260904,100,True,2,202,6,6,24800,49000,24700,9200,4600,700
SD,32,8,0.25,clustered,6,20260904,100,True,1,142,16,16,13300,4041800,26600,10800,8900,1600
SD,32,8,0.25,clustered,7,20260904,100,True,1,142,16,16,13300,4033700,25700,10800,9100,1600
CS,32,8,0.25,clustered,7,20260904,100,True,2,202,6,6,24600,49500,24700,9300,4700,700
CS,32,8,0.25,clustered,8,20260904,100,True,2,202,6,6,24700,49100,24700,9300,4700,1100
SD,32,8,0.25,clustered,8,20260904,100,True,1,142,16,16,13200,3853400,26600,13300,8900,1600
SD,32,8,0.25,clustered,9,20260904,100,True,1,142,16,16,13200,3961100,26200,10800,8900,1700
CS,32,8,0.25,clustered,9,20260904,100,True,2,202,6,6,40500,85900,25200,9600,4600,700
CS,32,16,0.50,random,0,20260904,100,True,14,1260,6,6,24800,50100,67800,57900,4700,1300
SD,32,16,0.50,random,0,20260904,100,True,12,1430,16,16,13300,3944400,76900,101200,11100,10600
SD,32,16,0.50,random,1,20260905,100,True,8,962,16,16,13300,3963600,70100,72200,8100,7300
CS,32,16,0.50,random,1,20260905,100,True,11,996,6,6,24800,50200,63000,45900,4800,1100
CS,32,16,0.50,random,2,20260906,100,True,12,1084,6,6,24700,49800,67000,49900,8800,2000
SD,32,16,0.50,random,2,20260906,100,True,9,1079,16,16,13200,3933500,72300,80100,9700,7900
SD,32,16,0.50,random,3,20260907,100,True,12,1430,16,16,13200,3928200,76700,102500,11300,14700
CS,32,16,0.50,random,3,20260907,100,True,14,1260,6,6,24500,49700,68200,58000,4600,1300
CS,32,16,0.50,random,4,20260908,100,True,12,1084,6,6,24800,49600,64300,49800,8300,1200
SD,32,16,0.50,random,4,20260908,100,True,10,1197,16,16,13300,3970600,73900,85700,9800,8800
SD,32,16,0.50,random,5,20260909,100,True,11,1314,16,16,13300,3959900,75400,94600,8900,9600
CS,32,16,0.50,random,5,20260909,100,True,13,1172,6,6,24600,50300,66800,54200,4700,1200
CS,32,16,0.50,random,6,20260910,100,True,13,1172,6,6,24600,50000,65800,54100,4700,1200
SD,32,16,0.50,random,6,20260910,100,True,11,1314,16,16,13600,4056900,74900,94100,9000,9700
SD,32,16,0.50,random,7,20260911,100,True,11,1313,16,16,13200,3973300,73600,93500,8900,9700
CS,32,16,0.50,random,7,20260911,100,True,13,1172,6,6,24700,50000,65800,54100,4800,1200
CS,32,16,0.50,random,8,20260912,100,True,10,908,6,6,24700,49900,60600,42000,4800,1000
SD,32,16,0.50,random,8,20260912,100,True,9,1078,16,16,13200,3906000,68100,76100,9800,7900
SD,32,16,0.50,random,9,20260913,100,True,8,962,16,16,13300,3942700,69800,72800,6600,14000
CS,32,16,0.50,random,9,20260913,100,True,11,996,6,6,24600,49700,62600,55400,4900,1100
CS,32,16,0.50,random,10,20260914,100,True,11,996,6,6,24700,50100,64900,45900,4800,1100
SD,32,16,0.50,random,10,20260914,100,True,8,961,16,16,13300,3931600,69300,71900,6500,7300
SD,32,16,0.50,random,11,20260915,100,True,11,1313,16,16,13300,3806200,72200,92400,8000,9500
CS,32,16,0.50,random,11,20260915,100,True,12,1084,6,6,24800,50000,64100,50000,4700,1100
CS,32,16,0.50,random,12,20260916,100,True,12,1084,6,6,24800,83500,64200,49700,4600,1200
SD,32,16,0.50,random,12,20260916,100,True,9,1079,16,16,13400,3974800,71400,80700,6300,8200
SD,32,16,0.50,random,13,20260917,100,True,7,844,16,16,13200,3922400,65000,60600,12800,6400
CS,32,16,0.50,random,13,20260917,100,True,9,820,6,6,25000,50000,59000,37900,4900,1000
CS,32,16,0.50,random,14,20260918,100,True,12,1084,6,6,24600,50000,64500,49700,4800,1200
SD,32,16,0.50,random,14,20260918,100,True,11,1313,16,16,13300,4023700,72900,91800,9700,9600
SD,32,16,0.50,random,15,20260919,100,True,12,1431,16,16,13300,4010000,74800,100000,8900,10600
CS,32,16,0.50,random,15,20260919,100,True,13,1172,6,6,24800,50200,66300,54100,4800,1200
CS,32,16,0.50,random,16,20260920,100,True,11,996,6,6,25000,49500,62400,45800,4700,1100
SD,32,16,0.50,random,16,20260920,100,True,9,1078,16,16,13300,4039000,69300,77400,7500,8100
SD,32,16,0.50,random,17,20260921,100,True,13,1547,16,16,13200,3962800,73800,106100,7200,11200
CS,32,16,0.50,random,17,20260921,100,True,13,1172,6,6,24700,49800,66200,53900,4700,1200
CS,32,16,0.50,random,18,20260922,100,True,9,819,6,6,24800,50200,58800,37900,4600,1700
SD,32,16,0.50,random,18,20260922,100,True,9,1077,16,16,13300,3953500,65400,73400,6400,8100
SD,32,16,0.50,random,19,20260923,100,True,10,1195,16,16,13300,3969700,72000,86900,6300,9000
CS,32,16,0.50,random,19,20260923,100,True,12,1084,6,6,24700,50400,64200,50100,4600,1100
CS,32,16,0.50,contiguous,0,20260904,100,True,1,115,6,6,24700,49000,45300,5100,4700,600
SD,32,16,0.50,contiguous,0,20260904,100,True,1,142,16,16,13100,3947100,45900,8800,6600,1500
SD,32,16,0.50,contiguous,1,20260904,100,True,1,142,16,16,13200,3960800,46100,8400,6600,1500
CS,32,16,0.50,contiguous,1,20260904,100,True,1,115,6,6,24800,48800,45100,5100,4600,900
CS,32,16,0.50,contiguous,2,20260904,100,True,1,115,6,6,24600,49000,45900,5100,4600,600
SD,32,16,0.50,contiguous,2,20260904,100,True,1,142,16,16,13300,3957400,45900,8400,6600,1500
SD,32,16,0.50,contiguous,3,20260904,100,True,1,142,16,16,13300,3974700,46800,8400,6600,1500
CS,32,16,0.50,contiguous,3,20260904,100,True,1,115,6,6,24700,48700,45800,5100,4600,600
CS,32,16,0.50,contiguous,4,20260904,100,True,1,115,6,6,24800,49000,45600,5100,4600,600
SD,32,16,0.50,contiguous,4,20260904,100,True,1,142,16,16,13300,3881600,47100,8700,6900,1500
SD,32,16,0.50,contiguous,5,20260904,100,True,1,142,16,16,13300,3961800,46200,8400,6600,1500
CS,32,16,0.50,contiguous,5,20260904,100,True,1,115,6,6,24700,48800,45500,5100,4600,900
CS,32,16,0.50,contiguous,6,20260904,100,True,1,115,6,6,24600,49300,47600,5100,4600,600
SD,32,16,0.50,contiguous,6,20260904,100,True,1,142,16,16,13200,3994200,46200,8500,6600,1500
SD,32,16,0.50,contiguous,7,20260904,100,True,1,142,16,16,13300,4050600,46300,8400,6600,1500
CS,32,16,0.50,contiguous,7,20260904,100,True,1,115,6,6,25800,49200,45100,5100,4600,600
CS,32,16,0.50,contiguous,8,20260904,100,True,1,115,6,6,24600,49000,45000,5100,4600,600
SD,32,16,0.50,contiguous,8,20260904,100,True,1,142,16,16,13300,3915300,45800,8500,6600,2600
SD,32,16,0.50,contiguous,9,20260904,100,True,1,142,16,16,13300,4021500,46200,8600,6700,1500
CS,32,16,0.50,contiguous,9,20260904,100,True,1,115,6,6,24700,49100,45600,5600,4600,600
CS,32,16,0.50,uniform,0,20260904,100,True,16,1436,6,6,24600,49300,70900,66100,4600,1400
SD,32,16,0.50,uniform,0,20260904,100,True,16,1899,16,16,13200,3918100,80700,129800,6200,13900
SD,32,16,0.50,uniform,1,20260904,100,True,16,1899,16,16,21500,3974100,80600,129700,6200,13900
CS,32,16,0.50,uniform,1,20260904,100,True,16,1436,6,6,25000,49300,70400,66100,4600,1400
CS,32,16,0.50,uniform,2,20260904,100,True,16,1436,6,6,24700,48800,71100,65800,7900,1300
SD,32,16,0.50,uniform,2,20260904,100,True,16,1899,16,16,13300,3994500,80500,129600,6200,13900
SD,32,16,0.50,uniform,3,20260904,100,True,16,1899,16,16,16200,3969000,81200,129500,6300,13900
CS,32,16,0.50,uniform,3,20260904,100,True,16,1436,6,6,24600,49500,70800,66200,4600,1400
CS,32,16,0.50,uniform,4,20260904,100,True,16,1436,6,6,24600,49500,70800,66100,4600,1400
SD,32,16,0.50,uniform,4,20260904,100,True,16,1899,16,16,13300,3948500,81500,130400,10100,13600
SD,32,16,0.50,uniform,5,20260904,100,True,16,1899,16,16,13200,3966600,80500,129200,6300,13700
CS,32,16,0.50,uniform,5,20260904,100,True,16,1436,6,6,24600,48700,71200,65900,4600,1400
CS,32,16,0.50,uniform,6,20260904,100,True,16,1436,6,6,24600,48600,70600,65900,4600,1400
SD,32,16,0.50,uniform,6,20260904,100,True,16,1899,16,16,13400,3953600,80800,130500,6200,13700
SD,32,16,0.50,uniform,7,20260904,100,True,16,1899,16,16,13200,3972000,81300,129100,6300,13700
CS,32,16,0.50,uniform,7,20260904,100,True,16,1436,6,6,24500,49200,71100,66100,4500,1400
CS,32,16,0.50,uniform,8,20260904,100,True,16,1436,6,6,25200,49300,71000,66000,4600,1400
SD,32,16,0.50,uniform,8,20260904,100,True,16,1899,16,16,13300,3910300,80700,129100,6200,13800
SD,32,16,0.50,uniform,9,20260904,100,True,16,1899,16,16,13200,4005700,81600,129200,6200,13700
CS,32,16,0.50,uniform,9,20260904,100,True,16,1436,6,6,24800,49100,70800,65900,4600,1400
CS,32,16,0.50,clustered,0,20260904,100,True,1,115,6,6,24700,48300,45100,5100,4600,600
SD,32,16,0.50,clustered,0,20260904,100,True,1,142,16,16,13300,3848000,45500,8600,6600,1600
SD,32,16,0.50,clustered,1,20260904,100,True,1,142,16,16,13300,4003500,45800,8500,6600,1600
CS,32,16,0.50,clustered,1,20260904,100,True,1,115,6,6,24800,48100,44900,5100,4600,600
CS,32,16,0.50,clustered,2,20260904,100,True,1,115,6,6,24800,48800,44400,8900,4600,600
SD,32,16,0.50,clustered,2,20260904,100,True,1,142,16,16,13200,3898100,45800,8600,6600,1900
SD,32,16,0.50,clustered,3,20260904,100,True,1,142,16,16,13300,4244600,45900,8600,6700,2500
CS,32,16,0.50,clustered,3,20260904,100,True,1,115,6,6,45100,88800,89200,10600,9000,1100
CS,32,16,0.50,clustered,4,20260904,100,True,1,115,6,6,44900,96600,88900,10100,8900,1100
SD,32,16,0.50,clustered,4,20260904,100,True,1,142,16,16,24000,3965000,45900,8600,6700,1600
SD,32,16,0.50,clustered,5,20260904,100,True,1,142,16,16,13200,4065500,45500,8600,6700,1600
CS,32,16,0.50,clustered,5,20260904,100,True,1,115,6,6,24700,49700,45100,5100,4600,600
CS,32,16,0.50,clustered,6,20260904,100,True,1,115,6,6,24600,49000,44600,5100,4600,600
SD,32,16,0.50,clustered,6,20260904,100,True,1,142,16,16,13200,3725700,45600,8600,6600,1600
SD,32,16,0.50,clustered,7,20260904,100,True,1,142,16,16,13200,3943400,45700,8600,6600,1600
CS,32,16,0.50,clustered,7,20260904,100,True,1,115,6,6,24900,48600,45400,5500,4600,600
CS,32,16,0.50,clustered,8,20260904,100,True,1,115,6,6,24900,48800,44900,9400,4600,600
SD,32,16,0.50,clustered,8,20260904,100,True,1,142,16,16,13200,3976600,45600,8500,6600,1600
SD,32,16,0.50,clustered,9,20260904,100,True,1,142,16,16,13300,3942000,45400,8500,6700,1600
CS,32,16,0.50,clustered,9,20260904,100,True,1,115,6,6,24800,48700,45000,5100,4600,600
CS,64,0,zero,random,0,20260904,100,True,1,115,7,7,48300,107400,400,8900,7800,
SD,64,0,zero,random,0,20260904,100,True,1,145,22,22,39300,12379600,500,6300,4400,
SD,64,0,zero,random,1,20260905,100,True,1,145,22,22,40900,12278300,400,6300,4300,
CS,64,0,zero,random,1,20260905,100,True,1,115,7,7,48000,106200,400,5100,4600,
CS,64,0,zero,random,2,20260906,100,True,1,115,7,7,48200,107700,400,5200,4600,
SD,64,0,zero,random,2,20260906,100,True,1,145,22,22,24700,12240100,500,6200,4400,
SD,64,0,zero,random,3,20260907,100,True,1,145,22,22,40300,12078400,500,6300,4300,
CS,64,0,zero,random,3,20260907,100,True,1,115,7,7,47900,105800,400,5100,4600,
CS,64,0,zero,random,4,20260908,100,True,1,115,7,7,47900,108000,400,5100,4600,
SD,64,0,zero,random,4,20260908,100,True,1,145,22,22,24700,12231900,800,6300,4300,
SD,64,0,zero,random,5,20260909,100,True,1,145,22,22,24900,12456200,400,6300,4400,
CS,64,0,zero,random,5,20260909,100,True,1,115,7,7,48200,106500,400,5100,4600,
CS,64,0,zero,random,6,20260910,100,True,1,115,7,7,47900,107500,400,5100,4600,
SD,64,0,zero,random,6,20260910,100,True,1,145,22,22,24900,12341900,500,6200,4400,
SD,64,0,zero,random,7,20260911,100,True,1,145,22,22,24800,12212100,500,6300,4300,
CS,64,0,zero,random,7,20260911,100,True,1,115,7,7,48200,108100,400,5100,4600,
CS,64,0,zero,random,8,20260912,100,True,1,115,7,7,48100,105900,500,5400,4600,
SD,64,0,zero,random,8,20260912,100,True,1,145,22,22,24900,12171400,400,6200,4400,
SD,64,0,zero,random,9,20260913,100,True,1,145,22,22,24800,12452300,500,6300,4300,
CS,64,0,zero,random,9,20260913,100,True,1,115,7,7,48000,106000,400,5100,4600,
CS,64,0,zero,random,10,20260914,100,True,1,115,7,7,48000,107800,400,9300,4600,
SD,64,0,zero,random,10,20260914,100,True,1,145,22,22,24700,12190200,400,6300,4400,
SD,64,0,zero,random,11,20260915,100,True,1,145,22,22,24800,12282300,400,6300,4300,
CS,64,0,zero,random,11,20260915,100,True,1,115,7,7,48200,106400,400,5100,4700,
CS,64,0,zero,random,12,20260916,100,True,1,115,7,7,47900,108400,400,5100,4600,
SD,64,0,zero,random,12,20260916,100,True,1,145,22,22,24600,12256700,400,6300,4300,
SD,64,0,zero,random,13,20260917,100,True,1,145,22,22,24900,12313400,400,6300,4400,
CS,64,0,zero,random,13,20260917,100,True,1,115,7,7,48100,106400,400,5100,4600,
CS,64,0,zero,random,14,20260918,100,True,1,115,7,7,48200,107100,400,5100,4600,
SD,64,0,zero,random,14,20260918,100,True,1,145,22,22,24900,12294800,400,6200,4300,
SD,64,0,zero,random,15,20260919,100,True,1,145,22,22,24800,12329500,500,6300,4300,
CS,64,0,zero,random,15,20260919,100,True,1,115,7,7,47900,106400,400,5100,4600,
CS,64,0,zero,random,16,20260920,100,True,1,115,7,7,48200,106500,400,5100,4700,
SD,64,0,zero,random,16,20260920,100,True,1,145,22,22,24800,12333200,500,6200,4400,
SD,64,0,zero,random,17,20260921,100,True,1,145,22,22,24800,12325900,400,6300,4300,
CS,64,0,zero,random,17,20260921,100,True,1,115,7,7,48400,107200,400,5100,4600,
CS,64,0,zero,random,18,20260922,100,True,1,115,7,7,48200,108200,400,5200,4600,
SD,64,0,zero,random,18,20260922,100,True,1,145,22,22,24800,12071600,500,6200,4400,
SD,64,0,zero,random,19,20260923,100,True,1,145,22,22,25000,12297300,500,10400,8200,
CS,64,0,zero,random,19,20260923,100,True,1,115,7,7,76600,118000,400,5100,4600,
CS,64,1,single,random,0,20260904,100,True,6,553,7,7,47800,107400,13300,44100,4700,900
SD,64,1,single,random,0,20260904,100,True,1,143,22,22,24700,13512000,16100,20400,14700,2700
SD,64,1,single,random,1,20260905,100,True,1,143,22,22,24700,12177200,16200,20200,18300,2700
CS,64,1,single,random,1,20260905,100,True,6,554,7,7,47600,107400,14300,25600,4600,900
CS,64,1,single,random,2,20260906,100,True,6,555,7,7,47700,107700,13600,25800,4600,800
SD,64,1,single,random,2,20260906,100,True,1,144,22,22,24800,12298700,16800,20600,18700,2700
SD,64,1,single,random,3,20260907,100,True,1,143,22,22,24600,12110600,16400,20400,16700,2700
CS,64,1,single,random,3,20260907,100,True,6,554,7,7,47700,105600,13700,25600,4600,800
CS,64,1,single,random,4,20260908,100,True,6,554,7,7,48000,106600,13300,25700,4600,800
SD,64,1,single,random,4,20260908,100,True,1,143,22,22,24700,12198800,16800,20600,16900,2800
SD,64,1,single,random,5,20260909,100,True,1,143,22,22,24900,12349900,17700,21500,16100,2700
CS,64,1,single,random,5,20260909,100,True,6,553,7,7,80800,151200,23900,31400,4800,1500
CS,64,1,single,random,6,20260910,100,True,6,553,7,7,71100,125400,13300,25700,4700,900
SD,64,1,single,random,6,20260910,100,True,1,143,22,22,24800,12327500,29200,24800,26200,4600
SD,64,1,single,random,7,20260911,100,True,1,144,22,22,36000,12285600,16200,21200,18900,2900
CS,64,1,single,random,7,20260911,100,True,6,555,7,7,48100,122200,13400,25800,4600,800
CS,64,1,single,random,8,20260912,100,True,6,553,7,7,47900,109500,13500,25700,4700,900
SD,64,1,single,random,8,20260912,100,True,1,143,22,22,24700,12349400,16300,20100,12700,2700
SD,64,1,single,random,9,20260913,100,True,1,143,22,22,24900,12346900,16300,20100,14500,2600
CS,64,1,single,random,9,20260913,100,True,6,553,7,7,48100,107900,13400,25700,5000,2300
CS,64,1,single,random,10,20260914,100,True,6,555,7,7,47600,106600,13400,25600,4600,800
SD,64,1,single,random,10,20260914,100,True,1,144,22,22,24700,12386400,16300,20700,18700,2700
SD,64,1,single,random,11,20260915,100,True,1,143,22,22,24800,12026400,16300,20500,14800,2700
CS,64,1,single,random,11,20260915,100,True,6,553,7,7,47900,107600,14000,25700,4700,800
CS,64,1,single,random,12,20260916,100,True,6,553,7,7,47800,107400,13500,25600,5600,800
SD,64,1,single,random,12,20260916,100,True,1,143,22,22,24800,12002400,28000,21100,12400,5700
SD,64,1,single,random,13,20260917,100,True,1,143,22,22,24700,12203700,16500,20000,16100,2600
CS,64,1,single,random,13,20260917,100,True,6,554,7,7,48100,108000,13300,25800,4700,900
CS,64,1,single,random,14,20260918,100,True,6,555,7,7,47800,106900,13800,25700,4600,800
SD,64,1,single,random,14,20260918,100,True,1,144,22,22,24800,12363400,16300,20500,18800,3700
SD,64,1,single,random,15,20260919,100,True,1,143,22,22,25100,12264100,16300,20300,14400,2600
CS,64,1,single,random,15,20260919,100,True,6,553,7,7,48000,124700,15000,25800,4700,900
CS,64,1,single,random,16,20260920,100,True,6,554,7,7,47700,182800,23900,25900,4600,800
SD,64,1,single,random,16,20260920,100,True,1,143,22,22,25000,12089200,16700,20400,18600,2700
SD,64,1,single,random,17,20260921,100,True,1,143,22,22,24800,12357400,16300,43100,17300,5100
CS,64,1,single,random,17,20260921,100,True,6,554,7,7,48000,106900,27700,25700,4600,1700
CS,64,1,single,random,18,20260922,100,True,6,555,7,7,47600,108900,13400,25800,9000,1600
SD,64,1,single,random,18,20260922,100,True,1,144,22,22,25100,12138200,24500,20800,18900,2700
SD,64,1,single,random,19,20260923,100,True,1,144,22,22,24700,12096900,16300,20900,18600,2600
CS,64,1,single,random,19,20260923,100,True,6,555,7,7,48100,107600,13500,25600,4600,900
CS,64,1,single,contiguous,0,20260904,100,True,6,553,7,7,47600,106500,13400,25500,4900,800
SD,64,1,single,contiguous,0,20260904,100,True,1,143,22,22,24700,12287600,16300,19800,8100,2500
SD,64,1,single,contiguous,1,20260904,100,True,1,143,22,22,24700,12354200,32400,21700,8200,2500
CS,64,1,single,contiguous,1,20260904,100,True,6,553,7,7,83400,129300,13300,25600,4900,900
CS,64,1,single,contiguous,2,20260904,100,True,6,553,7,7,48000,105000,13500,25600,4900,900
SD,64,1,single,contiguous,2,20260904,100,True,1,143,22,22,24800,12510900,16400,20000,8100,2500
SD,64,1,single,contiguous,3,20260904,100,True,1,143,22,22,24900,12260100,16300,19600,8200,2500
CS,64,1,single,contiguous,3,20260904,100,True,6,553,7,7,48000,105300,13500,25600,4900,900
CS,64,1,single,contiguous,4,20260904,100,True,6,553,7,7,47700,105100,13300,25700,4800,900
SD,64,1,single,contiguous,4,20260904,100,True,1,143,22,22,24800,12422700,16200,19600,8200,2500
SD,64,1,single,contiguous,5,20260904,100,True,1,143,22,22,24900,12348000,16300,19600,8100,2500
CS,64,1,single,contiguous,5,20260904,100,True,6,553,7,7,48000,104000,13400,25600,4900,900
CS,64,1,single,contiguous,6,20260904,100,True,6,553,7,7,47600,104500,13400,25500,4900,900
SD,64,1,single,contiguous,6,20260904,100,True,1,143,22,22,24700,12249700,16300,19400,8200,2500
SD,64,1,single,contiguous,7,20260904,100,True,1,143,22,22,24600,12279300,16300,19600,12700,2500
CS,64,1,single,contiguous,7,20260904,100,True,6,553,7,7,47600,105100,13800,25500,4800,900
CS,64,1,single,contiguous,8,20260904,100,True,6,553,7,7,48000,105900,13600,25600,4900,900
SD,64,1,single,contiguous,8,20260904,100,True,1,143,22,22,24700,12373800,20500,19500,8100,2500
SD,64,1,single,contiguous,9,20260904,100,True,1,143,22,22,24800,12316500,16400,19700,8200,2500
CS,64,1,single,contiguous,9,20260904,100,True,6,553,7,7,47900,104500,14000,25700,4800,800
CS,64,1,single,uniform,0,20260904,100,True,6,553,7,7,47900,105500,13400,25600,9000,900
SD,64,1,single,uniform,0,20260904,100,True,1,143,22,22,24800,12439800,16300,19500,8200,4400
SD,64,1,single,uniform,1,20260904,100,True,1,143,22,22,24900,12301900,16300,19900,8100,2500
CS,64,1,single,uniform,1,20260904,100,True,6,553,7,7,48000,104700,14200,25600,4800,900
CS,64,1,single,uniform,2,20260904,100,True,6,553,7,7,48000,105400,14000,25600,4900,900
SD,64,1,single,uniform,2,20260904,100,True,1,143,22,22,24700,12314900,16300,19400,8200,4200
SD,64,1,single,uniform,3,20260904,100,True,1,143,22,22,24700,12442300,16300,19800,8100,2400
CS,64,1,single,uniform,3,20260904,100,True,6,553,7,7,48100,105500,13500,25500,8700,1500
CS,64,1,single,uniform,4,20260904,100,True,6,553,7,7,47600,105600,13300,25500,4900,900
SD,64,1,single,uniform,4,20260904,100,True,1,143,22,22,24900,12152500,16300,19600,8100,2500
SD,64,1,single,uniform,5,20260904,100,True,1,143,22,22,24800,12306800,17000,19600,8200,2500
CS,64,1,single,uniform,5,20260904,100,True,6,553,7,7,48000,105100,13400,25700,4800,900
CS,64,1,single,uniform,6,20260904,100,True,6,553,7,7,47500,105100,13400,25600,4800,900
SD,64,1,single,uniform,6,20260904,100,True,1,143,22,22,24800,12287000,16300,19600,13600,2500
SD,64,1,single,uniform,7,20260904,100,True,1,143,22,22,24800,12383700,17000,19700,8200,2500
CS,64,1,single,uniform,7,20260904,100,True,6,553,7,7,48100,105000,13400,25800,4800,900
CS,64,1,single,uniform,8,20260904,100,True,6,553,7,7,47900,104600,13400,25400,4900,800
SD,64,1,single,uniform,8,20260904,100,True,1,143,22,22,24700,12376000,16300,19500,8200,2500
SD,64,1,single,uniform,9,20260904,100,True,1,143,22,22,24800,12400900,16200,19700,8400,2500
CS,64,1,single,uniform,9,20260904,100,True,6,553,7,7,47900,104900,13400,25600,4800,900
CS,64,1,single,clustered,0,20260904,100,True,6,554,7,7,47800,104600,13200,25500,4600,800
SD,64,1,single,clustered,0,20260904,100,True,1,143,22,22,24800,11912400,16100,19800,18000,2500
SD,64,1,single,clustered,1,20260904,100,True,1,143,22,22,24800,12250500,16200,20600,18100,2500
CS,64,1,single,clustered,1,20260904,100,True,6,554,7,7,48000,104100,13200,25600,4600,800
CS,64,1,single,clustered,2,20260904,100,True,6,554,7,7,47900,104900,13500,25600,4600,800
SD,64,1,single,clustered,2,20260904,100,True,1,143,22,22,24800,12283900,16500,19900,18100,2600
SD,64,1,single,clustered,3,20260904,100,True,1,143,22,22,24900,12467200,32600,36400,18000,2700
CS,64,1,single,clustered,3,20260904,100,True,6,554,7,7,86900,110500,13600,25600,4600,800
CS,64,1,single,clustered,4,20260904,100,True,6,554,7,7,85700,197500,13500,26300,9500,1600
SD,64,1,single,clustered,4,20260904,100,True,1,143,22,22,42900,13086000,16200,19900,18200,2500
SD,64,1,single,clustered,5,20260904,100,True,1,143,22,22,24900,12110200,16000,19900,18200,2500
CS,64,1,single,clustered,5,20260904,100,True,6,554,7,7,47900,103500,13200,25600,4600,800
CS,64,1,single,clustered,6,20260904,100,True,6,554,7,7,48100,105400,13200,25600,4600,900
SD,64,1,single,clustered,6,20260904,100,True,1,143,22,22,24900,12320400,16200,20000,18100,2600
SD,64,1,single,clustered,7,20260904,100,True,1,143,22,22,24900,12394500,16200,20000,18100,2500
CS,64,1,single,clustered,7,20260904,100,True,6,554,7,7,48100,104100,13400,25500,4600,800
CS,64,1,single,clustered,8,20260904,100,True,6,554,7,7,48400,105100,13300,25700,4600,900
SD,64,1,single,clustered,8,20260904,100,True,1,143,22,22,24800,12181500,17100,19900,18000,2500
SD,64,1,single,clustered,9,20260904,100,True,1,143,22,22,24900,12358400,16000,20100,17900,2500
CS,64,1,single,clustered,9,20260904,100,True,6,554,7,7,48000,104700,13300,25600,4600,800
CS,64,1,0.01,random,0,20260904,100,True,6,553,7,7,47900,107300,13300,25800,4700,900
SD,64,1,0.01,random,0,20260904,100,True,1,143,22,22,24800,12389800,16700,20400,14800,2700
SD,64,1,0.01,random,1,20260905,100,True,1,143,22,22,25000,12087000,16200,20300,18300,2600
CS,64,1,0.01,random,1,20260905,100,True,6,554,7,7,50200,107100,13400,25700,4600,900
CS,64,1,0.01,random,2,20260906,100,True,6,555,7,7,47900,107300,13400,25700,4600,900
SD,64,1,0.01,random,2,20260906,100,True,1,144,22,22,24700,12225900,16300,20600,18800,2700
SD,64,1,0.01,random,3,20260907,100,True,1,143,22,22,24900,12099200,16400,20500,16600,2700
CS,64,1,0.01,random,3,20260907,100,True,6,554,7,7,48000,107800,13500,25700,4700,900
CS,64,1,0.01,random,4,20260908,100,True,6,554,7,7,47600,108600,13600,25800,4700,800
SD,64,1,0.01,random,4,20260908,100,True,1,143,22,22,24800,12310700,16200,20500,19500,2800
SD,64,1,0.01,random,5,20260909,100,True,1,143,22,22,24800,12445400,16500,20300,14400,2700
CS,64,1,0.01,random,5,20260909,100,True,6,553,7,7,47700,106500,13400,25800,4700,900
CS,64,1,0.01,random,6,20260910,100,True,6,553,7,7,47900,106800,14000,26200,5200,900
SD,64,1,0.01,random,6,20260910,100,True,1,143,22,22,40400,12144400,16200,20500,14700,2700
SD,64,1,0.01,random,7,20260911,100,True,1,144,22,22,24800,12345900,16200,20900,18600,2800
CS,64,1,0.01,random,7,20260911,100,True,6,555,7,7,48100,106300,13400,25700,4600,900
CS,64,1,0.01,random,8,20260912,100,True,6,553,7,7,47700,107500,13400,25700,4700,900
SD,64,1,0.01,random,8,20260912,100,True,1,143,22,22,24800,12219400,16500,20100,12600,2800
SD,64,1,0.01,random,9,20260913,100,True,1,143,22,22,24800,11915100,16200,20200,14400,2700
CS,64,1,0.01,random,9,20260913,100,True,6,553,7,7,47600,107300,13400,25700,4700,900
CS,64,1,0.01,random,10,20260914,100,True,6,555,7,7,47900,106800,13300,25600,4600,800
SD,64,1,0.01,random,10,20260914,100,True,1,144,22,22,24700,12017500,16200,20600,18700,2700
SD,64,1,0.01,random,11,20260915,100,True,1,143,22,22,24800,12166100,16100,41000,14500,2700
CS,64,1,0.01,random,11,20260915,100,True,6,553,7,7,47700,108300,13300,25600,4700,900
CS,64,1,0.01,random,12,20260916,100,True,6,553,7,7,48200,107700,13700,25800,4800,900
SD,64,1,0.01,random,12,20260916,100,True,1,143,22,22,24800,12022300,16800,20000,12400,2700
SD,64,1,0.01,random,13,20260917,100,True,1,143,22,22,24700,12266400,16200,20400,16200,2600
CS,64,1,0.01,random,13,20260917,100,True,6,554,7,7,48100,106300,13400,25700,4700,1200
CS,64,1,0.01,random,14,20260918,100,True,6,555,7,7,48000,107600,13500,25600,4600,900
SD,64,1,0.01,random,14,20260918,100,True,1,144,22,22,24700,12289500,16300,20900,18600,2700
SD,64,1,0.01,random,15,20260919,100,True,1,143,22,22,24800,12296200,16700,20300,30000,4600
CS,64,1,0.01,random,15,20260919,100,True,6,553,7,7,85700,200300,13800,25700,4700,800
CS,64,1,0.01,random,16,20260920,100,True,6,554,7,7,48000,107800,13300,25800,4600,900
SD,64,1,0.01,random,16,20260920,100,True,1,143,22,22,24700,12428900,16400,20400,18400,2700
SD,64,1,0.01,random,17,20260921,100,True,1,143,22,22,24700,12244300,16400,20700,16700,2700
CS,64,1,0.01,random,17,20260921,100,True,6,554,7,7,47800,108500,13300,25700,4700,900
CS,64,1,0.01,random,18,20260922,100,True,6,555,7,7,47900,107100,13400,25700,4600,800
SD,64,1,0.01,random,18,20260922,100,True,1,144,22,22,24800,12258100,16200,20800,18900,2700
SD,64,1,0.01,random,19,20260923,100,True,1,144,22,22,24700,12407900,16300,20800,18600,2600
CS,64,1,0.01,random,19,20260923,100,True,6,555,7,7,48100,106700,13400,25600,4600,900
CS,64,1,0.01,contiguous,0,20260904,100,True,6,553,7,7,48200,104900,13700,25600,4900,900
SD,64,1,0.01,contiguous,0,20260904,100,True,1,143,22,22,24800,12096000,16300,19500,8000,2500
SD,64,1,0.01,contiguous,1,20260904,100,True,1,143,22,22,24800,12326600,16600,19400,8100,2500
CS,64,1,0.01,contiguous,1,20260904,100,True,6,553,7,7,48000,104600,13600,41500,4900,900
CS,64,1,0.01,contiguous,2,20260904,100,True,6,553,7,7,48000,105200,13400,25700,4900,900
SD,64,1,0.01,contiguous,2,20260904,100,True,1,143,22,22,24800,12151900,16300,19800,8100,2500
SD,64,1,0.01,contiguous,3,20260904,100,True,1,143,22,22,24900,12296400,16500,19500,8200,2500
CS,64,1,0.01,contiguous,3,20260904,100,True,6,553,7,7,47600,104500,13600,25600,4900,900
CS,64,1,0.01,contiguous,4,20260904,100,True,6,553,7,7,48100,106200,13400,25600,4900,900
SD,64,1,0.01,contiguous,4,20260904,100,True,1,143,22,22,25000,11848200,16300,19500,8100,2500
SD,64,1,0.01,contiguous,5,20260904,100,True,1,143,22,22,24800,12338400,16400,19500,8100,2500
CS,64,1,0.01,contiguous,5,20260904,100,True,6,553,7,7,48000,103900,13300,25700,4800,900
CS,64,1,0.01,contiguous,6,20260904,100,True,6,553,7,7,47700,105700,13300,25600,4800,900
SD,64,1,0.01,contiguous,6,20260904,100,True,1,143,22,22,24900,12223100,16300,19800,8000,2500
SD,64,1,0.01,contiguous,7,20260904,100,True,1,143,22,22,24800,12205100,24000,19400,14200,4300
CS,64,1,0.01,contiguous,7,20260904,100,True,6,553,7,7,87600,104900,13400,25700,4800,800
CS,64,1,0.01,contiguous,8,20260904,100,True,6,553,7,7,47900,104500,13500,25600,4900,900
SD,64,1,0.01,contiguous,8,20260904,100,True,1,143,22,22,24800,12453400,17100,19500,8000,5400
SD,64,1,0.01,contiguous,9,20260904,100,True,1,143,22,22,24700,12145700,16500,19700,8100,2500
CS,64,1,0.01,contiguous,9,20260904,100,True,6,553,7,7,48100,104000,13300,25700,4900,800
CS,64,1,0.01,uniform,0,20260904,100,True,6,553,7,7,47700,105700,13300,26000,4900,900
SD,64,1,0.01,uniform,0,20260904,100,True,1,143,22,22,24900,12167900,16300,19700,8100,2500
SD,64,1,0.01,uniform,1,20260904,100,True,1,143,22,22,24900,12419700,16700,19400,8100,2500
CS,64,1,0.01,uniform,1,20260904,100,True,6,553,7,7,48000,104100,13500,25600,4800,900
CS,64,1,0.01,uniform,2,20260904,100,True,6,553,7,7,47700,105200,13500,25500,4900,900
SD,64,1,0.01,uniform,2,20260904,100,True,1,143,22,22,24800,12323800,16300,19500,8100,2500
SD,64,1,0.01,uniform,3,20260904,100,True,1,143,22,22,24900,12381900,16400,19400,12800,4300
CS,64,1,0.01,uniform,3,20260904,100,True,6,553,7,7,47600,104000,13400,25600,4900,900
CS,64,1,0.01,uniform,4,20260904,100,True,6,553,7,7,47700,105300,13400,25600,4900,900
SD,64,1,0.01,uniform,4,20260904,100,True,1,143,22,22,24900,12190200,16300,19500,8200,2500
SD,64,1,0.01,uniform,5,20260904,100,True,1,143,22,22,24700,12218700,16500,19700,8100,2500
CS,64,1,0.01,uniform,5,20260904,100,True,6,553,7,7,47800,105500,13500,25500,4800,900
CS,64,1,0.01,uniform,6,20260904,100,True,6,553,7,7,48100,105200,13500,25500,4900,900
SD,64,1,0.01,uniform,6,20260904,100,True,1,143,22,22,24700,12288700,16600,19500,8100,2500
SD,64,1,0.01,uniform,7,20260904,100,True,1,143,22,22,24900,12243400,16400,19500,8300,4300
CS,64,1,0.01,uniform,7,20260904,100,True,6,553,7,7,60600,106900,13800,29100,4900,900
CS,64,1,0.01,uniform,8,20260904,100,True,6,553,7,7,47900,105100,13300,25600,4900,900
SD,64,1,0.01,uniform,8,20260904,100,True,1,143,22,22,24700,12937800,17000,19400,8100,2500
SD,64,1,0.01,uniform,9,20260904,100,True,1,143,22,22,24800,12203400,16300,19600,8100,2500
CS,64,1,0.01,uniform,9,20260904,100,True,6,553,7,7,48100,104300,13500,25500,4900,900
CS,64,1,0.01,clustered,0,20260904,100,True,6,554,7,7,47600,105700,13200,25600,4600,800
SD,64,1,0.01,clustered,0,20260904,100,True,1,143,22,22,25100,12400400,16000,19900,18000,2500
SD,64,1,0.01,clustered,1,20260904,100,True,1,143,22,22,24800,12327200,16000,20300,18000,2500
CS,64,1,0.01,clustered,1,20260904,100,True,6,554,7,7,48000,105600,13300,25600,4700,1500
CS,64,1,0.01,clustered,2,20260904,100,True,6,554,7,7,47900,104500,13400,25900,4600,800
SD,64,1,0.01,clustered,2,20260904,100,True,1,143,22,22,24900,12309300,16100,19900,18100,2500
SD,64,1,0.01,clustered,3,20260904,100,True,1,143,22,22,24800,12226600,16500,19800,18000,2500
CS,64,1,0.01,clustered,3,20260904,100,True,6,554,7,7,47700,104500,13100,25600,4600,800
CS,64,1,0.01,clustered,4,20260904,100,True,6,554,7,7,48100,105000,13200,25600,4600,900
SD,64,1,0.01,clustered,4,20260904,100,True,1,143,22,22,24800,12425400,16100,19800,18100,2500
SD,64,1,0.01,clustered,5,20260904,100,True,1,143,22,22,24900,12334700,16100,20100,18000,2500
CS,64,1,0.01,clustered,5,20260904,100,True,6,554,7,7,48000,105000,13300,25700,4500,800
CS,64,1,0.01,clustered,6,20260904,100,True,6,554,7,7,48100,105200,13400,25500,4600,800
SD,64,1,0.01,clustered,6,20260904,100,True,1,143,22,22,24800,12267000,16300,19800,18000,2600
SD,64,1,0.01,clustered,7,20260904,100,True,1,143,22,22,24900,12445100,16100,20200,18000,2500
CS,64,1,0.01,clustered,7,20260904,100,True,6,554,7,7,47700,105800,13200,25700,4600,900
CS,64,1,0.01,clustered,8,20260904,100,True,6,554,7,7,48000,105400,13200,25500,4600,800
SD,64,1,0.01,clustered,8,20260904,100,True,1,143,22,22,24700,12377400,16300,19900,18100,2600
SD,64,1,0.01,clustered,9,20260904,100,True,1,143,22,22,24800,12239300,16200,20800,18100,2600
CS,64,1,0.01,clustered,9,20260904,100,True,6,554,7,7,47700,105400,13300,25600,4600,1100
CS,64,3,0.05,random,0,20260904,100,True,13,1171,7,7,47900,106900,31400,54100,4600,1200
SD,64,3,0.05,random,0,20260904,100,True,3,376,22,22,24800,12394000,38700,48000,14900,4400
SD,64,3,0.05,random,1,20260905,100,True,4,493,22,22,24800,12377200,36800,50400,13800,5600
CS,64,3,0.05,random,1,20260905,100,True,12,1082,7,7,47900,107700,29800,50000,4700,1200
CS,64,3,0.05,random,2,20260906,100,True,11,998,7,7,47700,107700,28000,45800,4600,1100
SD,64,3,0.05,random,2,20260906,100,True,4,495,22,22,24900,12237300,33200,49300,6800,5800
SD,64,3,0.05,random,3,20260907,100,True,4,494,22,22,24800,12222200,33600,48600,9000,5500
CS,64,3,0.05,random,3,20260907,100,True,11,995,7,7,47800,106500,27700,45900,4600,1100
CS,64,3,0.05,random,4,20260908,100,True,11,995,7,7,47800,107200,28000,45800,4600,1100
SD,64,3,0.05,random,4,20260908,100,True,4,494,22,22,24700,12348700,33900,49100,9000,5500
SD,64,3,0.05,random,5,20260909,100,True,5,608,22,22,24900,12458500,29900,49700,10500,6700
CS,64,3,0.05,random,5,20260909,100,True,9,818,7,7,48300,106800,24700,37900,4600,1000
CS,64,3,0.05,random,6,20260910,100,True,11,993,7,7,48200,107900,28000,46100,4700,1100
SD,64,3,0.05,random,6,20260910,100,True,4,492,22,22,25100,12216400,34000,48500,6900,5600
SD,64,3,0.05,random,7,20260911,100,True,3,377,22,22,24800,12215200,37700,47400,7900,4500
CS,64,3,0.05,random,7,20260911,100,True,13,1172,7,7,47800,107200,31600,54000,5100,1200
CS,64,3,0.05,random,8,20260912,100,True,13,1171,7,7,47700,106800,32200,53900,4800,1200
SD,64,3,0.05,random,8,20260912,100,True,3,376,22,22,24700,12344800,39600,48000,12700,4400
SD,64,3,0.05,random,9,20260913,100,True,5,608,22,22,37000,12479300,60100,88100,15100,6900
CS,64,3,0.05,random,9,20260913,100,True,10,906,7,7,78400,111200,51500,83400,4700,1600
CS,64,3,0.05,random,10,20260914,100,True,11,998,7,7,48100,175000,28500,69400,4600,1100
SD,64,3,0.05,random,10,20260914,100,True,4,495,22,22,24700,12941600,33500,49000,6800,5900
SD,64,3,0.05,random,11,20260915,100,True,3,376,22,22,24800,11938700,38400,48000,14800,4300
CS,64,3,0.05,random,11,20260915,100,True,13,1171,7,7,47500,107200,31500,54200,4800,1200
CS,64,3,0.05,random,12,20260916,100,True,13,1171,7,7,47600,107000,32000,54100,4800,1200
SD,64,3,0.05,random,12,20260916,100,True,3,376,22,22,24700,12320600,38400,47200,12600,4600
SD,64,3,0.05,random,13,20260917,100,True,4,494,22,22,25000,12331600,36300,48400,15600,5600
CS,64,3,0.05,random,13,20260917,100,True,11,995,7,7,47600,107600,28100,45900,4600,1100
CS,64,3,0.05,random,14,20260918,100,True,13,1171,7,7,47600,106200,32100,54000,4800,1200
SD,64,3,0.05,random,14,20260918,100,True,3,376,22,22,24700,12297700,38300,47700,12500,4300
SD,64,3,0.05,random,15,20260919,100,True,3,376,22,22,24800,12336000,38100,47200,14900,5400
CS,64,3,0.05,random,15,20260919,100,True,13,1171,7,7,47600,107500,31700,54000,4700,1200
CS,64,3,0.05,random,16,20260920,100,True,13,1172,7,7,48000,107400,31300,54000,4600,1200
SD,64,3,0.05,random,16,20260920,100,True,3,376,22,22,24800,12384800,38000,47300,15900,4600
SD,64,3,0.05,random,17,20260921,100,True,5,608,22,22,24800,12159400,31800,51800,12900,6800
CS,64,3,0.05,random,17,20260921,100,True,10,906,7,7,76000,107700,26100,41900,4800,1100
CS,64,3,0.05,random,18,20260922,100,True,12,1083,7,7,47600,107500,29900,50100,5100,1200
SD,64,3,0.05,random,18,20260922,100,True,4,491,22,22,24800,12352600,35900,51000,9500,9200
SD,64,3,0.05,random,19,20260923,100,True,4,494,22,22,24900,12283000,36400,51100,16200,5800
CS,64,3,0.05,random,19,20260923,100,True,12,1084,7,7,47900,106700,29400,49800,4700,3100
CS,64,3,0.05,contiguous,0,20260904,100,True,5,465,7,7,47900,105600,17600,21400,4800,800
SD,64,3,0.05,contiguous,0,20260904,100,True,2,260,22,22,25000,12324700,20000,23300,8300,3100
SD,64,3,0.05,contiguous,1,20260904,100,True,2,260,22,22,24800,12286700,20000,23000,8200,3200
CS,64,3,0.05,contiguous,1,20260904,100,True,5,465,7,7,47900,103300,17700,21500,4800,800
CS,64,3,0.05,contiguous,2,20260904,100,True,5,465,7,7,47800,104100,17500,21400,7900,800
SD,64,3,0.05,contiguous,2,20260904,100,True,2,260,22,22,24700,12290900,20200,23300,8000,3200
SD,64,3,0.05,contiguous,3,20260904,100,True,2,260,22,22,24700,12169400,20100,23100,8100,3100
CS,64,3,0.05,contiguous,3,20260904,100,True,5,465,7,7,48000,104900,17900,21400,4800,800
CS,64,3,0.05,contiguous,4,20260904,100,True,5,465,7,7,48100,105600,17500,21400,4900,800
SD,64,3,0.05,contiguous,4,20260904,100,True,2,260,22,22,24800,11942100,20300,23000,8100,3200
SD,64,3,0.05,contiguous,5,20260904,100,True,2,260,22,22,24700,12250100,20200,23500,8100,3100
CS,64,3,0.05,contiguous,5,20260904,100,True,5,465,7,7,47800,105000,17500,21500,5200,1400
CS,64,3,0.05,contiguous,6,20260904,100,True,5,465,7,7,47600,106500,17600,21400,4800,800
SD,64,3,0.05,contiguous,6,20260904,100,True,2,260,22,22,24800,12128200,21100,23100,8100,3100
SD,64,3,0.05,contiguous,7,20260904,100,True,2,260,22,22,24900,12127000,20000,23000,8100,5500
CS,64,3,0.05,contiguous,7,20260904,100,True,5,465,7,7,47900,104000,17700,21400,4800,800
CS,64,3,0.05,contiguous,8,20260904,100,True,5,465,7,7,47700,105100,17600,21500,4800,800
SD,64,3,0.05,contiguous,8,20260904,100,True,2,260,22,22,24800,12167100,20200,23200,8100,3100
SD,64,3,0.05,contiguous,9,20260904,100,True,2,260,22,22,24900,12284300,20000,23200,8100,3100
CS,64,3,0.05,contiguous,9,20260904,100,True,5,465,7,7,48100,103400,17600,21500,4800,800
CS,64,3,0.05,uniform,0,20260904,100,True,13,1171,7,7,48000,104900,32000,53700,5300,1200
SD,64,3,0.05,uniform,0,20260904,100,True,3,376,22,22,24800,12290800,39100,47900,8200,4200
SD,64,3,0.05,uniform,1,20260904,100,True,3,376,22,22,25000,12367200,40200,84200,13400,4200
CS,64,3,0.05,uniform,1,20260904,100,True,13,1171,7,7,48100,116000,56500,105100,9100,2100
CS,64,3,0.05,uniform,2,20260904,100,True,13,1171,7,7,86900,193300,58000,95900,5100,1200
SD,64,3,0.05,uniform,2,20260904,100,True,3,376,22,22,24700,12541300,40100,48000,8200,4200
SD,64,3,0.05,uniform,3,20260904,100,True,3,376,22,22,25000,12420100,38200,47700,8300,4100
CS,64,3,0.05,uniform,3,20260904,100,True,13,1171,7,7,47700,103600,31600,53800,5100,1200
CS,64,3,0.05,uniform,4,20260904,100,True,13,1171,7,7,47700,104900,32100,54000,5100,1200
SD,64,3,0.05,uniform,4,20260904,100,True,3,376,22,22,24700,12177400,39000,48000,8300,4200
SD,64,3,0.05,uniform,5,20260904,100,True,3,376,22,22,25200,12327500,38100,47800,8300,4200
CS,64,3,0.05,uniform,5,20260904,100,True,13,1171,7,7,47900,103600,32100,53900,5100,1200
CS,64,3,0.05,uniform,6,20260904,100,True,13,1171,7,7,47700,105300,32000,53900,5100,1200
SD,64,3,0.05,uniform,6,20260904,100,True,3,376,22,22,24700,12265200,38000,47700,14700,4200
SD,64,3,0.05,uniform,7,20260904,100,True,3,376,22,22,41200,12296300,38400,47900,8300,4200
CS,64,3,0.05,uniform,7,20260904,100,True,13,1171,7,7,47800,104700,31600,53700,5200,1200
CS,64,3,0.05,uniform,8,20260904,100,True,13,1171,7,7,48000,103100,32900,54000,5100,1200
SD,64,3,0.05,uniform,8,20260904,100,True,3,376,22,22,24900,11742100,37900,47800,8300,4200
SD,64,3,0.05,uniform,9,20260904,100,True,3,376,22,22,24800,12155700,39000,48100,8200,4200
CS,64,3,0.05,uniform,9,20260904,100,True,13,1171,7,7,48200,105300,31700,53900,5100,1200
CS,64,3,0.05,clustered,0,20260904,100,True,5,466,7,7,47600,105200,17200,21500,4600,800
SD,64,3,0.05,clustered,0,20260904,100,True,2,260,22,22,24700,12286900,20100,23300,13400,3200
SD,64,3,0.05,clustered,1,20260904,100,True,2,260,22,22,24800,12262300,19600,23400,13500,3200
CS,64,3,0.05,clustered,1,20260904,100,True,5,466,7,7,48100,105300,17300,21500,9300,1500
CS,64,3,0.05,clustered,2,20260904,100,True,5,466,7,7,47900,105200,17600,21500,4600,800
SD,64,3,0.05,clustered,2,20260904,100,True,2,260,22,22,25100,12242700,20700,43300,24900,5600
SD,64,3,0.05,clustered,3,20260904,100,True,2,260,22,22,43100,12196700,19900,23200,23700,3200
CS,64,3,0.05,clustered,3,20260904,100,True,5,466,7,7,47800,105200,17300,21500,8700,800
CS,64,3,0.05,clustered,4,20260904,100,True,5,466,7,7,47600,105800,17200,21400,4600,800
SD,64,3,0.05,clustered,4,20260904,100,True,2,260,22,22,24700,12182600,19700,23200,13500,3300
SD,64,3,0.05,clustered,5,20260904,100,True,2,260,22,22,24900,12239700,19600,23300,13400,3200
CS,64,3,0.05,clustered,5,20260904,100,True,5,466,7,7,47600,104600,17200,21500,4600,800
CS,64,3,0.05,clustered,6,20260904,100,True,5,466,7,7,47800,103800,17200,21400,4700,800
SD,64,3,0.05,clustered,6,20260904,100,True,2,260,22,22,24700,12365400,19700,23600,13500,3200
SD,64,3,0.05,clustered,7,20260904,100,True,2,260,22,22,24900,12255100,19800,23500,13500,3200
CS,64,3,0.05,clustered,7,20260904,100,True,5,466,7,7,47600,104600,17100,21500,4600,800
CS,64,3,0.05,clustered,8,20260904,100,True,5,466,7,7,48100,105000,18900,21500,4600,800
SD,64,3,0.05,clustered,8,20260904,100,True,2,260,22,22,24900,12186600,19700,23500,13400,3200
SD,64,3,0.05,clustered,9,20260904,100,True,2,260,22,22,24800,12214700,19800,23200,13700,3200
CS,64,3,0.05,clustered,9,20260904,100,True,5,466,7,7,47900,105900,17900,21500,4600,800
CS,64,6,0.10,random,0,20260904,100,True,18,1612,7,7,48100,107800,48800,74600,4600,1400
SD,64,6,0.10,random,0,20260904,100,True,7,844,22,22,25200,12219900,58900,81500,8900,8600
SD,64,6,0.10,random,1,20260905,100,True,7,844,22,22,24700,12511200,54000,77100,12600,8600
CS,64,6,0.10,random,1,20260905,100,True,16,1436,7,7,48000,106600,44700,66100,4800,1400
CS,64,6,0.10,random,2,20260906,100,True,18,1612,7,7,47800,107300,48500,74200,4900,1500
SD,64,6,0.10,random,2,20260906,100,True,8,961,22,22,24800,12390900,58900,88000,15600,9600
SD,64,6,0.10,random,3,20260907,100,True,7,844,22,22,25000,12384800,51700,74800,12300,8800
CS,64,6,0.10,random,3,20260907,100,True,15,1348,7,7,47900,107500,50900,62100,4700,1400
CS,64,6,0.10,random,4,20260908,100,True,18,1612,7,7,47600,107700,48000,146800,8600,2600
SD,64,6,0.10,random,4,20260908,100,True,8,961,22,22,24800,12481000,58900,87500,7700,9600
SD,64,6,0.10,random,5,20260909,100,True,7,841,22,22,24800,12235500,49900,72700,10300,8700
CS,64,6,0.10,random,5,20260909,100,True,14,1260,7,7,48000,107200,42100,58000,4700,1200
CS,64,6,0.10,random,6,20260910,100,True,19,1702,7,7,47700,106700,57700,78200,4700,1500
SD,64,6,0.10,random,6,20260910,100,True,6,727,22,22,24700,12156700,60500,78000,14200,7200
SD,64,6,0.10,random,7,20260911,100,True,8,961,22,22,24900,12299500,58400,87500,11400,9600
CS,64,6,0.10,random,7,20260911,100,True,18,1614,7,7,47800,107600,48100,74300,5200,1500
CS,64,6,0.10,random,8,20260912,100,True,19,1702,7,7,47600,106600,50100,78500,5300,1500
SD,64,6,0.10,random,8,20260912,100,True,6,727,22,22,24900,11994000,61000,79100,11200,7000
SD,64,6,0.10,random,9,20260913,100,True,6,732,22,22,24900,12228600,54500,72000,14300,7900
CS,64,6,0.10,random,9,20260913,100,True,16,1439,7,7,47800,106900,45300,66000,4700,1400
CS,64,6,0.10,random,10,20260914,100,True,18,1615,7,7,47800,107300,48300,74200,4600,1400
SD,64,6,0.10,random,10,20260914,100,True,7,847,22,22,24900,12252000,58600,82300,6700,9000
SD,64,6,0.10,random,11,20260915,100,True,7,844,22,22,25000,12349900,61600,84900,14600,8300
CS,64,6,0.10,random,11,20260915,100,True,19,1703,7,7,48100,107500,50800,78200,4700,1500
CS,64,6,0.10,random,12,20260916,100,True,20,1791,7,7,47600,107200,52000,82300,4700,1600
SD,64,6,0.10,random,12,20260916,100,True,6,728,22,22,24700,12291600,62400,81100,13400,7300
SD,64,6,0.10,random,13,20260917,100,True,7,848,22,22,24900,12121100,56200,77100,11200,8700
CS,64,6,0.10,random,13,20260917,100,True,16,1439,7,7,48100,107100,44900,66200,4600,1300
CS,64,6,0.10,random,14,20260918,100,True,16,1437,7,7,48100,108500,44600,67800,9100,2400
SD,64,6,0.10,random,14,20260918,100,True,6,726,22,22,24900,12211700,55000,71800,11800,7700
SD,64,6,0.10,random,15,20260919,100,True,6,725,22,22,25100,12106300,54200,71300,6500,7400
CS,64,6,0.10,random,15,20260919,100,True,16,1436,7,7,47800,107000,45000,66200,4600,1400
CS,64,6,0.10,random,16,20260920,100,True,19,1701,7,7,47700,107100,50000,78000,4600,1500
SD,64,6,0.10,random,16,20260920,100,True,7,845,22,22,25000,12284600,60800,83700,13900,8600
SD,64,6,0.10,random,17,20260921,100,True,7,844,22,22,24900,12285100,58600,81600,14100,8300
CS,64,6,0.10,random,17,20260921,100,True,18,1613,7,7,47900,107000,49000,74300,4900,1500
CS,64,6,0.10,random,18,20260922,100,True,17,1525,7,7,47700,105900,46000,70000,5200,1400
SD,64,6,0.10,random,18,20260922,100,True,8,963,22,22,24700,12324900,56400,84800,11600,9900
SD,64,6,0.10,random,19,20260923,100,True,7,846,22,22,24700,12324900,60700,84500,13700,8900
CS,64,6,0.10,random,19,20260923,100,True,19,1702,7,7,48000,105800,50300,78100,5700,1500
CS,64,6,0.10,contiguous,0,20260904,100,True,4,377,7,7,47900,104900,24500,17500,4800,700
SD,64,6,0.10,contiguous,0,20260904,100,True,2,259,22,22,24700,12241100,26500,21000,8000,3000
SD,64,6,0.10,contiguous,1,20260904,100,True,2,259,22,22,24900,12389700,27000,20900,8000,3000
CS,64,6,0.10,contiguous,1,20260904,100,True,4,377,7,7,47700,105000,24700,17300,4700,700
CS,64,6,0.10,contiguous,2,20260904,100,True,4,377,7,7,47800,105000,24600,17300,4800,700
SD,64,6,0.10,contiguous,2,20260904,100,True,2,259,22,22,24800,12176600,26600,20800,8300,3100
SD,64,6,0.10,contiguous,3,20260904,100,True,2,259,22,22,24800,12222800,26900,20700,8000,5400
CS,64,6,0.10,contiguous,3,20260904,100,True,4,377,7,7,47600,105500,24500,17300,4700,700
CS,64,6,0.10,contiguous,4,20260904,100,True,4,377,7,7,47900,105100,24500,17300,4800,1300
SD,64,6,0.10,contiguous,4,20260904,100,True,2,259,22,22,24800,12141000,26600,20900,8000,3100
SD,64,6,0.10,contiguous,5,20260904,100,True,2,259,22,22,25200,12317800,26900,20800,8100,3000
CS,64,6,0.10,contiguous,5,20260904,100,True,4,377,7,7,47500,103900,24400,17400,4700,700
CS,64,6,0.10,contiguous,6,20260904,100,True,4,377,7,7,47700,104600,44700,35400,4800,800
SD,64,6,0.10,contiguous,6,20260904,100,True,2,259,22,22,24700,12458700,26600,20800,8000,3000
SD,64,6,0.10,contiguous,7,20260904,100,True,2,259,22,22,25000,12194000,26400,21200,8000,3100
CS,64,6,0.10,contiguous,7,20260904,100,True,4,377,7,7,48100,105100,25000,17400,4700,800
CS,64,6,0.10,contiguous,8,20260904,100,True,4,377,7,7,48000,104300,24400,17600,4700,800
SD,64,6,0.10,contiguous,8,20260904,100,True,2,259,22,22,24700,12348900,27000,20800,8100,3100
SD,64,6,0.10,contiguous,9,20260904,100,True,2,259,22,22,24800,12223200,28200,20800,8000,5300
CS,64,6,0.10,contiguous,9,20260904,100,True,4,377,7,7,49200,105600,24600,17400,4800,1300
CS,64,6,0.10,uniform,0,20260904,100,True,20,1791,7,7,47800,105100,52000,82200,5300,1600
SD,64,6,0.10,uniform,0,20260904,100,True,6,728,22,22,24900,12301800,62800,80600,9100,7100
SD,64,6,0.10,uniform,1,20260904,100,True,6,728,22,22,24900,12301200,63300,80400,9000,7200
CS,64,6,0.10,uniform,1,20260904,100,True,20,1791,7,7,47800,106600,55200,82300,5300,1600
CS,64,6,0.10,uniform,2,20260904,100,True,20,1791,7,7,48000,105800,52100,82200,5300,1600
SD,64,6,0.10,uniform,2,20260904,100,True,6,728,22,22,40600,12379200,63500,80400,9000,10500
SD,64,6,0.10,uniform,3,20260904,100,True,6,728,22,22,24800,12046500,63300,80500,9100,7000
CS,64,6,0.10,uniform,3,20260904,100,True,20,1791,7,7,48000,105700,51800,82100,5300,1600
CS,64,6,0.10,uniform,4,20260904,100,True,20,1791,7,7,48000,105400,51800,82000,5400,1600
SD,64,6,0.10,uniform,4,20260904,100,True,6,728,22,22,24800,12169700,64200,80500,9100,7200
SD,64,6,0.10,uniform,5,20260904,100,True,6,728,22,22,25000,12293500,63300,80700,9100,7100
CS,64,6,0.10,uniform,5,20260904,100,True,20,1791,7,7,64500,110200,51600,82200,5300,1600
CS,64,6,0.10,uniform,6,20260904,100,True,20,1791,7,7,48100,105600,51400,82000,5300,1600
SD,64,6,0.10,uniform,6,20260904,100,True,6,728,22,22,24800,12097600,63300,80400,11200,7200
SD,64,6,0.10,uniform,7,20260904,100,True,6,728,22,22,24800,11996700,63000,80500,9100,7200
CS,64,6,0.10,uniform,7,20260904,100,True,20,1791,7,7,48100,105500,51600,82100,5300,1600
CS,64,6,0.10,uniform,8,20260904,100,True,20,1791,7,7,48000,104400,51400,82200,5300,1600
SD,64,6,0.10,uniform,8,20260904,100,True,6,728,22,22,24800,12042600,62700,80500,9000,7100
SD,64,6,0.10,uniform,9,20260904,100,True,6,728,22,22,24900,12232000,63000,80200,9100,7100
CS,64,6,0.10,uniform,9,20260904,100,True,20,1791,7,7,47800,104000,52300,82300,5300,1600
CS,64,6,0.10,clustered,0,20260904,100,True,4,378,7,7,47800,105300,23900,17400,4600,800
SD,64,6,0.10,clustered,0,20260904,100,True,2,260,22,22,24800,12328300,25800,20900,11300,3000
SD,64,6,0.10,clustered,1,20260904,100,True,2,260,22,22,24900,12726300,26000,21000,11200,3100
CS,64,6,0.10,clustered,1,20260904,100,True,4,378,7,7,47800,106400,23800,17300,4600,800
CS,64,6,0.10,clustered,2,20260904,100,True,4,378,7,7,47700,106100,23800,17200,4600,800
SD,64,6,0.10,clustered,2,20260904,100,True,2,260,22,22,24800,12207000,25900,21100,11200,3100
SD,64,6,0.10,clustered,3,20260904,100,True,2,260,22,22,24900,12106900,25900,21100,11500,5200
CS,64,6,0.10,clustered,3,20260904,100,True,4,378,7,7,47900,104300,23900,17300,4600,800
CS,64,6,0.10,clustered,4,20260904,100,True,4,378,7,7,47900,106100,24000,17400,7300,800
SD,64,6,0.10,clustered,4,20260904,100,True,2,260,22,22,24700,12090600,25900,21300,11200,3100
SD,64,6,0.10,clustered,5,20260904,100,True,2,260,22,22,24900,12399000,26200,21300,11300,3100
CS,64,6,0.10,clustered,5,20260904,100,True,4,378,7,7,48000,107000,24300,17500,7900,800
CS,64,6,0.10,clustered,6,20260904,100,True,4,378,7,7,48000,104100,24400,17400,4600,800
SD,64,6,0.10,clustered,6,20260904,100,True,2,260,22,22,24900,12343000,25900,21100,11500,3100
SD,64,6,0.10,clustered,7,20260904,100,True,2,260,22,22,24700,12326200,26500,20900,11400,5700
CS,64,6,0.10,clustered,7,20260904,100,True,4,378,7,7,47600,105800,47600,17300,8700,1300
CS,64,6,0.10,clustered,8,20260904,100,True,4,378,7,7,47900,106300,42200,29200,4900,1200
SD,64,6,0.10,clustered,8,20260904,100,True,2,260,22,22,42300,12467500,26700,21400,11200,3100
SD,64,6,0.10,clustered,9,20260904,100,True,2,260,22,22,25000,12368400,25800,21000,11400,3000
CS,64,6,0.10,clustered,9,20260904,100,True,4,378,7,7,47700,105700,24500,17300,4600,800
CS,64,16,0.25,random,0,20260904,100,True,26,2320,7,7,48100,107100,89700,106600,5300,1900
SD,64,16,0.25,random,0,20260904,100,True,14,1668,22,22,24900,12810800,105900,141400,6900,15500
SD,64,16,0.25,random,1,20260905,100,True,17,2021,22,22,24900,12308700,111100,162600,13100,21900
CS,64,16,0.25,random,1,20260905,100,True,28,2498,7,7,48100,106900,92900,114600,4800,2000
CS,64,16,0.25,random,2,20260906,100,True,27,2411,7,7,48100,107000,91300,110700,5300,1900
SD,64,16,0.25,random,2,20260906,100,True,15,1788,22,22,24800,12111200,106600,149300,17200,16200
SD,64,16,0.25,random,3,20260907,100,True,12,1435,22,22,24900,12125200,107900,130800,11200,13600
CS,64,16,0.25,random,3,20260907,100,True,27,2409,7,7,48100,107500,92200,110500,4600,1900
CS,64,16,0.25,random,4,20260908,100,True,24,2142,7,7,48300,108400,85600,98500,5300,1800
SD,64,16,0.25,random,4,20260908,100,True,13,1550,22,22,24900,12311500,101100,129800,12200,14800
SD,64,16,0.25,random,5,20260909,100,True,15,1789,22,22,24900,12322400,109200,152200,9900,16800
CS,64,16,0.25,random,5,20260909,100,True,28,2499,7,7,48100,107000,92800,114600,5400,2000
CS,64,16,0.25,random,6,20260910,100,True,25,2235,7,7,47900,108000,88400,102500,5400,1900
SD,64,16,0.25,random,6,20260910,100,True,14,1671,22,22,24900,11990800,101900,137800,8900,15800
SD,64,16,0.25,random,7,20260911,100,True,17,2021,22,22,25200,12267100,113600,165900,8800,18800
CS,64,16,0.25,random,7,20260911,100,True,30,2674,7,7,47900,106800,96400,122900,5300,3600
CS,64,16,0.25,random,8,20260912,100,True,23,2057,7,7,47700,107100,85300,95000,5300,1700
SD,64,16,0.25,random,8,20260912,100,True,14,1668,22,22,24900,12185600,98400,133400,10900,15400
SD,64,16,0.25,random,9,20260913,100,True,17,2018,22,22,24900,12007600,95900,149400,10200,20400
CS,64,16,0.25,random,9,20260913,100,True,22,1969,7,7,48200,108900,82000,90400,4900,1700
CS,64,16,0.25,random,10,20260914,100,True,25,2237,7,7,48700,106300,88500,102600,5100,1800
SD,64,16,0.25,random,10,20260914,100,True,15,1791,22,22,25000,12137200,102100,144400,7200,16800
SD,64,16,0.25,random,11,20260915,100,True,16,1904,22,22,24800,12286200,111000,158700,9600,17400
CS,64,16,0.25,random,11,20260915,100,True,29,2585,7,7,48100,107100,95600,118300,5300,2000
CS,64,16,0.25,random,12,20260916,100,True,26,2320,7,7,48000,108600,89200,106300,4600,1900
SD,64,16,0.25,random,12,20260916,100,True,15,1785,22,22,24800,12238400,104000,146200,6500,16800
SD,64,16,0.25,random,13,20260917,100,True,15,1784,22,22,24900,12307000,99000,139100,8000,16700
CS,64,16,0.25,random,13,20260917,100,True,23,2056,7,7,48000,106000,84600,94500,5200,1800
CS,64,16,0.25,random,14,20260918,100,True,26,2324,7,7,48000,107600,88600,106300,4900,1900
SD,64,16,0.25,random,14,20260918,100,True,17,2022,22,22,24700,12277300,104900,158800,9100,19000
SD,64,16,0.25,random,15,20260919,100,True,14,1667,22,22,24900,12297000,102100,138500,12100,15900
CS,64,16,0.25,random,15,20260919,100,True,25,2231,7,7,48100,108300,87600,102300,4700,1800
CS,64,16,0.25,random,16,20260920,100,True,27,2408,7,7,47800,106700,91700,111200,5300,2000
SD,64,16,0.25,random,16,20260920,100,True,15,1785,22,22,24700,12230300,107100,148400,6900,16800
SD,64,16,0.25,random,17,20260921,100,True,16,1903,22,22,24700,12286400,98700,145000,13100,17800
CS,64,16,0.25,random,17,20260921,100,True,23,2057,7,7,47800,107800,85100,94400,4900,1800
CS,64,16,0.25,random,18,20260922,100,True,20,1795,7,7,47700,107500,80100,82000,4900,1800
SD,64,16,0.25,random,18,20260922,100,True,15,1789,22,22,24700,12259200,92400,133700,11600,30900
SD,64,16,0.25,random,19,20260923,100,True,17,2019,22,22,41700,13133500,110000,166000,37500,20300
CS,64,16,0.25,random,19,20260923,100,True,28,2497,7,7,48100,144600,94400,200800,5400,2100
CS,64,16,0.25,contiguous,0,20260904,100,True,2,202,7,7,47800,105300,48400,9200,4700,600
SD,64,16,0.25,contiguous,0,20260904,100,True,1,142,22,22,24900,12313500,49600,10600,7000,1900
SD,64,16,0.25,contiguous,1,20260904,100,True,1,142,22,22,25000,12187000,62000,10500,14300,1900
CS,64,16,0.25,contiguous,1,20260904,100,True,2,202,7,7,47700,106200,48600,9200,4700,600
CS,64,16,0.25,contiguous,2,20260904,100,True,2,202,7,7,47800,106200,48300,9200,4600,600
SD,64,16,0.25,contiguous,2,20260904,100,True,1,142,22,22,25200,12257600,49900,10500,7000,1900
SD,64,16,0.25,contiguous,3,20260904,100,True,1,142,22,22,25000,12181300,49700,10600,7000,1900
CS,64,16,0.25,contiguous,3,20260904,100,True,2,202,7,7,48100,104900,48000,9300,4600,600
CS,64,16,0.25,contiguous,4,20260904,100,True,2,202,7,7,47900,105200,48100,9200,4700,600
SD,64,16,0.25,contiguous,4,20260904,100,True,1,142,22,22,24700,12285900,49900,10600,7000,4000
SD,64,16,0.25,contiguous,5,20260904,100,True,1,142,22,22,24900,12055300,49500,10600,7000,1900
CS,64,16,0.25,contiguous,5,20260904,100,True,2,202,7,7,47800,105200,48000,9300,4600,600
CS,64,16,0.25,contiguous,6,20260904,100,True,2,202,7,7,48000,104400,48400,9200,4700,1200
SD,64,16,0.25,contiguous,6,20260904,100,True,1,142,22,22,24700,12084100,50000,10600,7000,1900
SD,64,16,0.25,contiguous,7,20260904,100,True,1,142,22,22,25000,12259700,50200,10500,15000,2400
CS,64,16,0.25,contiguous,7,20260904,100,True,2,202,7,7,47600,104500,48400,9200,4600,600
CS,64,16,0.25,contiguous,8,20260904,100,True,2,202,7,7,47900,105100,48400,9200,4700,700
SD,64,16,0.25,contiguous,8,20260904,100,True,1,142,22,22,24800,12407200,49500,15500,7000,1900
SD,64,16,0.25,contiguous,9,20260904,100,True,1,142,22,22,24800,12141900,49800,10600,7000,1900
CS,64,16,0.25,contiguous,9,20260904,100,True,2,202,7,7,47800,105900,48300,9200,4600,700
CS,64,16,0.25,uniform,0,20260904,100,True,32,2851,7,7,48000,104800,100200,130700,5500,2200
SD,64,16,0.25,uniform,0,20260904,100,True,16,1906,22,22,24900,12220400,117600,165800,6900,17400
SD,64,16,0.25,uniform,1,20260904,100,True,16,1906,22,22,24800,12242600,116500,165400,6500,17400
CS,64,16,0.25,uniform,1,20260904,100,True,32,2851,7,7,48000,106800,99400,130200,5400,2200
CS,64,16,0.25,uniform,2,20260904,100,True,32,2851,7,7,47500,104800,99800,131100,5500,3700
SD,64,16,0.25,uniform,2,20260904,100,True,16,1906,22,22,24800,12087900,117500,165100,6400,17600
SD,64,16,0.25,uniform,3,20260904,100,True,16,1906,22,22,24900,12385900,118100,173100,6400,17600
CS,64,16,0.25,uniform,3,20260904,100,True,32,2851,7,7,92500,106300,101600,130300,10600,4100
CS,64,16,0.25,uniform,4,20260904,100,True,32,2851,7,7,47700,104200,102900,130600,5400,2200
SD,64,16,0.25,uniform,4,20260904,100,True,16,1906,22,22,24800,12333600,117600,165700,6400,17700
SD,64,16,0.25,uniform,5,20260904,100,True,16,1906,22,22,24700,12203800,118400,165700,6500,17300
CS,64,16,0.25,uniform,5,20260904,100,True,32,2851,7,7,47700,105200,99700,130400,5400,2200
CS,64,16,0.25,uniform,6,20260904,100,True,32,2851,7,7,47800,105600,100000,130300,5400,2200
SD,64,16,0.25,uniform,6,20260904,100,True,16,1906,22,22,24700,12366900,117400,165800,6400,17500
SD,64,16,0.25,uniform,7,20260904,100,True,16,1906,22,22,25000,12174400,117700,164600,6500,17600
CS,64,16,0.25,uniform,7,20260904,100,True,32,2851,7,7,48000,104200,99600,130800,5400,2200
CS,64,16,0.25,uniform,8,20260904,100,True,32,2851,7,7,47900,107000,99700,130800,5400,2200
SD,64,16,0.25,uniform,8,20260904,100,True,16,1906,22,22,24800,12165500,117700,165300,6400,17700
SD,64,16,0.25,uniform,9,20260904,100,True,16,1906,22,22,25100,12253100,117000,165200,6500,17300
CS,64,16,0.25,uniform,9,20260904,100,True,32,2851,7,7,48100,107500,99500,130600,5400,2200
CS,64,16,0.25,clustered,0,20260904,100,True,2,202,7,7,48100,104800,47500,9200,4700,700
SD,64,16,0.25,clustered,0,20260904,100,True,1,142,22,22,24700,12333400,48400,11000,9100,1900
SD,64,16,0.25,clustered,1,20260904,100,True,1,142,22,22,24800,12180300,48200,10900,9100,1900
CS,64,16,0.25,clustered,1,20260904,100,True,2,202,7,7,47800,105000,47500,9300,4800,1200
CS,64,16,0.25,clustered,2,20260904,100,True,2,202,7,7,47900,104800,47300,9200,4600,700
SD,64,16,0.25,clustered,2,20260904,100,True,1,142,22,22,25000,12235300,48500,10700,9100,1900
SD,64,16,0.25,clustered,3,20260904,100,True,1,142,22,22,25000,12485400,49400,10700,9100,1900
CS,64,16,0.25,clustered,3,20260904,100,True,2,202,7,7,48000,105300,47100,17000,4600,700
CS,64,16,0.25,clustered,4,20260904,100,True,2,202,7,7,47700,105600,47000,9200,4700,600
SD,64,16,0.25,clustered,4,20260904,100,True,1,142,22,22,24700,12141100,48600,10700,9100,1900
SD,64,16,0.25,clustered,5,20260904,100,True,1,142,22,22,24900,12425900,48600,12300,9000,1900
CS,64,16,0.25,clustered,5,20260904,100,True,2,202,7,7,48100,105700,47100,9200,4600,700
CS,64,16,0.25,clustered,6,20260904,100,True,2,202,7,7,48000,105300,47600,9200,4600,700
SD,64,16,0.25,clustered,6,20260904,100,True,1,142,22,22,24800,12390200,48300,10700,9000,1900
SD,64,16,0.25,clustered,7,20260904,100,True,1,142,22,22,24900,12424500,48800,10700,9100,1900
CS,64,16,0.25,clustered,7,20260904,100,True,2,202,7,7,48000,104100,47100,9200,4600,700
CS,64,16,0.25,clustered,8,20260904,100,True,2,202,7,7,47700,172300,47300,9200,4600,700
SD,64,16,0.25,clustered,8,20260904,100,True,1,142,22,22,24900,12084900,48600,10800,9100,1900
SD,64,16,0.25,clustered,9,20260904,100,True,1,142,22,22,24900,12228700,48500,10800,9100,1900
CS,64,16,0.25,clustered,9,20260904,100,True,2,202,7,7,47800,104900,47200,9200,4600,600
CS,64,32,0.50,random,0,20260904,100,True,24,2147,7,7,47900,106100,130100,98200,6000,2200
SD,64,32,0.50,random,0,20260904,100,True,21,2491,22,22,24900,12165900,145700,176000,12800,22500
SD,64,32,0.50,random,1,20260905,100,True,20,2373,22,22,24800,12343600,147400,173100,13800,21700
CS,64,32,0.50,random,1,20260905,100,True,25,2234,7,7,47700,105600,132700,102000,5000,1800
CS,64,32,0.50,random,2,20260906,100,True,25,2236,7,7,48200,107100,132600,102100,4800,1800
SD,64,32,0.50,random,2,20260906,100,True,21,2492,22,22,24900,12163500,149400,178600,11900,22400
SD,64,32,0.50,random,3,20260907,100,True,19,2259,22,22,24700,12415500,144400,163600,16100,20800
CS,64,32,0.50,random,3,20260907,100,True,23,2061,7,7,48100,107100,129000,94400,5000,1700
CS,64,32,0.50,random,4,20260908,100,True,24,2148,7,7,47900,107700,132100,98500,4900,1800
SD,64,32,0.50,random,4,20260908,100,True,20,2375,22,22,24700,12346800,145300,171500,12900,21800
SD,64,32,0.50,random,5,20260909,100,True,20,2374,22,22,40400,12009400,147100,174200,6500,21800
CS,64,32,0.50,random,5,20260909,100,True,25,2235,7,7,48000,105700,132400,102200,5000,2700
CS,64,32,0.50,random,6,20260910,100,True,23,2060,7,7,48900,107500,129100,94200,6300,1800
SD,64,32,0.50,random,6,20260910,100,True,18,2141,22,22,24800,12044300,142700,157100,6500,19800
SD,64,32,0.50,random,7,20260911,100,True,17,2020,22,22,24700,12428900,141200,148100,15100,18700
CS,64,32,0.50,random,7,20260911,100,True,22,1969,7,7,47900,106900,126700,90000,5000,1700
CS,64,32,0.50,random,8,20260912,100,True,20,1795,7,7,48100,107300,123300,82100,5000,1600
SD,64,32,0.50,random,8,20260912,100,True,14,1671,22,22,25000,12478700,137400,126800,12800,15400
SD,64,32,0.50,random,9,20260913,100,True,17,2022,22,22,25000,11961300,152000,153100,8700,25600
CS,64,32,0.50,random,9,20260913,100,True,24,2146,7,7,48000,107900,130800,98200,4600,1800
CS,64,32,0.50,random,10,20260914,100,True,24,2147,7,7,47800,107700,132900,99300,4900,1800
SD,64,32,0.50,random,10,20260914,100,True,19,2257,22,22,33200,12652300,145400,165700,11700,20300
SD,64,32,0.50,random,11,20260915,100,True,14,1669,22,22,24900,12376000,137700,126700,7500,15100
CS,64,32,0.50,random,11,20260915,100,True,20,1792,7,7,48200,128900,127700,82300,9300,2700
CS,64,32,0.50,random,12,20260916,100,True,19,1705,7,7,48100,110300,231400,78200,4600,1500
SD,64,32,0.50,random,12,20260916,100,True,15,1786,22,22,24900,12962800,133400,130400,6400,16800
SD,64,32,0.50,random,13,20260917,100,True,19,2256,22,22,24900,12320400,145800,166300,15000,20300
CS,64,32,0.50,random,13,20260917,100,True,24,2146,7,7,47800,107600,131400,98500,5000,1800
CS,64,32,0.50,random,14,20260918,100,True,24,2150,7,7,47800,107700,130700,98300,4600,2800
SD,64,32,0.50,random,14,20260918,100,True,18,2143,22,22,24700,12369900,145700,161400,6400,19600
SD,64,32,0.50,random,15,20260919,100,True,15,1786,22,22,24900,12097600,138600,134300,7500,16100
CS,64,32,0.50,random,15,20260919,100,True,21,1880,7,7,47600,108500,126900,86200,7100,3000
CS,64,32,0.50,random,16,20260920,100,True,24,2146,7,7,48200,108800,131200,98200,4900,1800
SD,64,32,0.50,random,16,20260920,100,True,18,2139,22,22,24900,12150700,146400,160100,15700,19400
SD,64,32,0.50,random,17,20260921,100,True,22,2610,22,22,24800,12163200,154700,189600,11700,24200
CS,64,32,0.50,random,17,20260921,100,True,27,2413,7,7,47900,106100,136500,110400,4800,1900
CS,64,32,0.50,random,18,20260922,100,True,21,1883,7,7,47600,108000,125600,86200,4900,1600
SD,64,32,0.50,random,18,20260922,100,True,17,2022,22,22,24800,12138100,139500,146900,11900,18500
SD,64,32,0.50,random,19,20260923,100,True,19,2256,22,22,24800,12218300,144000,163500,7600,20400
CS,64,32,0.50,random,19,20260923,100,True,23,2059,7,7,48000,106500,129800,94400,5000,1700
CS,64,32,0.50,contiguous,0,20260904,100,True,1,115,7,7,48000,107300,91300,5100,4600,600
SD,64,32,0.50,contiguous,0,20260904,100,True,1,142,22,22,24900,12265700,92500,8400,6800,1900
SD,64,32,0.50,contiguous,1,20260904,100,True,1,142,22,22,24800,12344300,91500,8300,6800,1800
CS,64,32,0.50,contiguous,1,20260904,100,True,1,115,7,7,48000,106300,90300,5200,4700,600
CS,64,32,0.50,contiguous,2,20260904,100,True,1,115,7,7,48100,111900,90600,5100,4600,600
SD,64,32,0.50,contiguous,2,20260904,100,True,1,142,22,22,24900,12396100,92200,8400,6800,3000
SD,64,32,0.50,contiguous,3,20260904,100,True,1,142,22,22,24800,12131000,91100,8400,6800,1800
CS,64,32,0.50,contiguous,3,20260904,100,True,1,115,7,7,48000,104400,90300,5100,4600,600
CS,64,32,0.50,contiguous,4,20260904,100,True,1,115,7,7,48100,107100,90700,5100,4600,600
SD,64,32,0.50,contiguous,4,20260904,100,True,1,142,22,22,25000,12348700,93000,8400,6800,1800
SD,64,32,0.50,contiguous,5,20260904,100,True,1,142,22,22,24800,12081700,92500,8400,6800,1800
CS,64,32,0.50,contiguous,5,20260904,100,True,1,115,7,7,48200,106500,90300,5100,4600,600
CS,64,32,0.50,contiguous,6,20260904,100,True,1,115,7,7,47700,106600,91100,5100,4600,600
SD,64,32,0.50,contiguous,6,20260904,100,True,1,142,22,22,24900,12364600,92200,8400,6800,1800
SD,64,32,0.50,contiguous,7,20260904,100,True,1,142,22,22,24900,12016000,90700,8400,6800,1800
CS,64,32,0.50,contiguous,7,20260904,100,True,1,115,7,7,47700,104800,91100,5200,4700,1100
CS,64,32,0.50,contiguous,8,20260904,100,True,1,115,7,7,47700,106800,90200,5100,4600,600
SD,64,32,0.50,contiguous,8,20260904,100,True,1,142,22,22,24800,12090700,92400,8400,6700,1800
SD,64,32,0.50,contiguous,9,20260904,100,True,1,142,22,22,24900,12254000,92400,8400,6800,1800
CS,64,32,0.50,contiguous,9,20260904,100,True,1,115,7,7,47800,104800,89800,9500,4600,600
CS,64,32,0.50,uniform,0,20260904,100,True,32,2858,7,7,47800,106600,144900,130200,4600,2200
SD,64,32,0.50,uniform,0,20260904,100,True,32,3785,22,22,25400,12318500,162700,258100,6200,34400
SD,64,32,0.50,uniform,1,20260904,100,True,32,3785,22,22,25000,12202800,164000,257800,6300,33900
CS,64,32,0.50,uniform,1,20260904,100,True,32,2858,7,7,47700,105900,143400,130400,4600,2200
CS,64,32,0.50,uniform,2,20260904,100,True,32,2858,7,7,47800,104700,144300,130400,4600,2200
SD,64,32,0.50,uniform,2,20260904,100,True,32,3785,22,22,24800,12194300,162800,259000,6500,33800
SD,64,32,0.50,uniform,3,20260904,100,True,32,3785,22,22,24900,12435900,165600,257200,6200,34900
CS,64,32,0.50,uniform,3,20260904,100,True,32,2858,7,7,48100,105000,143100,130500,4600,2200
CS,64,32,0.50,uniform,4,20260904,100,True,32,2858,7,7,47600,105900,143300,130700,4600,2200
SD,64,32,0.50,uniform,4,20260904,100,True,32,3785,22,22,24800,12221900,161400,260200,6200,36600
SD,64,32,0.50,uniform,5,20260904,100,True,32,3785,22,22,24800,12184600,297800,460000,10300,61400
CS,64,32,0.50,uniform,5,20260904,100,True,32,2858,7,7,48000,104100,142400,130800,4600,2200
CS,64,32,0.50,uniform,6,20260904,100,True,32,2858,7,7,47900,104800,141800,130400,4600,2200
SD,64,32,0.50,uniform,6,20260904,100,True,32,3785,22,22,24900,12324100,161700,258900,6200,33900
SD,64,32,0.50,uniform,7,20260904,100,True,32,3785,22,22,25000,12134200,161200,257000,6300,34200
CS,64,32,0.50,uniform,7,20260904,100,True,32,2858,7,7,48400,104900,142500,130600,4500,2200
CS,64,32,0.50,uniform,8,20260904,100,True,32,2858,7,7,48200,105200,143200,130500,4600,2200
SD,64,32,0.50,uniform,8,20260904,100,True,32,3785,22,22,25000,11575400,162100,257900,6200,46700
SD,64,32,0.50,uniform,9,20260904,100,True,32,3785,22,22,24800,12366800,161800,257600,6300,33900
CS,64,32,0.50,uniform,9,20260904,100,True,32,2858,7,7,48000,104600,142800,130200,4600,2200
CS,64,32,0.50,clustered,0,20260904,100,True,1,115,7,7,47800,105400,88600,5100,4600,600
SD,64,32,0.50,clustered,0,20260904,100,True,1,142,22,22,24900,12452800,88900,8600,6800,1900
SD,64,32,0.50,clustered,1,20260904,100,True,1,142,22,22,24900,12338600,91400,8600,6800,1900
CS,64,32,0.50,clustered,1,20260904,100,True,1,115,7,7,48600,106300,87900,5100,6800,600
CS,64,32,0.50,clustered,2,20260904,100,True,1,115,7,7,48100,108600,88000,5100,4700,600
SD,64,32,0.50,clustered,2,20260904,100,True,1,142,22,22,24900,12585300,112400,9100,6700,1900
SD,64,32,0.50,clustered,3,20260904,100,True,1,142,22,22,24900,12489900,90000,8600,6800,1900
CS,64,32,0.50,clustered,3,20260904,100,True,1,115,7,7,47800,106000,88300,5100,4600,600
CS,64,32,0.50,clustered,4,20260904,100,True,1,115,7,7,47700,106500,87400,5100,4600,600
SD,64,32,0.50,clustered,4,20260904,100,True,1,142,22,22,24900,12578200,89000,8600,6800,1900
SD,64,32,0.50,clustered,5,20260904,100,True,1,142,22,22,24900,12068100,89700,8600,6800,1900
CS,64,32,0.50,clustered,5,20260904,100,True,1,115,7,7,47700,105100,88800,5100,4600,600
CS,64,32,0.50,clustered,6,20260904,100,True,1,115,7,7,47900,105400,88100,5100,4600,600
SD,64,32,0.50,clustered,6,20260904,100,True,1,142,22,22,24900,11631500,89500,8600,6800,1900
SD,64,32,0.50,clustered,7,20260904,100,True,1,142,22,22,24800,12360600,89600,8600,7100,1900
CS,64,32,0.50,clustered,7,20260904,100,True,1,115,7,7,47700,105300,88300,5100,4600,600
CS,64,32,0.50,clustered,8,20260904,100,True,1,115,7,7,47800,105500,88300,5100,4600,600
SD,64,32,0.50,clustered,8,20260904,100,True,1,142,22,22,24900,12272700,88900,8500,6800,3300
SD,64,32,0.50,clustered,9,20260904,100,True,1,142,22,22,24800,12353500,89100,8500,6800,3300
CS,64,32,0.50,clustered,9,20260904,100,True,1,115,7,7,47800,108900,87700,5100,4600,600
CS,128,0,zero,random,0,20260904,100,True,1,115,8,8,93700,232000,400,5100,4600,
SD,128,0,zero,random,0,20260904,100,True,1,145,29,29,47800,36168100,500,6200,4400,
SD,128,0,zero,random,1,20260905,100,True,1,145,29,29,48000,36917900,800,11400,8100,
CS,128,0,zero,random,1,20260905,100,True,1,115,8,8,172200,236500,400,5200,4600,
CS,128,0,zero,random,2,20260906,100,True,1,115,8,8,94600,235200,400,5100,4600,
SD,128,0,zero,random,2,20260906,100,True,1,145,29,29,48300,36167100,500,6200,4300,
SD,128,0,zero,random,3,20260907,100,True,1,145,29,29,48000,36278700,500,6300,4300,
CS,128,0,zero,random,3,20260907,100,True,1,115,8,8,94100,231300,400,5100,4600,
CS,128,0,zero,random,4,20260908,100,True,1,115,8,8,94500,233300,400,5100,4600,
SD,128,0,zero,random,4,20260908,100,True,1,145,29,29,48100,36335900,500,6300,4300,
SD,128,0,zero,random,5,20260909,100,True,1,145,29,29,48000,36181100,500,6300,4300,
CS,128,0,zero,random,5,20260909,100,True,1,115,8,8,93800,233300,400,5100,4700,
CS,128,0,zero,random,6,20260910,100,True,1,115,8,8,94000,233300,400,5200,4600,
SD,128,0,zero,random,6,20260910,100,True,1,145,29,29,48000,36037800,500,6300,4300,
SD,128,0,zero,random,7,20260911,100,True,1,145,29,29,48000,36396600,500,6300,4300,
CS,128,0,zero,random,7,20260911,100,True,1,115,8,8,93700,230300,400,5100,4700,
CS,128,0,zero,random,8,20260912,100,True,1,115,8,8,94100,232500,400,5100,4600,
SD,128,0,zero,random,8,20260912,100,True,1,145,29,29,48100,36402500,500,6200,4300,
SD,128,0,zero,random,9,20260913,100,True,1,145,29,29,48000,36544000,500,6200,4300,
CS,128,0,zero,random,9,20260913,100,True,1,115,8,8,94100,231800,600,8500,7700,
CS,128,0,zero,random,10,20260914,100,True,1,115,8,8,94500,232100,400,5200,8300,
SD,128,0,zero,random,10,20260914,100,True,1,145,29,29,47800,36323900,500,6300,4300,
SD,128,0,zero,random,11,20260915,100,True,1,145,29,29,48000,36173400,500,6200,4400,
CS,128,0,zero,random,11,20260915,100,True,1,115,8,8,94300,231300,400,5100,4600,
CS,128,0,zero,random,12,20260916,100,True,1,115,8,8,94400,230800,400,5100,4600,
SD,128,0,zero,random,12,20260916,100,True,1,145,29,29,48300,36491900,400,6300,7400,
SD,128,0,zero,random,13,20260917,100,True,1,145,29,29,47900,36387300,500,6300,4300,
CS,128,0,zero,random,13,20260917,100,True,1,115,8,8,94100,237800,400,5100,4600,
CS,128,0,zero,random,14,20260918,100,True,1,115,8,8,93900,235500,400,5100,4600,
SD,128,0,zero,random,14,20260918,100,True,1,145,29,29,48100,36968100,500,6300,4300,
SD,128,0,zero,random,15,20260919,100,True,1,145,29,29,47900,36188200,500,11300,4300,
CS,128,0,zero,random,15,20260919,100,True,1,115,8,8,93600,231000,400,5600,4600,
CS,128,0,zero,random,16,20260920,100,True,1,115,8,8,93900,232700,400,9000,7400,
SD,128,0,zero,random,16,20260920,100,True,1,145,29,29,47900,36291200,500,6300,4300,
SD,128,0,zero,random,17,20260921,100,True,1,145,29,29,48200,36641500,500,6200,4300,
CS,128,0,zero,random,17,20260921,100,True,1,115,8,8,93800,230300,400,5100,4600,
CS,128,0,zero,random,18,20260922,100,True,1,115,8,8,93700,233100,400,5100,4600,
SD,128,0,zero,random,18,20260922,100,True,1,145,29,29,48000,36401100,500,6300,4300,
SD,128,0,zero,random,19,20260923,100,True,1,145,29,29,48100,36472100,500,6200,4300,
CS,128,0,zero,random,19,20260923,100,True,1,115,8,8,93500,231900,400,5100,4600,
CS,128,1,single,random,0,20260904,100,True,7,642,8,8,93700,231900,15600,29700,4700,900
SD,128,1,single,random,0,20260904,100,True,1,144,29,29,48400,36746500,18900,23000,17600,3400
SD,128,1,single,random,1,20260905,100,True,1,144,29,29,47800,36520600,19400,22900,21300,3300
CS,128,1,single,random,1,20260905,100,True,7,643,8,8,93500,232300,15300,29600,4600,900
CS,128,1,single,random,2,20260906,100,True,7,644,8,8,93800,232600,15400,29700,4600,900
SD,128,1,single,random,2,20260906,100,True,1,144,29,29,47900,36219200,18600,23800,21700,3500
SD,128,1,single,random,3,20260907,100,True,1,144,29,29,48200,35952800,18800,23000,19600,3300
CS,128,1,single,random,3,20260907,100,True,7,643,8,8,94200,232100,15700,29600,4700,900
CS,128,1,single,random,4,20260908,100,True,7,643,8,8,93700,232500,15300,29600,4700,900
SD,128,1,single,random,4,20260908,100,True,1,144,29,29,48100,36718600,19400,23400,19600,3400
SD,128,1,single,random,5,20260909,100,True,1,144,29,29,48200,36305500,18800,22900,17300,3500
CS,128,1,single,random,5,20260909,100,True,7,642,8,8,94400,232900,15600,29700,9300,1600
CS,128,1,single,random,6,20260910,100,True,7,642,8,8,93800,233600,15600,29600,4800,900
SD,128,1,single,random,6,20260910,100,True,1,144,29,29,48200,36482100,19200,23000,17400,3300
SD,128,1,single,random,7,20260911,100,True,1,144,29,29,48400,36059400,18600,23000,21600,3300
CS,128,1,single,random,7,20260911,100,True,7,644,8,8,93500,233400,15400,29600,4600,900
CS,128,1,single,random,8,20260912,100,True,7,642,8,8,93600,232900,15400,29600,4800,900
SD,128,1,single,random,8,20260912,100,True,1,144,29,29,48100,36308100,18800,23000,15500,4600
SD,128,1,single,random,9,20260913,100,True,1,144,29,29,47800,36396300,18800,22800,17100,3300
CS,128,1,single,random,9,20260913,100,True,7,642,8,8,94000,232400,15400,29600,8700,900
CS,128,1,single,random,10,20260914,100,True,7,644,8,8,93600,234200,15300,29600,4500,900
SD,128,1,single,random,10,20260914,100,True,1,144,29,29,48200,39084200,33800,44000,40100,5700
SD,128,1,single,random,11,20260915,100,True,1,144,29,29,84100,36673300,36000,45400,37000,4600
CS,128,1,single,random,11,20260915,100,True,7,642,8,8,134800,235700,28800,55400,9000,1600
CS,128,1,single,random,12,20260916,100,True,7,642,8,8,93700,426800,15600,29700,4800,900
SD,128,1,single,random,12,20260916,100,True,1,144,29,29,47900,36668400,19000,22700,15100,3300
SD,128,1,single,random,13,20260917,100,True,1,144,29,29,48200,36204600,18700,22800,19400,3200
CS,128,1,single,random,13,20260917,100,True,7,643,8,8,94100,233200,15600,29600,4700,900
CS,128,1,single,random,14,20260918,100,True,7,644,8,8,93900,232900,15400,29600,4600,900
SD,128,1,single,random,14,20260918,100,True,1,144,29,29,48300,36314600,18800,23200,21400,3300
SD,128,1,single,random,15,20260919,100,True,1,144,29,29,48300,36463500,18700,22900,17300,3300
CS,128,1,single,random,15,20260919,100,True,7,642,8,8,94100,233800,15400,29700,4700,900
CS,128,1,single,random,16,20260920,100,True,7,643,8,8,93400,232800,16000,29700,4600,900
SD,128,1,single,random,16,20260920,100,True,1,144,29,29,48300,36195800,18800,23200,22300,3300
SD,128,1,single,random,17,20260921,100,True,1,144,29,29,48200,36702900,18700,23600,19700,3300
CS,128,1,single,random,17,20260921,100,True,7,643,8,8,94700,231700,15500,29700,4700,900
CS,128,1,single,random,18,20260922,100,True,7,644,8,8,93500,233800,16100,29600,4600,900
SD,128,1,single,random,18,20260922,100,True,1,144,29,29,48300,36246900,18700,23300,21900,3300
SD,128,1,single,random,19,20260923,100,True,1,144,29,29,47900,36757100,18600,22900,21300,3300
CS,128,1,single,random,19,20260923,100,True,7,644,8,8,94100,233200,15300,29600,8000,900
CS,128,1,single,contiguous,0,20260904,100,True,7,642,8,8,94000,231500,15700,29700,4900,900
SD,128,1,single,contiguous,0,20260904,100,True,1,144,29,29,48200,36523600,19200,22100,8800,3200
SD,128,1,single,contiguous,1,20260904,100,True,1,144,29,29,48200,36361100,19000,22000,9200,3200
CS,128,1,single,contiguous,1,20260904,100,True,7,642,8,8,94300,230700,16000,29600,4900,900
CS,128,1,single,contiguous,2,20260904,100,True,7,642,8,8,94300,231600,15700,29700,4900,900
SD,128,1,single,contiguous,2,20260904,100,True,1,144,29,29,48200,36029000,19700,22200,8700,3200
SD,128,1,single,contiguous,3,20260904,100,True,1,144,29,29,48300,36365600,19100,22200,9800,3200
CS,128,1,single,contiguous,3,20260904,100,True,7,642,8,8,94000,232900,15800,29600,4900,900
CS,128,1,single,contiguous,4,20260904,100,True,7,642,8,8,93500,232100,15800,29600,4900,900
SD,128,1,single,contiguous,4,20260904,100,True,1,144,29,29,48100,36436300,19000,22500,8700,3200
SD,128,1,single,contiguous,5,20260904,100,True,1,144,29,29,48000,36435800,19800,22100,8800,3100
CS,128,1,single,contiguous,5,20260904,100,True,7,642,8,8,93700,231900,16300,29600,4900,900
CS,128,1,single,contiguous,6,20260904,100,True,7,642,8,8,94400,234000,15600,29500,4900,900
SD,128,1,single,contiguous,6,20260904,100,True,1,144,29,29,48100,36867600,37000,22700,8700,3100
SD,128,1,single,contiguous,7,20260904,100,True,1,144,29,29,48200,36851800,19000,21800,9300,3100
CS,128,1,single,contiguous,7,20260904,100,True,7,642,8,8,94200,231400,15800,29600,4900,900
CS,128,1,single,contiguous,8,20260904,100,True,7,642,8,8,93500,232500,15700,29600,4900,1600
SD,128,1,single,contiguous,8,20260904,100,True,1,144,29,29,47900,36291500,19300,22000,8800,3100
SD,128,1,single,contiguous,9,20260904,100,True,1,144,29,29,48100,36511000,19000,22400,8900,3200
CS,128,1,single,contiguous,9,20260904,100,True,7,642,8,8,93500,232100,15900,29600,5000,900
CS,128,1,single,uniform,0,20260904,100,True,7,642,8,8,93500,231900,15800,29600,4900,900
SD,128,1,single,uniform,0,20260904,100,True,1,144,29,29,48000,36375900,19500,22100,8700,3100
SD,128,1,single,uniform,1,20260904,100,True,1,144,29,29,48100,36444900,19300,22100,9100,3200
CS,128,1,single,uniform,1,20260904,100,True,7,642,8,8,93500,232500,15700,29700,4900,900
CS,128,1,single,uniform,2,20260904,100,True,7,642,8,8,94000,232700,20700,29600,4900,900
SD,128,1,single,uniform,2,20260904,100,True,1,144,29,29,48000,36485600,19100,35700,8700,3100
SD,128,1,single,uniform,3,20260904,100,True,1,144,29,29,48200,36546600,19300,21900,10900,3200
CS,128,1,single,uniform,3,20260904,100,True,7,642,8,8,93600,232500,15700,29600,4900,900
CS,128,1,single,uniform,4,20260904,100,True,7,642,8,8,94100,233400,15800,29700,4900,900
SD,128,1,single,uniform,4,20260904,100,True,1,144,29,29,48400,36747500,19700,22100,8800,3100
SD,128,1,single,uniform,5,20260904,100,True,1,144,29,29,47900,35835000,19300,22000,8700,3100
CS,128,1,single,uniform,5,20260904,100,True,7,642,8,8,93400,232200,15700,29600,5000,900
CS,128,1,single,uniform,6,20260904,100,True,7,642,8,8,93400,231400,16200,29700,4900,900
SD,128,1,single,uniform,6,20260904,100,True,1,144,29,29,48200,35498900,19200,22300,8800,3100
SD,128,1,single,uniform,7,20260904,100,True,1,144,29,29,48400,36601800,19100,22300,8800,3200
CS,128,1,single,uniform,7,20260904,100,True,7,642,8,8,94100,233000,15800,29700,5000,900
CS,128,1,single,uniform,8,20260904,100,True,7,642,8,8,93600,233800,15700,29600,4900,900
SD,128,1,single,uniform,8,20260904,100,True,1,144,29,29,48300,36212200,20300,22000,8700,3200
SD,128,1,single,uniform,9,20260904,100,True,1,144,29,29,47900,36373200,19000,22400,17300,3200
CS,128,1,single,uniform,9,20260904,100,True,7,642,8,8,94200,233300,15700,29800,5000,1000
CS,128,1,single,clustered,0,20260904,100,True,7,643,8,8,93900,232100,15400,29600,4600,900
SD,128,1,single,clustered,0,20260904,100,True,1,144,29,29,48300,36229100,19100,22500,20700,3200
SD,128,1,single,clustered,1,20260904,100,True,1,144,29,29,48400,36527000,18700,22400,21100,3100
CS,128,1,single,clustered,1,20260904,100,True,7,643,8,8,94200,233100,16000,29500,4600,900
CS,128,1,single,clustered,2,20260904,100,True,7,643,8,8,93500,258800,15500,52300,8800,900
SD,128,1,single,clustered,2,20260904,100,True,1,144,29,29,80500,36681400,19400,22500,20700,3300
SD,128,1,single,clustered,3,20260904,100,True,1,144,29,29,48000,37009800,18800,22400,20600,3200
CS,128,1,single,clustered,3,20260904,100,True,7,643,8,8,93500,235600,15500,29900,4600,900
CS,128,1,single,clustered,4,20260904,100,True,7,643,8,8,94300,236600,16000,52800,4600,1000
SD,128,1,single,clustered,4,20260904,100,True,1,144,29,29,62500,36742400,19100,22400,20700,3200
SD,128,1,single,clustered,5,20260904,100,True,1,144,29,29,48200,35663900,18800,22600,20800,3200
CS,128,1,single,clustered,5,20260904,100,True,7,643,8,8,94000,231700,15500,29600,4600,900
CS,128,1,single,clustered,6,20260904,100,True,7,643,8,8,93600,231800,15500,29600,4600,900
SD,128,1,single,clustered,6,20260904,100,True,1,144,29,29,48000,36558300,33500,41300,38600,5400
SD,128,1,single,clustered,7,20260904,100,True,1,144,29,29,84100,36296200,18700,22400,20900,3200
CS,128,1,single,clustered,7,20260904,100,True,7,643,8,8,94100,234400,16100,29700,4600,900
CS,128,1,single,clustered,8,20260904,100,True,7,643,8,8,93800,234800,15400,29700,4600,900
SD,128,1,single,clustered,8,20260904,100,True,1,144,29,29,48000,36547300,18900,22400,21200,3200
SD,128,1,single,clustered,9,20260904,100,True,1,144,29,29,48000,36463900,18700,22600,20600,3200
CS,128,1,single,clustered,9,20260904,100,True,7,643,8,8,93600,233500,15400,29700,4600,900
CS,128,1,0.01,random,0,20260904,100,True,7,642,8,8,94200,235000,15500,29700,4700,900
SD,128,1,0.01,random,0,20260904,100,True,1,144,29,29,47900,36639300,19200,23100,17500,3300
SD,128,1,0.01,random,1,20260905,100,True,1,144,29,29,48100,36105000,18800,22800,21200,3300
CS,128,1,0.01,random,1,20260905,100,True,7,643,8,8,94200,233600,15900,29600,4600,900
CS,128,1,0.01,random,2,20260906,100,True,7,644,8,8,94200,234600,15500,29800,4600,900
SD,128,1,0.01,random,2,20260906,100,True,1,144,29,29,48000,36257300,18800,23800,22100,3400
SD,128,1,0.01,random,3,20260907,100,True,1,144,29,29,48200,36671700,20200,22900,19500,3300
CS,128,1,0.01,random,3,20260907,100,True,7,643,8,8,94100,233500,15500,29600,4700,900
CS,128,1,0.01,random,4,20260908,100,True,7,643,8,8,93400,231900,15500,29600,4600,900
SD,128,1,0.01,random,4,20260908,100,True,1,144,29,29,48000,36277300,19100,23200,19600,3400
SD,128,1,0.01,random,5,20260909,100,True,1,144,29,29,47900,36302400,19500,22800,17300,3300
CS,128,1,0.01,random,5,20260909,100,True,7,642,8,8,93600,234900,15700,29500,4700,900
CS,128,1,0.01,random,6,20260910,100,True,7,642,8,8,94200,234200,15600,29700,4700,900
SD,128,1,0.01,random,6,20260910,100,True,1,144,29,29,48200,36236100,18900,22900,17700,3300
SD,128,1,0.01,random,7,20260911,100,True,1,144,29,29,48200,36617100,18800,23500,21500,3300
CS,128,1,0.01,random,7,20260911,100,True,7,644,8,8,94100,232400,15400,29700,4600,900
CS,128,1,0.01,random,8,20260912,100,True,7,642,8,8,93400,235300,15600,29700,4700,900
SD,128,1,0.01,random,8,20260912,100,True,1,144,29,29,48400,36454200,24300,22900,15400,3400
SD,128,1,0.01,random,9,20260913,100,True,1,144,29,29,48300,36785600,18700,22500,17200,3300
CS,128,1,0.01,random,9,20260913,100,True,7,642,8,8,94500,231900,15500,29700,4800,900
CS,128,1,0.01,random,10,20260914,100,True,7,644,8,8,93700,231600,15500,29700,4500,900
SD,128,1,0.01,random,10,20260914,100,True,1,144,29,29,48200,36345100,19700,23200,21600,5800
SD,128,1,0.01,random,11,20260915,100,True,1,144,29,29,48100,36319700,18800,22800,17300,3300
CS,128,1,0.01,random,11,20260915,100,True,7,642,8,8,94100,233200,15500,29800,4700,900
CS,128,1,0.01,random,12,20260916,100,True,7,642,8,8,94100,233300,16200,29700,4800,900
SD,128,1,0.01,random,12,20260916,100,True,1,144,29,29,48000,36360700,19300,22500,15200,3300
SD,128,1,0.01,random,13,20260917,100,True,1,144,29,29,47900,36653300,18800,22600,19500,3300
CS,128,1,0.01,random,13,20260917,100,True,7,643,8,8,93500,235500,15500,29700,4700,900
CS,128,1,0.01,random,14,20260918,100,True,7,644,8,8,94100,232400,15500,29700,8500,900
SD,128,1,0.01,random,14,20260918,100,True,1,144,29,29,48000,36656500,19300,23100,21500,3400
SD,128,1,0.01,random,15,20260919,100,True,1,144,29,29,48600,36758700,19300,22800,17500,3300
CS,128,1,0.01,random,15,20260919,100,True,7,642,8,8,93600,230600,15600,29800,4700,900
CS,128,1,0.01,random,16,20260920,100,True,7,643,8,8,93900,232400,15600,29600,4600,900
SD,128,1,0.01,random,16,20260920,100,True,1,144,29,29,48300,36412300,19500,22900,21300,3300
SD,128,1,0.01,random,17,20260921,100,True,1,144,29,29,48300,36314500,18900,23500,20000,3300
CS,128,1,0.01,random,17,20260921,100,True,7,643,8,8,93900,232800,16000,29700,4700,900
CS,128,1,0.01,random,18,20260922,100,True,7,644,8,8,93500,231000,15400,29900,4600,900
SD,128,1,0.01,random,18,20260922,100,True,1,144,29,29,48300,36446800,18700,23200,21600,3300
SD,128,1,0.01,random,19,20260923,100,True,1,144,29,29,48200,36637400,18700,23000,21500,3200
CS,128,1,0.01,random,19,20260923,100,True,7,644,8,8,94200,233100,15800,29600,4600,900
CS,128,1,0.01,contiguous,0,20260904,100,True,7,642,8,8,93800,233000,15800,29700,4900,900
SD,128,1,0.01,contiguous,0,20260904,100,True,1,144,29,29,47900,35848400,19500,22000,8800,3200
SD,128,1,0.01,contiguous,1,20260904,100,True,1,144,29,29,48300,36428400,19000,22300,8800,3100
CS,128,1,0.01,contiguous,1,20260904,100,True,7,642,8,8,94000,244700,31200,29800,4900,900
CS,128,1,0.01,contiguous,2,20260904,100,True,7,642,8,8,171700,250800,16000,29700,4900,900
SD,128,1,0.01,contiguous,2,20260904,100,True,1,144,29,29,48000,36848300,19100,21900,8800,3200
SD,128,1,0.01,contiguous,3,20260904,100,True,1,144,29,29,48000,36225200,19100,22000,8900,4000
CS,128,1,0.01,contiguous,3,20260904,100,True,7,642,8,8,93500,232200,15800,29600,5000,900
CS,128,1,0.01,contiguous,4,20260904,100,True,7,642,8,8,94300,233900,15700,29500,4900,900
SD,128,1,0.01,contiguous,4,20260904,100,True,1,144,29,29,48200,36552900,19600,21900,8800,3200
SD,128,1,0.01,contiguous,5,20260904,100,True,1,144,29,29,48300,36160300,19400,22000,8800,3200
CS,128,1,0.01,contiguous,5,20260904,100,True,7,642,8,8,93900,235000,16400,29800,4900,900
CS,128,1,0.01,contiguous,6,20260904,100,True,7,642,8,8,93600,231900,15900,29600,4800,900
SD,128,1,0.01,contiguous,6,20260904,100,True,1,144,29,29,47800,37230900,19200,22000,9000,3300
SD,128,1,0.01,contiguous,7,20260904,100,True,1,144,29,29,48300,36515900,19800,22100,8700,3100
CS,128,1,0.01,contiguous,7,20260904,100,True,7,642,8,8,94300,234300,15700,29600,5000,900
CS,128,1,0.01,contiguous,8,20260904,100,True,7,642,8,8,94100,232400,15800,29500,4900,900
SD,128,1,0.01,contiguous,8,20260904,100,True,1,144,29,29,48200,36465700,19500,22000,8800,3100
SD,128,1,0.01,contiguous,9,20260904,100,True,1,144,29,29,48400,36747100,19100,43600,8700,3100
CS,128,1,0.01,contiguous,9,20260904,100,True,7,642,8,8,94600,244900,28900,30400,5000,900
CS,128,1,0.01,uniform,0,20260904,100,True,7,642,8,8,98600,285900,28200,29700,4900,900
SD,128,1,0.01,uniform,0,20260904,100,True,1,144,29,29,48100,36393600,19500,22200,8700,3200
SD,128,1,0.01,uniform,1,20260904,100,True,1,144,29,29,48500,36382000,19700,22000,8800,3200
CS,128,1,0.01,uniform,1,20260904,100,True,7,642,8,8,94500,232100,15700,29500,4900,900
CS,128,1,0.01,uniform,2,20260904,100,True,7,642,8,8,94200,232000,15800,29600,4900,900
SD,128,1,0.01,uniform,2,20260904,100,True,1,144,29,29,47800,36421900,19200,22100,8800,5300
SD,128,1,0.01,uniform,3,20260904,100,True,1,144,29,29,48000,36577900,19000,22200,8700,3200
CS,128,1,0.01,uniform,3,20260904,100,True,7,642,8,8,94200,233100,16200,29600,4900,1000
CS,128,1,0.01,uniform,4,20260904,100,True,7,642,8,8,94200,233400,15700,29600,4900,900
SD,128,1,0.01,uniform,4,20260904,100,True,1,144,29,29,47900,36363200,19100,22100,8700,3200
SD,128,1,0.01,uniform,5,20260904,100,True,1,144,29,29,48200,36274100,19000,22100,8700,3100
CS,128,1,0.01,uniform,5,20260904,100,True,7,642,8,8,93500,233200,15800,29500,4900,900
CS,128,1,0.01,uniform,6,20260904,100,True,7,642,8,8,94500,233400,15700,29700,6100,900
SD,128,1,0.01,uniform,6,20260904,100,True,1,144,29,29,48200,36155600,19000,22400,8700,3200
SD,128,1,0.01,uniform,7,20260904,100,True,1,144,29,29,48200,37131100,19200,22000,8800,3200
CS,128,1,0.01,uniform,7,20260904,100,True,7,642,8,8,93400,233100,15700,29700,9600,1700
CS,128,1,0.01,uniform,8,20260904,100,True,7,642,8,8,93500,230400,16000,29600,8500,2100
SD,128,1,0.01,uniform,8,20260904,100,True,1,144,29,29,47900,36081200,19100,22100,8900,3100
SD,128,1,0.01,uniform,9,20260904,100,True,1,144,29,29,48400,36641400,19600,22000,8800,3100
CS,128,1,0.01,uniform,9,20260904,100,True,7,642,8,8,93800,235100,27300,54000,8900,1600
CS,128,1,0.01,clustered,0,20260904,100,True,7,643,8,8,166200,325100,26900,29700,4600,1500
SD,128,1,0.01,clustered,0,20260904,100,True,1,144,29,29,48000,36314500,18800,22800,20700,3200
SD,128,1,0.01,clustered,1,20260904,100,True,1,144,29,29,48400,36435600,20500,22300,20800,3200
CS,128,1,0.01,clustered,1,20260904,100,True,7,643,8,8,93500,231200,15400,29600,4600,900
CS,128,1,0.01,clustered,2,20260904,100,True,7,643,8,8,94100,232200,15500,29600,4600,900
SD,128,1,0.01,clustered,2,20260904,100,True,1,144,29,29,48200,36596000,18900,22400,20700,3200
SD,128,1,0.01,clustered,3,20260904,100,True,1,144,29,29,48200,37039500,18800,22600,20700,3100
CS,128,1,0.01,clustered,3,20260904,100,True,7,643,8,8,94200,230300,15300,29700,4600,900
CS,128,1,0.01,clustered,4,20260904,100,True,7,643,8,8,93700,232600,15400,36700,4600,900
SD,128,1,0.01,clustered,4,20260904,100,True,1,144,29,29,48000,36565900,18900,22600,20800,3100
SD,128,1,0.01,clustered,5,20260904,100,True,1,144,29,29,84200,36279000,19100,22400,20800,3200
CS,128,1,0.01,clustered,5,20260904,100,True,7,643,8,8,93500,234000,15400,29500,4600,900
CS,128,1,0.01,clustered,6,20260904,100,True,7,643,8,8,93900,232600,15800,29600,4600,900
SD,128,1,0.01,clustered,6,20260904,100,True,1,144,29,29,48200,36372000,18700,22400,41800,3200
SD,128,1,0.01,clustered,7,20260904,100,True,1,144,29,29,48000,36286900,18800,22400,21100,3200
CS,128,1,0.01,clustered,7,20260904,100,True,7,643,8,8,93800,231600,15400,29600,4700,3200
CS,128,1,0.01,clustered,8,20260904,100,True,7,643,8,8,93900,232600,15500,29700,4600,900
SD,128,1,0.01,clustered,8,20260904,100,True,1,144,29,29,48000,36390600,18600,22400,20900,3200
SD,128,1,0.01,clustered,9,20260904,100,True,1,144,29,29,48100,36476300,19200,22300,20700,3200
CS,128,1,0.01,clustered,9,20260904,100,True,7,643,8,8,94000,231400,15800,29600,6900,900
CS,128,6,0.05,random,0,20260904,100,True,25,2235,8,8,94000,231800,62100,102400,4500,1800
SD,128,6,0.05,random,0,20260904,100,True,7,849,29,29,48200,36565400,74900,99400,16300,12600
SD,128,6,0.05,random,1,20260905,100,True,7,848,29,29,48100,36465200,74800,98800,6600,10900
CS,128,6,0.05,random,1,20260905,100,True,25,2235,8,8,94400,232400,61700,102600,4600,1800
CS,128,6,0.05,random,2,20260906,100,True,24,2148,8,8,93500,232800,59900,98200,4700,1800
SD,128,6,0.05,random,2,20260906,100,True,7,847,29,29,48100,36862400,73700,96600,16800,11200
SD,128,6,0.05,random,3,20260907,100,True,8,966,29,29,48100,36375100,62300,89800,9300,11900
CS,128,6,0.05,random,3,20260907,100,True,19,1706,8,8,94200,231200,50900,78300,4600,1500
CS,128,6,0.05,random,4,20260908,100,True,21,1882,8,8,93500,232500,55100,86500,4600,2900
SD,128,6,0.05,random,4,20260908,100,True,8,967,29,29,48100,36022800,67100,95400,6900,12500
SD,128,6,0.05,random,5,20260909,100,True,6,732,29,29,48200,36505400,72900,87800,12200,9100
CS,128,6,0.05,random,5,20260909,100,True,22,1970,8,8,94100,232800,57200,90300,5200,1800
CS,128,6,0.05,random,6,20260910,100,True,22,1970,8,8,94200,232900,56900,90600,4700,1700
SD,128,6,0.05,random,6,20260910,100,True,9,1081,29,29,48100,36583600,71000,103100,13400,13600
SD,128,6,0.05,random,7,20260911,100,True,6,731,29,29,48400,36720300,77900,94900,12200,9300
CS,128,6,0.05,random,7,20260911,100,True,26,2325,8,8,94000,231700,63800,107100,5400,1900
CS,128,6,0.05,random,8,20260912,100,True,24,2147,8,8,93600,231900,61000,98800,4900,1800
SD,128,6,0.05,random,8,20260912,100,True,7,848,29,29,48200,36552500,74800,97300,18400,10400
SD,128,6,0.05,random,9,20260913,100,True,8,965,29,29,48300,37829500,73600,102400,15900,12300
CS,128,6,0.05,random,9,20260913,100,True,24,2148,8,8,94800,234500,61100,98900,4600,1800
CS,128,6,0.05,random,10,20260914,100,True,21,1882,8,8,101300,417200,108800,108000,5400,1600
SD,128,6,0.05,random,10,20260914,100,True,5,616,29,29,59000,36577000,66500,77500,8100,8300
SD,128,6,0.05,random,11,20260915,100,True,6,731,29,29,48400,36548100,78900,95400,14400,9200
CS,128,6,0.05,random,11,20260915,100,True,26,2325,8,8,94200,232800,64700,106500,5000,1900
CS,128,6,0.05,random,12,20260916,100,True,26,2324,8,8,94400,234300,64700,106500,4700,1900
SD,128,6,0.05,random,12,20260916,100,True,6,731,29,29,48100,36657500,78200,95900,16200,9000
SD,128,6,0.05,random,13,20260917,100,True,8,967,29,29,48300,36418300,70100,96900,9100,12400
CS,128,6,0.05,random,13,20260917,100,True,22,1969,8,8,94000,236800,57600,90500,11700,2000
CS,128,6,0.05,random,14,20260918,100,True,25,2237,8,8,94300,233300,64100,102500,4700,1800
SD,128,6,0.05,random,14,20260918,100,True,6,732,29,29,47900,36701600,76500,92900,14000,9300
SD,128,6,0.05,random,15,20260919,100,True,6,732,29,29,48400,36806900,75400,92600,16000,9500
CS,128,6,0.05,random,15,20260919,100,True,25,2236,8,8,93600,231600,61700,102400,4600,1800
CS,128,6,0.05,random,16,20260920,100,True,25,2236,8,8,93500,232000,61500,102900,4600,1800
SD,128,6,0.05,random,16,20260920,100,True,7,850,29,29,48200,36181400,75900,98000,6800,10800
SD,128,6,0.05,random,17,20260921,100,True,8,965,29,29,48400,36908700,63100,90100,11800,14200
CS,128,6,0.05,random,17,20260921,100,True,19,1705,8,8,94400,233500,52400,78400,4700,1500
CS,128,6,0.05,random,18,20260922,100,True,19,1705,8,8,93600,233400,52200,78000,5300,1500
SD,128,6,0.05,random,18,20260922,100,True,8,966,29,29,48300,36553600,63300,90900,10300,12400
SD,128,6,0.05,random,19,20260923,100,True,6,731,29,29,48600,36452000,62200,79500,16500,9700
CS,128,6,0.05,random,19,20260923,100,True,19,1707,8,8,93700,233400,52000,78400,4600,1500
CS,128,6,0.05,contiguous,0,20260904,100,True,5,465,8,8,93800,235000,27400,26600,4900,800
SD,128,6,0.05,contiguous,0,20260904,100,True,2,260,29,29,48000,36854200,30200,23500,8600,3800
SD,128,6,0.05,contiguous,1,20260904,100,True,2,260,29,29,48100,36913300,30200,23600,8600,3900
CS,128,6,0.05,contiguous,1,20260904,100,True,5,465,8,8,94400,232200,27400,21600,5500,2000
CS,128,6,0.05,contiguous,2,20260904,100,True,5,465,8,8,94300,233300,29200,21500,4800,800
SD,128,6,0.05,contiguous,2,20260904,100,True,2,260,29,29,48000,36506600,30400,23200,10500,3900
SD,128,6,0.05,contiguous,3,20260904,100,True,2,260,29,29,48200,36374700,29900,23200,9400,6100
CS,128,6,0.05,contiguous,3,20260904,100,True,5,465,8,8,93600,234500,27500,21500,4800,800
CS,128,6,0.05,contiguous,4,20260904,100,True,5,465,8,8,93700,234300,27100,21500,8200,800
SD,128,6,0.05,contiguous,4,20260904,100,True,2,260,29,29,48300,36985300,30500,23300,8600,3900
SD,128,6,0.05,contiguous,5,20260904,100,True,2,260,29,29,48400,36985500,30700,23400,8600,3900
CS,128,6,0.05,contiguous,5,20260904,100,True,5,465,8,8,94000,234500,28000,21600,4800,800
CS,128,6,0.05,contiguous,6,20260904,100,True,5,465,8,8,94300,233100,27200,21500,4800,800
SD,128,6,0.05,contiguous,6,20260904,100,True,2,260,29,29,49100,36354600,30300,23300,8500,3800
SD,128,6,0.05,contiguous,7,20260904,100,True,2,260,29,29,47800,36138600,30100,23300,14800,3800
CS,128,6,0.05,contiguous,7,20260904,100,True,5,465,8,8,94200,232900,27600,21500,4800,800
CS,128,6,0.05,contiguous,8,20260904,100,True,5,465,8,8,93600,235600,27200,21600,4800,800
SD,128,6,0.05,contiguous,8,20260904,100,True,2,260,29,29,48200,36407600,30200,23700,8500,3900
SD,128,6,0.05,contiguous,9,20260904,100,True,2,260,29,29,48500,36671200,30400,23300,8600,3900
CS,128,6,0.05,contiguous,9,20260904,100,True,5,465,8,8,93500,233000,27600,21500,4800,800
CS,128,6,0.05,uniform,0,20260904,100,True,26,2325,8,8,93400,232100,64400,106800,5700,2400
SD,128,6,0.05,uniform,0,20260904,100,True,6,731,29,29,48100,36443300,79700,95400,10000,9300
SD,128,6,0.05,uniform,1,20260904,100,True,6,731,29,29,48100,36284200,78500,94500,10200,9100
CS,128,6,0.05,uniform,1,20260904,100,True,26,2325,8,8,93900,234800,64300,106600,5600,3300
CS,128,6,0.05,uniform,2,20260904,100,True,26,2325,8,8,93400,232500,64300,106600,5600,1900
SD,128,6,0.05,uniform,2,20260904,100,True,6,731,29,29,48200,37446600,78700,95000,10100,9200
SD,128,6,0.05,uniform,3,20260904,100,True,6,731,29,29,48200,36306000,79100,95600,10000,16400
CS,128,6,0.05,uniform,3,20260904,100,True,26,2325,8,8,170900,243200,100100,107500,5600,1900
CS,128,6,0.05,uniform,4,20260904,100,True,26,2325,8,8,93900,232800,65000,106500,5600,1900
SD,128,6,0.05,uniform,4,20260904,100,True,6,731,29,29,48000,36345400,80300,95500,9900,9000
SD,128,6,0.05,uniform,5,20260904,100,True,6,731,29,29,48200,36345700,79300,95400,10000,9100
CS,128,6,0.05,uniform,5,20260904,100,True,26,2325,8,8,93600,233900,65000,106700,5600,1900
CS,128,6,0.05,uniform,6,20260904,100,True,26,2325,8,8,93800,231500,64300,106900,5600,1900
SD,128,6,0.05,uniform,6,20260904,100,True,6,731,29,29,48600,36522300,77900,95300,10000,9100
SD,128,6,0.05,uniform,7,20260904,100,True,6,731,29,29,48000,36263600,79800,95100,10000,8900
CS,128,6,0.05,uniform,7,20260904,100,True,26,2325,8,8,94000,232200,65300,106700,5600,1800
CS,128,6,0.05,uniform,8,20260904,100,True,26,2325,8,8,93600,232200,65100,106500,5600,1900
SD,128,6,0.05,uniform,8,20260904,100,True,6,731,29,29,48200,36463200,78900,95000,10200,8900
SD,128,6,0.05,uniform,9,20260904,100,True,6,731,29,29,48100,37015300,78300,95700,9900,9100
CS,128,6,0.05,uniform,9,20260904,100,True,26,2325,8,8,94000,232800,64400,106700,5600,1900
CS,128,6,0.05,clustered,0,20260904,100,True,5,466,8,8,94000,232900,27000,21700,4600,800
SD,128,6,0.05,clustered,0,20260904,100,True,2,260,29,29,48000,36768600,29800,23700,13700,3900
SD,128,6,0.05,clustered,1,20260904,100,True,2,260,29,29,48000,36551600,37800,23500,13700,3800
CS,128,6,0.05,clustered,1,20260904,100,True,5,466,8,8,121800,232900,26900,21500,4600,800
CS,128,6,0.05,clustered,2,20260904,100,True,5,466,8,8,99900,231000,26900,21400,4600,800
SD,128,6,0.05,clustered,2,20260904,100,True,2,260,29,29,48000,37004800,29900,23400,13800,3900
SD,128,6,0.05,clustered,3,20260904,100,True,2,260,29,29,48200,36560900,29600,23500,13700,3900
CS,128,6,0.05,clustered,3,20260904,100,True,5,466,8,8,93700,234500,26800,21500,4600,800
CS,128,6,0.05,clustered,4,20260904,100,True,5,466,8,8,93700,232700,27300,21500,4600,800
SD,128,6,0.05,clustered,4,20260904,100,True,2,260,29,29,48100,36651800,30400,23400,14400,6300
SD,128,6,0.05,clustered,5,20260904,100,True,2,260,29,29,49000,36241300,31200,23400,14200,3800
CS,128,6,0.05,clustered,5,20260904,100,True,5,466,8,8,94300,234300,29000,21500,4600,800
CS,128,6,0.05,clustered,6,20260904,100,True,5,466,8,8,94200,233300,28300,21700,4600,800
SD,128,6,0.05,clustered,6,20260904,100,True,2,260,29,29,48300,36675000,31700,23300,13800,3800
SD,128,6,0.05,clustered,7,20260904,100,True,2,260,29,29,47900,36876300,48700,23700,23300,4300
CS,128,6,0.05,clustered,7,20260904,100,True,5,466,8,8,94500,274100,26900,21600,9100,1400
CS,128,6,0.05,clustered,8,20260904,100,True,5,466,8,8,95400,231200,26900,21500,4600,800
SD,128,6,0.05,clustered,8,20260904,100,True,2,260,29,29,48200,36046800,29600,23400,13700,3800
SD,128,6,0.05,clustered,9,20260904,100,True,2,260,29,29,48100,36206800,30200,23400,14000,3800
CS,128,6,0.05,clustered,9,20260904,100,True,5,466,8,8,94200,232800,27300,21500,4600,800
CS,128,13,0.10,random,0,20260904,100,True,35,3123,8,8,94000,232900,101500,143200,5300,2400
SD,128,13,0.10,random,0,20260904,100,True,13,1557,29,29,48200,36422100,121500,157200,9300,18200
SD,128,13,0.10,random,1,20260905,100,True,15,1793,29,29,48100,36481400,123500,169800,8000,24100
CS,128,13,0.10,random,1,20260905,100,True,36,3212,8,8,94200,231800,102500,147000,4600,2400
CS,128,13,0.10,random,2,20260906,100,True,35,3123,8,8,94200,232000,102400,143100,5300,2300
SD,128,13,0.10,random,2,20260906,100,True,15,1795,29,29,48100,36390200,119800,168800,16300,21500
SD,128,13,0.10,random,3,20260907,100,True,14,1677,29,29,48400,36330200,122200,165600,16500,20100
CS,128,13,0.10,random,3,20260907,100,True,36,3213,8,8,94000,232100,101600,147100,4500,2400
CS,128,13,0.10,random,4,20260908,100,True,39,3476,8,8,94800,234300,108200,158500,5300,2600
SD,128,13,0.10,random,4,20260908,100,True,14,1678,29,29,48000,36940600,128000,170600,9400,19600
SD,128,13,0.10,random,5,20260909,100,True,13,1557,29,29,48400,36374300,119600,155900,21500,18700
CS,128,13,0.10,random,5,20260909,100,True,35,3123,8,8,94100,233100,101700,143000,5800,2400
CS,128,13,0.10,random,6,20260910,100,True,32,2858,8,8,94200,232300,95300,130500,5100,2200
SD,128,13,0.10,random,6,20260910,100,True,14,1673,29,29,47900,36594000,113500,155000,12500,20500
SD,128,13,0.10,random,7,20260911,100,True,15,1790,29,29,48200,36518800,122800,169900,10900,21300
CS,128,13,0.10,random,7,20260911,100,True,36,3213,8,8,93500,231800,102400,146900,5200,2400
CS,128,13,0.10,random,8,20260912,100,True,34,3036,8,8,94200,233700,99100,138800,4800,2300
SD,128,13,0.10,random,8,20260912,100,True,13,1557,29,29,48000,36751500,118100,155000,15400,18100
SD,128,13,0.10,random,9,20260913,100,True,16,1910,29,29,48400,36322900,121800,177600,16500,23000
CS,128,13,0.10,random,9,20260913,100,True,36,3213,8,8,94100,231300,102700,147000,4700,2400
CS,128,13,0.10,random,10,20260914,100,True,34,3034,8,8,94000,237000,98500,143400,5800,2300
SD,128,13,0.10,random,10,20260914,100,True,12,1440,29,29,48200,36967700,116500,147900,14100,17300
SD,128,13,0.10,random,11,20260915,100,True,14,1677,29,29,48100,36786700,135600,322700,19400,19300
CS,128,13,0.10,random,11,20260915,100,True,39,3477,8,8,128600,275000,109500,159800,4900,2500
CS,128,13,0.10,random,12,20260916,100,True,35,3124,8,8,94000,291100,100200,142800,4500,2400
SD,128,13,0.10,random,12,20260916,100,True,14,1674,29,29,48200,36744400,120800,162400,13400,20100
SD,128,13,0.10,random,13,20260917,100,True,16,1911,29,29,48500,36631500,126000,179700,20500,22300
CS,128,13,0.10,random,13,20260917,100,True,37,3301,8,8,94400,231500,103700,150900,5800,2500
CS,128,13,0.10,random,14,20260918,100,True,34,3036,8,8,94300,234600,98600,138700,4600,2300
SD,128,13,0.10,random,14,20260918,100,True,13,1557,29,29,48100,36382600,117700,154500,15100,18900
SD,128,13,0.10,random,15,20260919,100,True,15,1793,29,29,48000,36653600,122600,170000,10700,21100
CS,128,13,0.10,random,15,20260919,100,True,36,3214,8,8,94800,232800,102700,147100,7800,2400
CS,128,13,0.10,random,16,20260920,100,True,40,3566,8,8,94300,233900,110100,162800,4800,2600
SD,128,13,0.10,random,16,20260920,100,True,14,1679,29,29,48200,36252200,130200,172700,11400,20200
SD,128,13,0.10,random,17,20260921,100,True,14,1675,29,29,48000,36546600,115400,157700,10300,21800
CS,128,13,0.10,random,17,20260921,100,True,33,2947,8,8,94300,231900,97500,134800,4700,2200
CS,128,13,0.10,random,18,20260922,100,True,33,2946,8,8,94700,234500,97800,135100,5700,2200
SD,128,13,0.10,random,18,20260922,100,True,14,1675,29,29,47900,36359100,116900,158500,13800,19600
SD,128,13,0.10,random,19,20260923,100,True,15,1790,29,29,48000,36820600,108800,157100,19900,21800
CS,128,13,0.10,random,19,20260923,100,True,30,2680,8,8,93400,232700,92000,122300,5000,2100
CS,128,13,0.10,contiguous,0,20260904,100,True,5,466,8,8,94100,235900,48200,21500,4900,800
SD,128,13,0.10,contiguous,0,20260904,100,True,2,260,29,29,48100,36449900,51000,23100,8800,3800
SD,128,13,0.10,contiguous,1,20260904,100,True,2,260,29,29,47900,36441000,51100,23900,8700,3800
CS,128,13,0.10,contiguous,1,20260904,100,True,5,466,8,8,94100,234500,47800,21400,4800,800
CS,128,13,0.10,contiguous,2,20260904,100,True,5,466,8,8,94100,232600,48100,21600,4800,800
SD,128,13,0.10,contiguous,2,20260904,100,True,2,260,29,29,48000,36546300,51000,23000,8700,3800
SD,128,13,0.10,contiguous,3,20260904,100,True,2,260,29,29,47900,36569300,51300,23100,8700,3700
CS,128,13,0.10,contiguous,3,20260904,100,True,5,466,8,8,93300,232700,48400,21500,4800,800
CS,128,13,0.10,contiguous,4,20260904,100,True,5,466,8,8,93400,232100,47900,21600,4800,800
SD,128,13,0.10,contiguous,4,20260904,100,True,2,260,29,29,48200,36842100,51600,23200,8600,3700
SD,128,13,0.10,contiguous,5,20260904,100,True,2,260,29,29,48300,37012700,51000,23400,8600,3700
CS,128,13,0.10,contiguous,5,20260904,100,True,5,466,8,8,94200,231900,47900,21500,4800,800
CS,128,13,0.10,contiguous,6,20260904,100,True,5,466,8,8,94300,233800,48200,21500,4800,800
SD,128,13,0.10,contiguous,6,20260904,100,True,2,260,29,29,48200,37050200,53800,23200,8700,3700
SD,128,13,0.10,contiguous,7,20260904,100,True,2,260,29,29,48500,36490300,51400,23200,15600,3800
CS,128,13,0.10,contiguous,7,20260904,100,True,5,466,8,8,93700,232900,48300,21500,7400,2200
CS,128,13,0.10,contiguous,8,20260904,100,True,5,466,8,8,94300,230900,48300,21700,4800,800
SD,128,13,0.10,contiguous,8,20260904,100,True,2,260,29,29,48000,36324400,50800,23100,8700,3800
SD,128,13,0.10,contiguous,9,20260904,100,True,2,260,29,29,47900,36578700,51400,23200,8700,3700
CS,128,13,0.10,contiguous,9,20260904,100,True,5,466,8,8,94300,235700,48200,21500,4800,800
CS,128,13,0.10,uniform,0,20260904,100,True,42,3743,8,8,93700,234300,113900,171100,6100,2700
SD,128,13,0.10,uniform,0,20260904,100,True,13,1560,29,29,48000,36805700,136400,173100,11100,18300
SD,128,13,0.10,uniform,1,20260904,100,True,13,1560,29,29,47900,36434300,136100,173200,19400,17900
CS,128,13,0.10,uniform,1,20260904,100,True,42,3743,8,8,93900,230900,114700,171000,6100,2800
CS,128,13,0.10,uniform,2,20260904,100,True,42,3743,8,8,94000,233300,115000,171600,6100,2800
SD,128,13,0.10,uniform,2,20260904,100,True,13,1560,29,29,48200,36274000,135900,173400,11000,28600
SD,128,13,0.10,uniform,3,20260904,100,True,13,1560,29,29,69200,36335100,135900,173700,11000,18500
CS,128,13,0.10,uniform,3,20260904,100,True,42,3743,8,8,94300,234700,114800,171500,6100,2700
CS,128,13,0.10,uniform,4,20260904,100,True,42,3743,8,8,94200,230900,113700,171700,6100,2700
SD,128,13,0.10,uniform,4,20260904,100,True,13,1560,29,29,48000,36761800,135200,173300,11100,18300
SD,128,13,0.10,uniform,5,20260904,100,True,13,1560,29,29,48200,36420800,136100,172800,11000,18200
CS,128,13,0.10,uniform,5,20260904,100,True,42,3743,8,8,94100,233000,116800,179000,6000,2700
CS,128,13,0.10,uniform,6,20260904,100,True,42,3743,8,8,94200,232800,114100,171900,10700,2700
SD,128,13,0.10,uniform,6,20260904,100,True,13,1560,29,29,47900,36423500,136100,172800,10900,17900
SD,128,13,0.10,uniform,7,20260904,100,True,13,1560,29,29,48300,36291000,148500,173800,11000,18500
CS,128,13,0.10,uniform,7,20260904,100,True,42,3743,8,8,93700,232600,113500,171100,6100,2700
CS,128,13,0.10,uniform,8,20260904,100,True,42,3743,8,8,94200,233900,113600,171200,6100,2700
SD,128,13,0.10,uniform,8,20260904,100,True,13,1560,29,29,48500,36533100,135700,172300,11000,17900
SD,128,13,0.10,uniform,9,20260904,100,True,13,1560,29,29,48300,36443000,136300,172200,11000,17900
CS,128,13,0.10,uniform,9,20260904,100,True,42,3743,8,8,93900,232100,113300,171000,6000,2700
CS,128,13,0.10,clustered,0,20260904,100,True,5,468,8,8,93900,231800,46300,21600,4600,800
SD,128,13,0.10,clustered,0,20260904,100,True,2,261,29,29,48200,36259500,50400,43800,21500,6600
SD,128,13,0.10,clustered,1,20260904,100,True,2,261,29,29,84100,37257700,50100,23600,11600,3700
CS,128,13,0.10,clustered,1,20260904,100,True,5,468,8,8,94500,233000,46300,21600,4600,800
CS,128,13,0.10,clustered,2,20260904,100,True,5,468,8,8,94000,232500,46500,21500,4600,900
SD,128,13,0.10,clustered,2,20260904,100,True,2,261,29,29,47900,36393600,49600,23400,11500,3800
SD,128,13,0.10,clustered,3,20260904,100,True,2,261,29,29,48100,36047500,49500,23400,11500,3700
CS,128,13,0.10,clustered,3,20260904,100,True,5,468,8,8,94000,232600,46400,21600,4600,800
CS,128,13,0.10,clustered,4,20260904,100,True,5,468,8,8,94100,233600,46600,21600,4600,800
SD,128,13,0.10,clustered,4,20260904,100,True,2,261,29,29,47900,36072600,50500,23300,12200,3700
SD,128,13,0.10,clustered,5,20260904,100,True,2,261,29,29,48400,36098800,49900,23400,22700,6700
CS,128,13,0.10,clustered,5,20260904,100,True,5,468,8,8,93900,234200,46400,21600,4600,800
CS,128,13,0.10,clustered,6,20260904,100,True,5,468,8,8,93700,232500,47600,21600,4600,800
SD,128,13,0.10,clustered,6,20260904,100,True,2,261,29,29,48000,37092900,49900,23800,11700,3700
SD,128,13,0.10,clustered,7,20260904,100,True,2,261,29,29,48300,36756100,50100,23300,12100,3800
CS,128,13,0.10,clustered,7,20260904,100,True,5,468,8,8,93300,231600,46400,21600,9300,1300
CS,128,13,0.10,clustered,8,20260904,100,True,5,468,8,8,93500,233700,46700,21600,4600,800
SD,128,13,0.10,clustered,8,20260904,100,True,2,261,29,29,47900,36122900,49700,23400,12200,3700
SD,128,13,0.10,clustered,9,20260904,100,True,2,261,29,29,48300,36636700,49500,23600,11500,3800
CS,128,13,0.10,clustered,9,20260904,100,True,5,468,8,8,93600,231900,47000,21500,4500,800
CS,128,32,0.25,random,0,20260904,100,True,48,4281,8,8,93500,233700,177400,195300,6000,3100
SD,128,32,0.25,random,0,20260904,100,True,29,3448,29,29,48000,36747800,207400,284800,18800,39000
SD,128,32,0.25,random,1,20260905,100,True,28,3331,29,29,48000,36713800,209500,275900,17500,37600
CS,128,32,0.25,random,1,20260905,100,True,48,4280,8,8,94300,233900,180300,212700,5900,3100
CS,128,32,0.25,random,2,20260906,100,True,53,4726,8,8,94900,315900,279600,234300,6100,3300
SD,128,32,0.25,random,2,20260906,100,True,27,3212,29,29,48100,36134000,216600,281600,16200,36100
SD,128,32,0.25,random,3,20260907,100,True,31,3686,29,29,48200,36452300,213100,298500,17600,46200
CS,128,32,0.25,random,3,20260907,100,True,51,4551,8,8,94200,262400,190400,207800,5900,3200
CS,128,32,0.25,random,4,20260908,100,True,51,4548,8,8,94500,341800,189500,207500,5800,3300
SD,128,32,0.25,random,4,20260908,100,True,29,3450,29,29,48300,36805300,227600,293200,16100,40000
SD,128,32,0.25,random,5,20260909,100,True,27,3211,29,29,48100,36552000,205500,272300,6600,36600
CS,128,32,0.25,random,5,20260909,100,True,49,4369,8,8,93800,231800,178500,199900,5100,3100
CS,128,32,0.25,random,6,20260910,100,True,52,4639,8,8,94000,232000,183300,211600,5800,3200
SD,128,32,0.25,random,6,20260910,100,True,33,3925,29,29,48300,37079100,213700,317000,6900,45400
SD,128,32,0.25,random,7,20260911,100,True,32,3806,29,29,48000,37327300,217500,311100,8300,43800
CS,128,32,0.25,random,7,20260911,100,True,53,4728,8,8,93600,237200,186600,217200,5900,3300
CS,128,32,0.25,random,8,20260912,100,True,42,3749,8,8,94000,286100,214600,229400,5200,2700
SD,128,32,0.25,random,8,20260912,100,True,28,3332,29,29,48000,36460600,193400,263200,21100,38200
SD,128,32,0.25,random,9,20260913,100,True,27,3213,29,29,48900,36469800,192100,254200,9200,39600
CS,128,32,0.25,random,9,20260913,100,True,42,3748,8,8,94100,231800,166900,171600,4800,2700
CS,128,32,0.25,random,10,20260914,100,True,53,4727,8,8,93600,231000,183000,215400,6000,3300
SD,128,32,0.25,random,10,20260914,100,True,29,3456,29,29,48000,36158700,218300,294600,14900,38600
SD,128,32,0.25,random,11,20260915,100,True,31,3682,29,29,48100,36298400,212200,299300,29300,41500
CS,128,32,0.25,random,11,20260915,100,True,50,4463,8,8,93400,230900,179900,204100,5800,3200
CS,128,32,0.25,random,12,20260916,100,True,49,4372,8,8,93700,231700,178800,199900,4600,5300
SD,128,32,0.25,random,12,20260916,100,True,31,3688,29,29,48100,36664100,208900,298000,6500,42500
SD,128,32,0.25,random,13,20260917,100,True,28,3328,29,29,48400,36342300,202500,272200,35300,38700
CS,128,32,0.25,random,13,20260917,100,True,47,4192,8,8,94100,243200,173600,191800,5900,2900
CS,128,32,0.25,random,14,20260918,100,True,47,4196,8,8,94500,233400,172900,191400,4600,3000
SD,128,32,0.25,random,14,20260918,100,True,29,3447,29,29,48400,36320800,204000,283000,7900,40400
SD,128,32,0.25,random,15,20260919,100,True,31,3687,29,29,48200,36289100,211400,298600,26500,41200
CS,128,32,0.25,random,15,20260919,100,True,50,4462,8,8,94500,233700,179500,203700,5700,3100
CS,128,32,0.25,random,16,20260920,100,True,50,4460,8,8,94600,233100,180800,203600,4800,3100
SD,128,32,0.25,random,16,20260920,100,True,31,3683,29,29,48200,36446600,216700,296800,13500,41400
SD,128,32,0.25,random,17,20260921,100,True,26,3092,29,29,48300,36531900,200200,260300,21000,35300
CS,128,32,0.25,random,17,20260921,100,True,46,4102,8,8,94400,232800,172700,187400,5100,3900
CS,128,32,0.25,random,18,20260922,100,True,42,3750,8,8,94300,232900,167000,171900,5700,2700
SD,128,32,0.25,random,18,20260922,100,True,26,3096,29,29,48000,36468000,192300,251100,15900,34800
SD,128,32,0.25,random,19,20260923,100,True,30,3568,29,29,48300,36382500,205600,286300,29500,41100
CS,128,32,0.25,random,19,20260923,100,True,48,4281,8,8,94100,234600,175900,195300,5900,3000
CS,128,32,0.25,contiguous,0,20260904,100,True,2,202,8,8,94500,233700,99100,9300,4600,700
SD,128,32,0.25,contiguous,0,20260904,100,True,1,142,29,29,48000,36294100,100600,10700,7200,2300
SD,128,32,0.25,contiguous,1,20260904,100,True,1,142,29,29,48200,37050200,100500,10700,7200,2300
CS,128,32,0.25,contiguous,1,20260904,100,True,2,202,8,8,93900,234700,99900,19000,9400,1300
CS,128,32,0.25,contiguous,2,20260904,100,True,2,202,8,8,95100,233700,99000,9300,4700,700
SD,128,32,0.25,contiguous,2,20260904,100,True,1,142,29,29,48200,36598000,100900,10900,7300,2300
SD,128,32,0.25,contiguous,3,20260904,100,True,1,142,29,29,51900,36942300,132100,11700,12800,3900
CS,128,32,0.25,contiguous,3,20260904,100,True,2,202,8,8,140300,263700,99000,9200,4700,1200
CS,128,32,0.25,contiguous,4,20260904,100,True,2,202,8,8,94400,231800,98200,9400,4700,700
SD,128,32,0.25,contiguous,4,20260904,100,True,1,142,29,29,48100,36427400,99900,10700,7300,2300
SD,128,32,0.25,contiguous,5,20260904,100,True,1,142,29,29,48100,36205000,100100,10800,7200,2300
CS,128,32,0.25,contiguous,5,20260904,100,True,2,202,8,8,94300,233100,99300,9300,4700,700
CS,128,32,0.25,contiguous,6,20260904,100,True,2,202,8,8,94500,234600,98400,9300,4700,1200
SD,128,32,0.25,contiguous,6,20260904,100,True,1,142,29,29,48000,36355200,101000,10800,7300,3600
SD,128,32,0.25,contiguous,7,20260904,100,True,1,142,29,29,47900,36273300,100300,20100,7200,2300
CS,128,32,0.25,contiguous,7,20260904,100,True,2,202,8,8,94200,234900,98400,9300,4600,700
CS,128,32,0.25,contiguous,8,20260904,100,True,2,202,8,8,93700,232400,98100,9300,4700,700
SD,128,32,0.25,contiguous,8,20260904,100,True,1,142,29,29,48300,36832700,101800,11200,7300,2300
SD,128,32,0.25,contiguous,9,20260904,100,True,1,142,29,29,48200,36329500,100100,10700,7200,2300
CS,128,32,0.25,contiguous,9,20260904,100,True,2,202,8,8,93800,234600,98500,17400,9400,1200
CS,128,32,0.25,uniform,0,20260904,100,True,64,5706,8,8,94400,234500,202300,260600,6300,4000
SD,128,32,0.25,uniform,0,20260904,100,True,32,3803,29,29,48200,36584500,239500,336300,6600,42500
SD,128,32,0.25,uniform,1,20260904,100,True,32,3803,29,29,48100,36393800,236900,333700,6500,43700
CS,128,32,0.25,uniform,1,20260904,100,True,64,5706,8,8,94400,234300,203300,260500,6300,6200
CS,128,32,0.25,uniform,2,20260904,100,True,64,5706,8,8,93700,236200,201900,260700,6300,3900
SD,128,32,0.25,uniform,2,20260904,100,True,32,3803,29,29,87300,36187300,236200,334200,6600,42600
SD,128,32,0.25,uniform,3,20260904,100,True,32,3803,29,29,48400,36520500,241200,339500,6600,43000
CS,128,32,0.25,uniform,3,20260904,100,True,64,5706,8,8,93600,231800,205000,260700,6200,3900
CS,128,32,0.25,uniform,4,20260904,100,True,64,5706,8,8,93500,233500,203300,260600,6300,4000
SD,128,32,0.25,uniform,4,20260904,100,True,32,3803,29,29,48200,35926000,240400,337800,6500,43600
SD,128,32,0.25,uniform,5,20260904,100,True,32,3803,29,29,48000,35962900,241200,372900,6500,42900
CS,128,32,0.25,uniform,5,20260904,100,True,64,5706,8,8,94800,306000,344100,272100,6300,4000
CS,128,32,0.25,uniform,6,20260904,100,True,64,5706,8,8,93600,282900,230300,263700,6300,3900
SD,128,32,0.25,uniform,6,20260904,100,True,32,3803,29,29,49100,36692400,240500,334600,6500,42700
SD,128,32,0.25,uniform,7,20260904,100,True,32,3803,29,29,48000,36318700,236100,337300,6500,43300
CS,128,32,0.25,uniform,7,20260904,100,True,64,5706,8,8,94100,234400,203100,260700,6300,4000
CS,128,32,0.25,uniform,8,20260904,100,True,64,5706,8,8,94200,234900,204500,266600,6300,4000
SD,128,32,0.25,uniform,8,20260904,100,True,32,3803,29,29,48200,36310200,240200,358400,6500,45400
SD,128,32,0.25,uniform,9,20260904,100,True,32,3803,29,29,48200,36803100,252900,361700,6700,67400
CS,128,32,0.25,uniform,9,20260904,100,True,64,5706,8,8,125200,318600,205400,266500,10700,4000
CS,128,32,0.25,clustered,0,20260904,100,True,2,202,8,8,125200,404800,173800,16200,8000,1100
SD,128,32,0.25,clustered,0,20260904,100,True,1,142,29,29,84400,37112400,96900,11100,9400,2300
SD,128,32,0.25,clustered,1,20260904,100,True,1,142,29,29,48200,36532200,95900,10800,16700,2300
CS,128,32,0.25,clustered,1,20260904,100,True,2,202,8,8,94100,234100,94200,9300,4600,600
CS,128,32,0.25,clustered,2,20260904,100,True,2,202,8,8,93900,231800,94200,9300,4600,1100
SD,128,32,0.25,clustered,2,20260904,100,True,1,142,29,29,47800,36227700,96400,10800,9400,2300
SD,128,32,0.25,clustered,3,20260904,100,True,1,142,29,29,48000,37068400,97600,11000,9400,2400
CS,128,32,0.25,clustered,3,20260904,100,True,2,202,8,8,93700,231100,94400,9200,4600,600
CS,128,32,0.25,clustered,4,20260904,100,True,2,202,8,8,94100,231200,95200,9200,4600,600
SD,128,32,0.25,clustered,4,20260904,100,True,1,142,29,29,48200,36255200,95900,10800,9400,2300
SD,128,32,0.25,clustered,5,20260904,100,True,1,142,29,29,48000,36375400,96500,10900,9400,2400
CS,128,32,0.25,clustered,5,20260904,100,True,2,202,8,8,94400,233600,94800,9700,4500,700
CS,128,32,0.25,clustered,6,20260904,100,True,2,202,8,8,93600,231200,94900,9300,4600,700
SD,128,32,0.25,clustered,6,20260904,100,True,1,142,29,29,48000,36407100,96800,11000,9400,2300
SD,128,32,0.25,clustered,7,20260904,100,True,1,142,29,29,48100,36199400,95900,18300,9300,2300
CS,128,32,0.25,clustered,7,20260904,100,True,2,202,8,8,93700,232600,94500,9300,4700,700
CS,128,32,0.25,clustered,8,20260904,100,True,2,202,8,8,94300,233700,94200,9300,4500,700
SD,128,32,0.25,clustered,8,20260904,100,True,1,142,29,29,73600,39073800,98100,10900,9500,2300
SD,128,32,0.25,clustered,9,20260904,100,True,1,142,29,29,48100,38698800,96100,13500,9300,2300
CS,128,32,0.25,clustered,9,20260904,100,True,2,202,8,8,94100,232700,94300,9300,4600,600
CS,128,64,0.50,random,0,20260904,100,True,47,4200,8,8,93800,232900,265200,191300,5300,3000
SD,128,64,0.50,random,0,20260904,100,True,39,4639,29,29,48200,36493900,298600,344200,22600,51400
SD,128,64,0.50,random,1,20260905,100,True,36,4280,29,29,48000,36537400,289900,314500,21100,47400
CS,128,64,0.50,random,1,20260905,100,True,44,3935,8,8,93700,232000,262100,179500,5200,3000
CS,128,64,0.50,random,2,20260906,100,True,45,4026,8,8,93800,232400,262000,183100,4600,2900
SD,128,64,0.50,random,2,20260906,100,True,35,4158,29,29,48000,36382000,293700,307400,7800,46600
SD,128,64,0.50,random,3,20260907,100,True,37,4399,29,29,48000,36362100,295000,324800,25100,49300
CS,128,64,0.50,random,3,20260907,100,True,46,4115,8,8,94400,232700,264200,187400,5300,3000
CS,128,64,0.50,random,4,20260908,100,True,50,4472,8,8,94300,233200,275300,374300,9500,7900
SD,128,64,0.50,random,4,20260908,100,True,41,4874,29,29,83300,36228400,308000,360200,22900,54900
SD,128,64,0.50,random,5,20260909,100,True,31,3686,29,29,48100,36895900,287700,281100,9300,43100
CS,128,64,0.50,random,5,20260909,100,True,41,3666,8,8,94600,232700,253700,167200,7900,2600
CS,128,64,0.50,random,6,20260910,100,True,50,4472,8,8,93800,232700,350900,274900,5200,3300
SD,128,64,0.50,random,6,20260910,100,True,40,4758,29,29,47900,36856100,304000,353600,8000,53600
SD,128,64,0.50,random,7,20260911,100,True,42,4996,29,29,48300,36201400,340700,380500,23800,104400
CS,128,64,0.50,random,7,20260911,100,True,49,4381,8,8,127200,243300,376300,393200,10500,5600
CS,128,64,0.50,random,8,20260912,100,True,42,3758,8,8,94200,238000,255900,171700,4800,2700
SD,128,64,0.50,random,8,20260912,100,True,34,4042,29,29,48300,36333300,286700,300600,14300,47300
SD,128,64,0.50,random,9,20260913,100,True,41,4875,29,29,48300,36726100,303500,358100,6500,54100
CS,128,64,0.50,random,9,20260913,100,True,51,4560,8,8,93400,233200,272000,208500,5300,3200
CS,128,64,0.50,random,10,20260914,100,True,51,4559,8,8,94500,234400,274100,207800,5100,3200
SD,128,64,0.50,random,10,20260914,100,True,43,5112,29,29,48300,35824100,302900,370000,7900,57800
SD,128,64,0.50,random,11,20260915,100,True,39,4637,29,29,48300,36390900,306800,343800,23700,51300
CS,128,64,0.50,random,11,20260915,100,True,49,4381,8,8,94100,232500,271400,199900,5200,3100
CS,128,64,0.50,random,12,20260916,100,True,42,3756,8,8,94500,233700,257500,171600,4800,3400
SD,128,64,0.50,random,12,20260916,100,True,34,4040,29,29,48100,36291600,286600,304400,14300,46200
SD,128,64,0.50,random,13,20260917,100,True,41,4872,29,29,48100,36434900,303400,358600,23500,53800
CS,128,64,0.50,random,13,20260917,100,True,49,4384,8,8,93500,233100,270900,218700,5200,4900
CS,128,64,0.50,random,14,20260918,100,True,46,4114,8,8,96400,264600,265700,187900,4600,2900
SD,128,64,0.50,random,14,20260918,100,True,36,4284,29,29,48100,35816800,295500,317800,6400,48200
SD,128,64,0.50,random,15,20260919,100,True,37,4399,29,29,48300,36942000,291100,323100,21000,48500
CS,128,64,0.50,random,15,20260919,100,True,44,3936,8,8,93600,232100,262800,179500,5200,2900
CS,128,64,0.50,random,16,20260920,100,True,51,4561,8,8,93900,232600,274800,207300,4600,3200
SD,128,64,0.50,random,16,20260920,100,True,40,4756,29,29,48100,36607300,307600,354500,8600,53700
SD,128,64,0.50,random,17,20260921,100,True,33,3924,29,29,48300,36547300,288200,295300,11800,43800
CS,128,64,0.50,random,17,20260921,100,True,43,3845,8,8,93700,233100,260500,175500,4700,2800
CS,128,64,0.50,random,18,20260922,100,True,50,4471,8,8,93700,234000,273000,203800,5400,3100
SD,128,64,0.50,random,18,20260922,100,True,42,4994,29,29,48000,36624300,304500,366900,25200,55300
SD,128,64,0.50,random,19,20260923,100,True,43,5115,29,29,48300,36258100,303000,372000,20900,56600
CS,128,64,0.50,random,19,20260923,100,True,50,4468,8,8,93600,234000,274600,203500,5200,3100
CS,128,64,0.50,contiguous,0,20260904,100,True,1,115,8,8,94500,233500,185300,5100,4500,600
SD,128,64,0.50,contiguous,0,20260904,100,True,1,142,29,29,48300,36677100,186900,8500,7100,2200
SD,128,64,0.50,contiguous,1,20260904,100,True,1,142,29,29,48300,37269300,188500,8700,7100,2200
CS,128,64,0.50,contiguous,1,20260904,100,True,1,115,8,8,93700,232900,186700,5100,4600,600
CS,128,64,0.50,contiguous,2,20260904,100,True,1,115,8,8,93600,232300,186800,5200,4600,600
SD,128,64,0.50,contiguous,2,20260904,100,True,1,142,29,29,48300,37012300,187400,8900,7100,2200
SD,128,64,0.50,contiguous,3,20260904,100,True,1,142,29,29,48200,36298900,188200,8400,7100,2200
CS,128,64,0.50,contiguous,3,20260904,100,True,1,115,8,8,94500,233100,186800,5100,4600,600
CS,128,64,0.50,contiguous,4,20260904,100,True,1,115,8,8,94700,233700,187100,5200,4600,600
SD,128,64,0.50,contiguous,4,20260904,100,True,1,142,29,29,48400,36483000,188800,8600,7000,2200
SD,128,64,0.50,contiguous,5,20260904,100,True,1,142,29,29,48500,36160200,187600,8600,7000,2200
CS,128,64,0.50,contiguous,5,20260904,100,True,1,115,8,8,94100,233300,186400,5100,4600,600
CS,128,64,0.50,contiguous,6,20260904,100,True,1,115,8,8,94500,234400,186800,5100,4600,600
SD,128,64,0.50,contiguous,6,20260904,100,True,1,142,29,29,48200,36452200,189100,8500,7000,2200
SD,128,64,0.50,contiguous,7,20260904,100,True,1,142,29,29,48100,36658000,189400,8500,7000,2200
CS,128,64,0.50,contiguous,7,20260904,100,True,1,115,8,8,94200,234800,186100,5100,4600,600
CS,128,64,0.50,contiguous,8,20260904,100,True,1,115,8,8,93700,233700,187800,5200,4600,600
SD,128,64,0.50,contiguous,8,20260904,100,True,1,142,29,29,48300,36669900,189100,8600,7100,2200
SD,128,64,0.50,contiguous,9,20260904,100,True,1,142,29,29,48300,36379800,187600,8500,7100,2200
CS,128,64,0.50,contiguous,9,20260904,100,True,1,115,8,8,94000,231100,195000,8300,4500,600
CS,128,64,0.50,uniform,0,20260904,100,True,64,5724,8,8,149900,240400,305700,275000,9500,3900
SD,128,64,0.50,uniform,0,20260904,100,True,64,7607,29,29,48300,36520300,333700,530200,6300,84100
SD,128,64,0.50,uniform,1,20260904,100,True,64,7607,29,29,48100,36598700,334200,533300,6300,84300
CS,128,64,0.50,uniform,1,20260904,100,True,64,5724,8,8,93700,232000,319700,293600,4600,3800
CS,128,64,0.50,uniform,2,20260904,100,True,64,5724,8,8,93700,233900,294900,260300,4600,3900
SD,128,64,0.50,uniform,2,20260904,100,True,64,7607,29,29,48100,36420100,341400,558200,6200,83900
SD,128,64,0.50,uniform,3,20260904,100,True,64,7607,29,29,48100,36270900,334900,528000,6300,84000
CS,128,64,0.50,uniform,3,20260904,100,True,64,5724,8,8,93800,229700,293900,259600,4600,3900
CS,128,64,0.50,uniform,4,20260904,100,True,64,5724,8,8,93600,228700,298600,260200,4600,3900
SD,128,64,0.50,uniform,4,20260904,100,True,64,7607,29,29,48000,36258100,333000,522900,6400,83700
SD,128,64,0.50,uniform,5,20260904,100,True,64,7607,29,29,48200,36459400,337200,532400,6200,84200
CS,128,64,0.50,uniform,5,20260904,100,True,64,5724,8,8,94600,230200,293300,261000,4600,4000
CS,128,64,0.50,uniform,6,20260904,100,True,64,5724,8,8,94300,232600,296600,261000,4600,6300
SD,128,64,0.50,uniform,6,20260904,100,True,64,7607,29,29,48100,36368300,335100,530600,6200,84800
SD,128,64,0.50,uniform,7,20260904,100,True,64,7607,29,29,48200,38040600,336200,533500,6200,84600
CS,128,64,0.50,uniform,7,20260904,100,True,64,5724,8,8,93800,231300,293300,260600,4600,3900
CS,128,64,0.50,uniform,8,20260904,100,True,64,5724,8,8,93900,231600,297000,261900,4500,3900
SD,128,64,0.50,uniform,8,20260904,100,True,64,7607,29,29,48100,36509300,335300,525300,6300,84300
SD,128,64,0.50,uniform,9,20260904,100,True,64,7607,29,29,48100,36472200,334200,528300,6300,83800
CS,128,64,0.50,uniform,9,20260904,100,True,64,5724,8,8,93600,231100,294600,260000,4500,3900
CS,128,64,0.50,clustered,0,20260904,100,True,1,115,8,8,93700,231300,183900,5100,4500,600
SD,128,64,0.50,clustered,0,20260904,100,True,1,142,29,29,48000,36266400,184900,8600,7000,2200
SD,128,64,0.50,clustered,1,20260904,100,True,1,142,29,29,48400,36174500,184300,8700,7000,2200
CS,128,64,0.50,clustered,1,20260904,100,True,1,115,8,8,94200,232100,181700,5100,4600,600
CS,128,64,0.50,clustered,2,20260904,100,True,1,115,8,8,94100,232500,182100,5200,8000,1100
SD,128,64,0.50,clustered,2,20260904,100,True,1,142,29,29,88600,36105700,184400,8600,7100,2200
SD,128,64,0.50,clustered,3,20260904,100,True,1,142,29,29,48300,36187300,186000,8800,7100,2200
CS,128,64,0.50,clustered,3,20260904,100,True,1,115,8,8,94000,232300,183000,5100,4600,600
CS,128,64,0.50,clustered,4,20260904,100,True,1,115,8,8,94500,232100,184000,5100,4600,600
SD,128,64,0.50,clustered,4,20260904,100,True,1,142,29,29,48300,37320900,185200,8700,7100,2300
SD,128,64,0.50,clustered,5,20260904,100,True,1,142,29,29,48300,36212000,184700,8700,7100,2300
CS,128,64,0.50,clustered,5,20260904,100,True,1,115,8,8,94000,232900,183700,5100,5300,1000
CS,128,64,0.50,clustered,6,20260904,100,True,1,115,8,8,93400,235100,183400,5200,4600,600
SD,128,64,0.50,clustered,6,20260904,100,True,1,142,29,29,48000,36248400,185100,10700,7000,4000
SD,128,64,0.50,clustered,7,20260904,100,True,1,142,29,29,48200,36452000,184600,8600,7000,2300
CS,128,64,0.50,clustered,7,20260904,100,True,1,115,8,8,94600,232700,182900,5300,4500,600
CS,128,64,0.50,clustered,8,20260904,100,True,1,115,8,8,94200,232800,185700,9400,4600,600
SD,128,64,0.50,clustered,8,20260904,100,True,1,142,29,29,48200,36424100,184000,8600,7000,2300
SD,128,64,0.50,clustered,9,20260904,100,True,1,142,29,29,48300,36378100,184000,8800,7100,2300
CS,128,64,0.50,clustered,9,20260904,100,True,1,115,8,8,93600,232900,182400,5100,4600,600
CS,256,0,zero,random,0,20260904,30,True,1,115,9,9,191000,527100,400,5200,4700,
SD,256,0,zero,random,0,20260904,30,True,1,145,37,37,95300,103962600,500,6300,4300,
SD,256,0,zero,random,1,20260905,30,True,1,145,37,37,94400,103398200,500,6300,4500,
CS,256,0,zero,random,1,20260905,30,True,1,115,9,9,190500,528800,400,5100,4600,
CS,256,0,zero,random,2,20260906,30,True,1,115,9,9,189900,527000,400,5100,4700,
SD,256,0,zero,random,2,20260906,30,True,1,145,37,37,94500,107756900,500,6400,4300,
SD,256,0,zero,random,3,20260907,30,True,1,145,37,37,95200,105207700,400,6300,4400,
CS,256,0,zero,random,3,20260907,30,True,1,115,9,9,191000,544300,400,5200,4500,
CS,256,0,zero,random,4,20260908,30,True,1,115,9,9,194000,650900,400,5300,14800,
SD,256,0,zero,random,4,20260908,30,True,1,145,37,37,93900,105521200,500,6400,4400,
SD,256,0,zero,random,5,20260909,30,True,1,145,37,37,95100,104546600,400,6600,4300,
CS,256,0,zero,random,5,20260909,30,True,1,115,9,9,190300,533400,400,5200,4600,
CS,256,0,zero,random,6,20260910,30,True,1,115,9,9,190400,525900,400,5200,4600,
SD,256,0,zero,random,6,20260910,30,True,1,145,37,37,94200,103924100,500,6300,4300,
SD,256,0,zero,random,7,20260911,30,True,1,145,37,37,93700,103828300,400,6400,4400,
CS,256,0,zero,random,7,20260911,30,True,1,115,9,9,191400,535200,400,5300,4700,
CS,256,0,zero,random,8,20260912,30,True,1,115,9,9,190800,519400,400,10300,9300,
SD,256,0,zero,random,8,20260912,30,True,1,145,37,37,93700,103676700,400,6400,4400,
SD,256,0,zero,random,9,20260913,30,True,1,145,37,37,95600,104022400,500,6300,4400,
CS,256,0,zero,random,9,20260913,30,True,1,115,9,9,196100,513000,400,5200,4700,
CS,256,0,zero,random,10,20260914,30,True,1,115,9,9,190800,524000,400,5300,4600,
SD,256,0,zero,random,10,20260914,30,True,1,145,37,37,94900,104272100,400,11300,4400,
SD,256,0,zero,random,11,20260915,30,True,1,145,37,37,94100,103842900,500,6300,4400,
CS,256,0,zero,random,11,20260915,30,True,1,115,9,9,191600,527100,400,5100,4600,
CS,256,0,zero,random,12,20260916,30,True,1,115,9,9,189700,535700,400,9100,4600,
SD,256,0,zero,random,12,20260916,30,True,1,145,37,37,94400,104142000,500,6400,4300,
SD,256,0,zero,random,13,20260917,30,True,1,145,37,37,94300,105089800,400,6400,4300,
CS,256,0,zero,random,13,20260917,30,True,1,115,9,9,189100,522400,400,5300,4600,
CS,256,0,zero,random,14,20260918,30,True,1,115,9,9,189200,524400,400,5200,4600,
SD,256,0,zero,random,14,20260918,30,True,1,145,37,37,94700,104118400,800,11600,7000,
SD,256,0,zero,random,15,20260919,30,True,1,145,37,37,94300,104650400,400,6300,4400,
CS,256,0,zero,random,15,20260919,30,True,1,115,9,9,190800,526600,400,5200,4600,
CS,256,0,zero,random,16,20260920,30,True,1,115,9,9,190100,517300,400,5200,4600,
SD,256,0,zero,random,16,20260920,30,True,1,145,37,37,94400,104153600,600,6300,4400,
SD,256,0,zero,random,17,20260921,30,True,1,145,37,37,93900,103421800,500,6300,4400,
CS,256,0,zero,random,17,20260921,30,True,1,115,9,9,258300,522100,400,5300,4700,
CS,256,0,zero,random,18,20260922,30,True,1,115,9,9,189900,979600,700,9600,4600,
SD,256,0,zero,random,18,20260922,30,True,1,145,37,37,94300,103529300,400,6400,4300,
SD,256,0,zero,random,19,20260923,30,True,1,145,37,37,94000,103561700,500,6400,4400,
CS,256,0,zero,random,19,20260923,30,True,1,115,9,9,189100,537200,400,5200,4600,
CS,256,1,single,random,0,20260904,30,True,8,731,9,9,191400,535100,18100,34000,4800,1000
SD,256,1,single,random,0,20260904,30,True,1,144,37,37,93700,103866800,21500,26300,21700,4200
SD,256,1,single,random,1,20260905,30,True,1,144,37,37,93800,108166700,21500,25800,24200,4100
CS,256,1,single,random,1,20260905,30,True,8,732,9,9,189700,522200,19000,33800,4700,1000
CS,256,1,single,random,2,20260906,30,True,8,733,9,9,196300,525600,17500,33800,4700,1000
SD,256,1,single,random,2,20260906,30,True,1,144,37,37,93700,105580900,21400,26500,37800,6500
SD,256,1,single,random,3,20260907,30,True,1,144,37,37,94200,103716700,21500,26300,22800,4100
CS,256,1,single,random,3,20260907,30,True,8,732,9,9,191100,527900,30400,34200,4700,900
CS,256,1,single,random,4,20260908,30,True,8,732,9,9,188500,543400,18000,33800,4700,1000
SD,256,1,single,random,4,20260908,30,True,1,144,37,37,116300,103647100,21600,51400,23000,4200
SD,256,1,single,random,5,20260909,30,True,1,144,37,37,93900,105977400,23200,26100,20500,4100
CS,256,1,single,random,5,20260909,30,True,8,731,9,9,196000,521700,17700,33900,4800,1800
CS,256,1,single,random,6,20260910,30,True,8,731,9,9,189300,526300,18100,34100,4700,900
SD,256,1,single,random,6,20260910,30,True,1,144,37,37,93800,104425000,21600,26400,36100,7100
SD,256,1,single,random,7,20260911,30,True,1,144,37,37,94400,104259700,25100,26700,24700,4000
CS,256,1,single,random,7,20260911,30,True,8,733,9,9,189300,529000,17300,68800,4600,900
CS,256,1,single,random,8,20260912,30,True,8,731,9,9,191200,527600,18600,33700,4800,1000
SD,256,1,single,random,8,20260912,30,True,1,144,37,37,94400,104346900,38500,53900,18900,4200
SD,256,1,single,random,9,20260913,30,True,1,144,37,37,94700,105292200,38400,25600,20100,4000
CS,256,1,single,random,9,20260913,30,True,8,731,9,9,190300,522900,27900,33800,4800,1000
CS,256,1,single,random,10,20260914,30,True,8,733,9,9,189600,520500,18700,33900,4600,1000
SD,256,1,single,random,10,20260914,30,True,1,144,37,37,93700,104567700,23900,26500,26300,4100
SD,256,1,single,random,11,20260915,30,True,1,144,37,37,93700,104725000,24800,26300,20800,4100
CS,256,1,single,random,11,20260915,30,True,8,731,9,9,190300,529000,34500,33600,4800,1000
CS,256,1,single,random,12,20260916,30,True,8,731,9,9,189200,533400,18700,33900,4800,1100
SD,256,1,single,random,12,20260916,30,True,1,144,37,37,93700,104968400,22000,26600,33900,7300
SD,256,1,single,random,13,20260917,30,True,1,144,37,37,93500,106863500,21800,49100,21900,4100
CS,256,1,single,random,13,20260917,30,True,8,732,9,9,190100,524300,17700,33800,4700,1000
CS,256,1,single,random,14,20260918,30,True,8,733,9,9,188900,522600,17700,33900,4600,1000
SD,256,1,single,random,14,20260918,30,True,1,144,37,37,93800,104627200,21700,26200,24900,4200
SD,256,1,single,random,15,20260919,30,True,1,144,37,37,94500,104514000,36600,53400,41300,4100
CS,256,1,single,random,15,20260919,30,True,8,731,9,9,369000,533300,17700,33800,4800,1000
CS,256,1,single,random,16,20260920,30,True,8,732,9,9,191400,523800,17800,33700,4700,1000
SD,256,1,single,random,16,20260920,30,True,1,144,37,37,93600,103294200,21700,25900,24500,7300
SD,256,1,single,random,17,20260921,30,True,1,144,37,37,95100,103976600,23500,35000,28300,4200
CS,256,1,single,random,17,20260921,30,True,8,732,9,9,245800,534500,17600,34000,4700,900
CS,256,1,single,random,18,20260922,30,True,8,733,9,9,189800,522700,17500,34000,4600,1000
SD,256,1,single,random,18,20260922,30,True,1,144,37,37,94300,105692100,23400,25900,24500,4000
SD,256,1,single,random,19,20260923,30,True,1,144,37,37,94500,103976800,21800,26500,47600,7000
CS,256,1,single,random,19,20260923,30,True,8,733,9,9,190200,536000,17400,33900,4600,1000
CS,256,1,single,contiguous,0,20260904,30,True,8,731,9,9,195300,533600,18100,33800,5100,1000
SD,256,1,single,contiguous,0,20260904,30,True,1,144,37,37,94100,104290100,21800,24700,10200,3900
SD,256,1,single,contiguous,1,20260904,30,True,1,144,37,37,94300,105384300,21700,25600,9700,3900
CS,256,1,single,contiguous,1,20260904,30,True,8,731,9,9,189200,528000,17900,33800,5100,1000
CS,256,1,single,contiguous,2,20260904,30,True,8,731,9,9,189400,537800,17700,34000,5100,1000
SD,256,1,single,contiguous,2,20260904,30,True,1,144,37,37,93900,103405300,24900,24600,9400,3900
SD,256,1,single,contiguous,3,20260904,30,True,1,144,37,37,94700,103717400,25400,24700,9500,3900
CS,256,1,single,contiguous,3,20260904,30,True,8,731,9,9,190600,528300,28000,58500,5000,1000
CS,256,1,single,contiguous,4,20260904,30,True,8,731,9,9,191000,529300,18000,34000,5100,1000
SD,256,1,single,contiguous,4,20260904,30,True,1,144,37,37,94700,104517200,22100,24800,9600,3900
SD,256,1,single,contiguous,5,20260904,30,True,1,144,37,37,93800,104347100,22000,24700,9800,3900
CS,256,1,single,contiguous,5,20260904,30,True,8,731,9,9,189900,527800,17700,41800,5000,1000
CS,256,1,single,contiguous,6,20260904,30,True,8,731,9,9,188700,530600,17900,33900,5100,1000
SD,256,1,single,contiguous,6,20260904,30,True,1,144,37,37,94800,104189000,21600,24500,9600,3900
SD,256,1,single,contiguous,7,20260904,30,True,1,144,37,37,94700,104352600,21800,24700,9600,3900
CS,256,1,single,contiguous,7,20260904,30,True,8,731,9,9,190000,526600,20100,33800,5100,1000
CS,256,1,single,contiguous,8,20260904,30,True,8,731,9,9,190600,543300,18200,33800,5200,1800
SD,256,1,single,contiguous,8,20260904,30,True,1,144,37,37,93800,104856900,21800,24700,9700,3900
SD,256,1,single,contiguous,9,20260904,30,True,1,144,37,37,96000,104611100,22400,24600,9700,3800
CS,256,1,single,contiguous,9,20260904,30,True,8,731,9,9,190400,539100,17800,33900,5100,1000
CS,256,1,single,uniform,0,20260904,30,True,8,731,9,9,188900,530200,19600,33900,5100,1000
SD,256,1,single,uniform,0,20260904,30,True,1,144,37,37,93800,104668800,21900,24600,9700,4000
SD,256,1,single,uniform,1,20260904,30,True,1,144,37,37,94500,104587700,21800,43100,9600,3900
CS,256,1,single,uniform,1,20260904,30,True,8,731,9,9,191400,534900,17800,33800,5100,1000
CS,256,1,single,uniform,2,20260904,30,True,8,731,9,9,193100,532000,17800,33700,5000,1000
SD,256,1,single,uniform,2,20260904,30,True,1,144,37,37,94300,105253500,23200,24600,9700,3900
SD,256,1,single,uniform,3,20260904,30,True,1,144,37,37,94500,104847100,22100,24500,9700,3900
CS,256,1,single,uniform,3,20260904,30,True,8,731,9,9,191700,529900,18000,34000,5000,1000
CS,256,1,single,uniform,4,20260904,30,True,8,731,9,9,199000,541100,19200,33700,5100,1000
SD,256,1,single,uniform,4,20260904,30,True,1,144,37,37,95300,105221200,22300,24800,9700,3800
SD,256,1,single,uniform,5,20260904,30,True,1,144,37,37,94500,105396600,22300,31000,17700,3900
CS,256,1,single,uniform,5,20260904,30,True,8,731,9,9,309200,564900,17800,34000,5300,1000
CS,256,1,single,uniform,6,20260904,30,True,8,731,9,9,188900,538200,17800,33900,5000,1000
SD,256,1,single,uniform,6,20260904,30,True,1,144,37,37,94500,104419100,22500,24700,9800,4000
SD,256,1,single,uniform,7,20260904,30,True,1,144,37,37,112200,104653800,21900,24600,9700,4000
CS,256,1,single,uniform,7,20260904,30,True,8,731,9,9,191500,531500,18100,33700,5100,1000
CS,256,1,single,uniform,8,20260904,30,True,8,731,9,9,204200,533400,18100,33800,5100,1000
SD,256,1,single,uniform,8,20260904,30,True,1,144,37,37,98800,103985900,22100,24600,9700,4000
SD,256,1,single,uniform,9,20260904,30,True,1,144,37,37,95200,104049000,22500,25000,9700,3800
CS,256,1,single,uniform,9,20260904,30,True,8,731,9,9,191600,534000,18700,33900,9900,1000
CS,256,1,single,clustered,0,20260904,30,True,8,732,9,9,189200,524600,20100,33900,4600,1000
SD,256,1,single,clustered,0,20260904,30,True,1,144,37,37,93800,104336300,21500,25000,23800,3900
SD,256,1,single,clustered,1,20260904,30,True,1,144,37,37,94200,104461100,21500,25000,24900,4000
CS,256,1,single,clustered,1,20260904,30,True,8,732,9,9,190000,523200,17900,34100,4700,1000
CS,256,1,single,clustered,2,20260904,30,True,8,732,9,9,190600,598300,18800,33900,8900,1000
SD,256,1,single,clustered,2,20260904,30,True,1,144,37,37,94200,104240300,21600,25700,23900,3900
SD,256,1,single,clustered,3,20260904,30,True,1,144,37,37,96200,103966800,22000,26500,23700,3900
CS,256,1,single,clustered,3,20260904,30,True,8,732,9,9,190400,536300,17800,33900,4700,1000
CS,256,1,single,clustered,4,20260904,30,True,8,732,9,9,190300,527300,17700,33900,4600,1000
SD,256,1,single,clustered,4,20260904,30,True,1,144,37,37,94300,106502200,41600,25200,37300,4000
SD,256,1,single,clustered,5,20260904,30,True,1,144,37,37,95100,103977000,21800,25200,23700,4000
CS,256,1,single,clustered,5,20260904,30,True,8,732,9,9,189400,535500,28800,33700,4600,1000
CS,256,1,single,clustered,6,20260904,30,True,8,732,9,9,189200,530700,17900,33900,4600,1000
SD,256,1,single,clustered,6,20260904,30,True,1,144,37,37,94000,103177800,21500,53600,23500,3900
SD,256,1,single,clustered,7,20260904,30,True,1,144,37,37,95100,103768900,21900,25200,23600,3900
CS,256,1,single,clustered,7,20260904,30,True,8,732,9,9,189800,528200,17900,33700,4600,1000
CS,256,1,single,clustered,8,20260904,30,True,8,732,9,9,190000,531900,17700,33900,4700,1000
SD,256,1,single,clustered,8,20260904,30,True,1,144,37,37,94500,104526800,21300,25600,23700,3900
SD,256,1,single,clustered,9,20260904,30,True,1,144,37,37,93500,103905900,21600,25500,23800,4000
CS,256,1,single,clustered,9,20260904,30,True,8,732,9,9,190200,526400,17400,33900,4700,1000
CS,256,3,0.01,random,0,20260904,30,True,19,1705,9,9,188800,521300,44400,79000,4700,1500
SD,256,3,0.01,random,0,20260904,30,True,3,378,37,37,94100,104191800,59500,64400,21000,7000
SD,256,3,0.01,random,1,20260905,30,True,4,495,37,37,94600,104057800,53600,65600,19600,8700
CS,256,3,0.01,random,1,20260905,30,True,18,1616,9,9,191600,532100,44700,74900,7100,2200
CS,256,3,0.01,random,2,20260906,30,True,17,1532,9,9,189800,529100,39900,70600,4600,1400
SD,256,3,0.01,random,2,20260906,30,True,4,495,37,37,93600,112851600,51800,64600,7400,8800
SD,256,3,0.01,random,3,20260907,30,True,4,496,37,37,94300,105451200,59100,64600,9600,8400
CS,256,3,0.01,random,3,20260907,30,True,17,1529,9,9,189200,537200,40200,70800,4600,1400
CS,256,3,0.01,random,4,20260908,30,True,17,1529,9,9,190100,530200,40800,70600,4600,1400
SD,256,3,0.01,random,4,20260908,30,True,4,496,37,37,93700,105944700,50400,64100,9600,8500
SD,256,3,0.01,random,5,20260909,30,True,5,611,37,37,94800,104385400,47600,68900,11800,10200
CS,256,3,0.01,random,5,20260909,30,True,15,1352,9,9,189900,527300,38000,62500,4700,1400
CS,256,3,0.01,random,6,20260910,30,True,17,1527,9,9,190100,530200,75800,122900,8900,2700
SD,256,3,0.01,random,6,20260910,30,True,4,495,37,37,165500,105022300,51700,64100,7300,8500
SD,256,3,0.01,random,7,20260911,30,True,3,378,37,37,94300,104190200,54700,63300,25700,12700
CS,256,3,0.01,random,7,20260911,30,True,19,1706,9,9,190700,538100,44600,79000,5200,1600
CS,256,3,0.01,random,8,20260912,30,True,19,1705,9,9,191100,532200,43800,79400,4800,1500
SD,256,3,0.01,random,8,20260912,30,True,3,378,37,37,95200,104671200,54200,78900,18900,6900
SD,256,3,0.01,random,9,20260913,30,True,5,611,37,37,94800,104654100,49100,67800,21100,10600
CS,256,3,0.01,random,9,20260913,30,True,16,1440,9,9,188500,527600,41100,66700,4700,1400
CS,256,3,0.01,random,10,20260914,30,True,17,1532,9,9,190200,529800,42700,70700,4600,1400
SD,256,3,0.01,random,10,20260914,30,True,4,495,37,37,94200,107594100,49300,64600,7400,9000
SD,256,3,0.01,random,11,20260915,30,True,3,376,37,37,93700,104679700,37700,47800,21700,7100
CS,256,3,0.01,random,11,20260915,30,True,12,1085,9,9,191200,530200,33600,70900,4700,1200
CS,256,3,0.01,random,12,20260916,30,True,19,1705,9,9,190800,529400,44200,78900,4900,1500
SD,256,3,0.01,random,12,20260916,30,True,3,378,37,37,93900,104965900,55000,62600,18700,6700
SD,256,3,0.01,random,13,20260917,30,True,4,496,37,37,94700,103851200,54100,64000,21200,8700
CS,256,3,0.01,random,13,20260917,30,True,17,1529,9,9,190700,528500,43400,71200,4600,1400
CS,256,3,0.01,random,14,20260918,30,True,19,1705,9,9,189200,526200,46700,78900,4900,1500
SD,256,3,0.01,random,14,20260918,30,True,3,378,37,37,94800,104774200,57700,64300,18800,6900
SD,256,3,0.01,random,15,20260919,30,True,3,378,37,37,94300,105119600,54100,63600,20700,7000
CS,256,3,0.01,random,15,20260919,30,True,19,1705,9,9,190500,531700,44000,79300,4600,1500
CS,256,3,0.01,random,16,20260920,30,True,19,1706,9,9,190700,522100,43400,78800,4600,1500
SD,256,3,0.01,random,16,20260920,30,True,3,378,37,37,94000,105585600,54500,63200,21000,7200
SD,256,3,0.01,random,17,20260921,30,True,5,611,37,37,93700,104559900,48300,68500,19000,10600
CS,256,3,0.01,random,17,20260921,30,True,16,1440,9,9,192400,698800,41000,66600,4800,1400
CS,256,3,0.01,random,18,20260922,30,True,18,1617,9,9,198100,610000,42500,75100,5300,1500
SD,256,3,0.01,random,18,20260922,30,True,4,493,37,37,94400,105378000,51500,67900,14600,8900
SD,256,3,0.01,random,19,20260923,30,True,4,495,37,37,95300,107703800,56800,67200,22600,8800
CS,256,3,0.01,random,19,20260923,30,True,18,1618,9,9,336800,772600,61300,74900,4600,1500
CS,256,3,0.01,contiguous,0,20260904,30,True,7,642,9,9,334100,536800,23000,29900,5000,900
SD,256,3,0.01,contiguous,0,20260904,30,True,2,262,37,37,94100,105859100,26600,28200,9400,5000
SD,256,3,0.01,contiguous,1,20260904,30,True,2,262,37,37,93700,104783800,26600,52800,9500,5100
CS,256,3,0.01,contiguous,1,20260904,30,True,7,642,9,9,191400,525500,22700,29800,5000,900
CS,256,3,0.01,contiguous,2,20260904,30,True,7,642,9,9,190200,531900,23300,40500,5200,1000
SD,256,3,0.01,contiguous,2,20260904,30,True,2,262,37,37,94500,105263500,26500,28100,9500,5000
SD,256,3,0.01,contiguous,3,20260904,30,True,2,262,37,37,94700,104274800,26500,27900,9500,4900
CS,256,3,0.01,contiguous,3,20260904,30,True,7,642,9,9,191000,531900,23000,30100,5000,900
CS,256,3,0.01,contiguous,4,20260904,30,True,7,642,9,9,190400,525500,22900,29800,5100,900
SD,256,3,0.01,contiguous,4,20260904,30,True,2,262,37,37,94600,105308200,27000,28100,9500,4900
SD,256,3,0.01,contiguous,5,20260904,30,True,2,262,37,37,94300,105611800,26600,35200,9500,5000
CS,256,3,0.01,contiguous,5,20260904,30,True,7,642,9,9,191100,537800,22600,29800,5000,1000
CS,256,3,0.01,contiguous,6,20260904,30,True,7,642,9,9,190000,537200,23100,29800,5000,900
SD,256,3,0.01,contiguous,6,20260904,30,True,2,262,37,37,94200,104199900,26700,28100,9500,8700
SD,256,3,0.01,contiguous,7,20260904,30,True,2,262,37,37,95300,104223200,26400,28600,9400,4900
CS,256,3,0.01,contiguous,7,20260904,30,True,7,642,9,9,188500,589500,24400,29900,5000,900
CS,256,3,0.01,contiguous,8,20260904,30,True,7,642,9,9,189500,527500,24600,29900,5100,1000
SD,256,3,0.01,contiguous,8,20260904,30,True,2,262,37,37,94400,104986800,26400,28200,9500,5000
SD,256,3,0.01,contiguous,9,20260904,30,True,2,262,37,37,94700,105084100,26700,28200,9300,4900
CS,256,3,0.01,contiguous,9,20260904,30,True,7,642,9,9,190100,533100,23800,29900,5000,900
CS,256,3,0.01,uniform,0,20260904,30,True,19,1705,9,9,194100,535900,47400,78900,5600,1600
SD,256,3,0.01,uniform,0,20260904,30,True,3,378,37,37,95100,104285700,58200,63900,10000,6600
SD,256,3,0.01,uniform,1,20260904,30,True,3,378,37,37,96000,104766000,54700,64800,9900,6700
CS,256,3,0.01,uniform,1,20260904,30,True,19,1705,9,9,192100,521400,43800,91900,5500,1500
CS,256,3,0.01,uniform,2,20260904,30,True,19,1705,9,9,197200,530500,45300,78600,5500,1500
SD,256,3,0.01,uniform,2,20260904,30,True,3,378,37,37,94300,104457900,55100,65000,9900,6500
SD,256,3,0.01,uniform,3,20260904,30,True,3,378,37,37,93800,104975100,55900,63900,10000,10500
CS,256,3,0.01,uniform,3,20260904,30,True,19,1705,9,9,190000,527600,46700,78800,5500,1500
CS,256,3,0.01,uniform,4,20260904,30,True,19,1705,9,9,190400,563600,44800,78700,5500,1500
SD,256,3,0.01,uniform,4,20260904,30,True,3,378,37,37,93500,104872900,56000,65900,10200,6500
SD,256,3,0.01,uniform,5,20260904,30,True,3,378,37,37,94600,104254700,56400,64000,10100,6600
CS,256,3,0.01,uniform,5,20260904,30,True,19,1705,9,9,190500,548300,72600,133800,6600,2700
CS,256,3,0.01,uniform,6,20260904,30,True,19,1705,9,9,190000,533700,46100,78800,5500,1500
SD,256,3,0.01,uniform,6,20260904,30,True,3,378,37,37,94000,108007800,54600,65300,10000,6600
SD,256,3,0.01,uniform,7,20260904,30,True,3,378,37,37,93500,105273900,55000,64000,10100,6600
CS,256,3,0.01,uniform,7,20260904,30,True,19,1705,9,9,190600,529500,44400,79000,9800,2500
CS,256,3,0.01,uniform,8,20260904,30,True,19,1705,9,9,190300,531800,70600,78700,5500,1500
SD,256,3,0.01,uniform,8,20260904,30,True,3,378,37,37,93800,104763400,54300,64600,10100,6500
SD,256,3,0.01,uniform,9,20260904,30,True,3,378,37,37,93700,104293400,69500,64000,10100,6600
CS,256,3,0.01,uniform,9,20260904,30,True,19,1705,9,9,189400,523200,45300,78500,5500,1500
CS,256,3,0.01,clustered,0,20260904,30,True,7,643,9,9,190600,526400,22400,29800,4600,900
SD,256,3,0.01,clustered,0,20260904,30,True,2,262,37,37,94300,104560400,26400,28700,18900,5000
SD,256,3,0.01,clustered,1,20260904,30,True,2,262,37,37,93900,107715100,28800,28500,18800,5100
CS,256,3,0.01,clustered,1,20260904,30,True,7,643,9,9,191200,526600,22500,30000,8700,1600
CS,256,3,0.01,clustered,2,20260904,30,True,7,643,9,9,190600,534600,22600,29600,4600,900
SD,256,3,0.01,clustered,2,20260904,30,True,2,262,37,37,94600,105508700,26100,29400,18600,5000
SD,256,3,0.01,clustered,3,20260904,30,True,2,262,37,37,93900,104454000,26100,28300,25000,5200
CS,256,3,0.01,clustered,3,20260904,30,True,7,643,9,9,190500,531300,23600,29800,4600,900
CS,256,3,0.01,clustered,4,20260904,30,True,7,643,9,9,190100,531900,39900,34400,4600,900
SD,256,3,0.01,clustered,4,20260904,30,True,2,262,37,37,94100,104501200,26100,37900,40100,4900
SD,256,3,0.01,clustered,5,20260904,30,True,2,262,37,37,93800,105391300,26500,28500,18800,5100
CS,256,3,0.01,clustered,5,20260904,30,True,7,643,9,9,190300,532300,22500,52100,4600,900
CS,256,3,0.01,clustered,6,20260904,30,True,7,643,9,9,190000,531800,22600,29900,8100,1600
SD,256,3,0.01,clustered,6,20260904,30,True,2,262,37,37,95000,105110500,26000,29600,18700,5000
SD,256,3,0.01,clustered,7,20260904,30,True,2,262,37,37,93800,104477100,26600,59100,38800,9600
CS,256,3,0.01,clustered,7,20260904,30,True,7,643,9,9,220800,548700,22300,29800,4900,1600
CS,256,3,0.01,clustered,8,20260904,30,True,7,643,9,9,189700,529000,24200,29700,4600,900
SD,256,3,0.01,clustered,8,20260904,30,True,2,262,37,37,93700,104601400,26800,42800,31300,7700
SD,256,3,0.01,clustered,9,20260904,30,True,2,262,37,37,95200,104786600,26400,28700,18800,5100
CS,256,3,0.01,clustered,9,20260904,30,True,7,643,9,9,189700,525300,22700,29800,4600,900
CS,256,13,0.05,random,0,20260904,30,True,45,4013,9,9,192500,535300,125000,184700,5400,3000
SD,256,13,0.05,random,0,20260904,30,True,14,1677,37,37,94700,105025000,149600,189500,21800,26400
SD,256,13,0.05,random,1,20260905,30,True,15,1793,37,37,94600,104069100,162900,203300,8500,26500
CS,256,13,0.05,random,1,20260905,30,True,49,4369,9,9,189100,533300,132600,200800,4700,3100
CS,256,13,0.05,random,2,20260906,30,True,46,4101,9,9,191300,525500,126600,189100,5300,2900
SD,256,13,0.05,random,2,20260906,30,True,14,1677,37,37,94500,104938500,156700,191800,20000,23900
SD,256,13,0.05,random,3,20260907,30,True,14,1677,37,37,94500,108990900,157200,197900,19500,25500
CS,256,13,0.05,random,3,20260907,30,True,49,4370,9,9,190400,526600,136400,201700,4600,3100
CS,256,13,0.05,random,4,20260908,30,True,52,4633,9,9,190100,523900,135600,212700,5400,3400
SD,256,13,0.05,random,4,20260908,30,True,14,1678,37,37,94100,104982000,161300,203000,12200,26700
SD,256,13,0.05,random,5,20260909,30,True,15,1795,37,37,94600,105171100,158300,201100,25700,26000
CS,256,13,0.05,random,5,20260909,30,True,48,4280,9,9,190600,546100,134800,215100,6400,3100
CS,256,13,0.05,random,6,20260910,30,True,45,4015,9,9,189900,535300,127700,185000,5200,2900
SD,256,13,0.05,random,6,20260910,30,True,16,1911,37,37,94000,105736400,293700,199000,16500,28100
SD,256,13,0.05,random,7,20260911,30,True,17,2028,37,37,94600,108609400,153900,214500,14100,29800
CS,256,13,0.05,random,7,20260911,30,True,49,4370,9,9,190600,531000,131100,200700,5300,3100
CS,256,13,0.05,random,8,20260912,30,True,41,3660,9,9,189200,527400,118000,168500,5000,4400
SD,256,13,0.05,random,8,20260912,30,True,15,1793,37,37,94400,104965600,139700,191600,19400,25600
SD,256,13,0.05,random,9,20260913,30,True,16,1910,37,37,94700,104587900,157500,209700,19900,29000
CS,256,13,0.05,random,9,20260913,30,True,49,4370,9,9,191600,528000,131000,200300,4700,3000
CS,256,13,0.05,random,10,20260914,30,True,47,4191,9,9,190900,533400,127600,193700,6500,3100
SD,256,13,0.05,random,10,20260914,30,True,16,1916,37,37,94800,105655700,157000,207000,16400,27900
SD,256,13,0.05,random,11,20260915,30,True,13,1559,37,37,94400,105694900,159100,191600,23800,22600
CS,256,13,0.05,random,11,20260915,30,True,49,4367,9,9,189200,533200,131900,200700,4900,3100
CS,256,13,0.05,random,12,20260916,30,True,48,4281,9,9,190200,533000,129000,196100,4600,3000
SD,256,13,0.05,random,12,20260916,30,True,16,1912,37,37,94400,104657100,157400,209300,16300,28600
SD,256,13,0.05,random,13,20260917,30,True,16,1911,37,37,94500,104426100,162200,260100,27200,30100
CS,256,13,0.05,random,13,20260917,30,True,50,4458,9,9,336000,1025500,135400,213300,5900,3200
CS,256,13,0.05,random,14,20260918,30,True,47,4193,9,9,197900,533900,129400,193400,4600,3000
SD,256,13,0.05,random,14,20260918,30,True,15,1795,37,37,94900,106522100,153100,200500,18900,29100
SD,256,13,0.05,random,15,20260919,30,True,15,1793,37,37,94300,105974900,160900,206900,11800,27300
CS,256,13,0.05,random,15,20260919,30,True,49,4371,9,9,190200,539700,134600,201000,4800,3100
CS,256,13,0.05,random,16,20260920,30,True,49,4368,9,9,190400,538400,136300,201400,4900,3100
SD,256,13,0.05,random,16,20260920,30,True,13,1560,37,37,136900,105860100,158000,191400,14200,41200
SD,256,13,0.05,random,17,20260921,30,True,16,1911,37,37,94000,105016500,141000,197000,12800,30900
CS,256,13,0.05,random,17,20260921,30,True,41,3660,9,9,192800,531300,119300,168800,4800,2800
CS,256,13,0.05,random,18,20260922,30,True,46,4103,9,9,193000,536000,172500,189300,5900,5400
SD,256,13,0.05,random,18,20260922,30,True,16,1913,37,37,93800,104700000,156900,203300,19200,28200
SD,256,13,0.05,random,19,20260923,30,True,19,2266,37,37,94600,104509700,149000,229100,24600,32800
CS,256,13,0.05,random,19,20260923,30,True,43,3837,9,9,195900,530600,122100,338300,9900,5100
CS,256,13,0.05,contiguous,0,20260904,30,True,6,555,9,9,204600,626300,53000,25700,5000,900
SD,256,13,0.05,contiguous,0,20260904,30,True,2,261,37,37,114900,109442000,57200,26200,9200,4500
SD,256,13,0.05,contiguous,1,20260904,30,True,2,261,37,37,94500,105087300,56400,41800,9400,7900
CS,256,13,0.05,contiguous,1,20260904,30,True,6,555,9,9,191400,549000,52600,25700,5000,900
CS,256,13,0.05,contiguous,2,20260904,30,True,6,555,9,9,189500,534800,54800,25700,4900,900
SD,256,13,0.05,contiguous,2,20260904,30,True,2,261,37,37,93600,105336900,57900,26100,14600,7000
SD,256,13,0.05,contiguous,3,20260904,30,True,2,261,37,37,93900,104562300,61000,25800,9200,4600
CS,256,13,0.05,contiguous,3,20260904,30,True,6,555,9,9,191300,521100,57700,25700,5000,900
CS,256,13,0.05,contiguous,4,20260904,30,True,6,555,9,9,189700,519300,52300,25800,4900,900
SD,256,13,0.05,contiguous,4,20260904,30,True,2,261,37,37,93800,105407300,56400,25900,9200,4500
SD,256,13,0.05,contiguous,5,20260904,30,True,2,261,37,37,93500,105127200,59000,25800,9300,4500
CS,256,13,0.05,contiguous,5,20260904,30,True,6,555,9,9,189200,540300,54300,47300,5000,900
CS,256,13,0.05,contiguous,6,20260904,30,True,6,555,9,9,190200,539000,85900,25700,4900,900
SD,256,13,0.05,contiguous,6,20260904,30,True,2,261,37,37,93900,105423300,56200,25600,9000,4400
SD,256,13,0.05,contiguous,7,20260904,30,True,2,261,37,37,96800,104743700,58400,26000,9100,4500
CS,256,13,0.05,contiguous,7,20260904,30,True,6,555,9,9,188900,526700,52700,25700,5000,900
CS,256,13,0.05,contiguous,8,20260904,30,True,6,555,9,9,189600,533700,54100,25600,5000,900
SD,256,13,0.05,contiguous,8,20260904,30,True,2,261,37,37,93700,104538400,83100,25800,9200,4600
SD,256,13,0.05,contiguous,9,20260904,30,True,2,261,37,37,94600,105054700,104100,25900,15400,7600
CS,256,13,0.05,contiguous,9,20260904,30,True,6,555,9,9,333200,549600,103300,55200,5000,900
CS,256,13,0.05,uniform,0,20260904,30,True,55,4900,9,9,349000,590500,243500,225100,6900,3400
SD,256,13,0.05,uniform,0,20260904,30,True,13,1560,37,37,95500,104862400,170700,205900,12400,22600
SD,256,13,0.05,uniform,1,20260904,30,True,13,1560,37,37,94400,104039100,169100,210700,21800,22000
CS,256,13,0.05,uniform,1,20260904,30,True,55,4900,9,9,189300,531500,138600,226100,6800,3400
CS,256,13,0.05,uniform,2,20260904,30,True,55,4900,9,9,190200,519700,142600,224900,6800,3400
SD,256,13,0.05,uniform,2,20260904,30,True,13,1560,37,37,94400,105777100,170400,210800,12400,40900
SD,256,13,0.05,uniform,3,20260904,30,True,13,1560,37,37,94200,104447000,166900,206600,12500,22800
CS,256,13,0.05,uniform,3,20260904,30,True,55,4900,9,9,190900,541700,140200,226300,6800,3500
CS,256,13,0.05,uniform,4,20260904,30,True,55,4900,9,9,189200,528800,140800,224800,12600,3400
SD,256,13,0.05,uniform,4,20260904,30,True,13,1560,37,37,94800,104035800,170100,205000,12500,43500
SD,256,13,0.05,uniform,5,20260904,30,True,13,1560,37,37,94500,104552600,167500,206100,12500,22600
CS,256,13,0.05,uniform,5,20260904,30,True,55,4900,9,9,190900,540300,140700,225100,6900,3500
CS,256,13,0.05,uniform,6,20260904,30,True,55,4900,9,9,190300,529400,140500,225300,6900,3400
SD,256,13,0.05,uniform,6,20260904,30,True,13,1560,37,37,94200,105177300,165300,205400,12400,22100
SD,256,13,0.05,uniform,7,20260904,30,True,13,1560,37,37,94600,110503900,171900,206500,12500,22600
CS,256,13,0.05,uniform,7,20260904,30,True,55,4900,9,9,188700,768600,229500,337500,6900,3600
CS,256,13,0.05,uniform,8,20260904,30,True,55,4900,9,9,250400,721600,183600,226600,6900,3500
SD,256,13,0.05,uniform,8,20260904,30,True,13,1560,37,37,93800,104223900,167100,208000,12500,22900
SD,256,13,0.05,uniform,9,20260904,30,True,13,1560,37,37,94800,104973600,168200,206500,12300,22100
CS,256,13,0.05,uniform,9,20260904,30,True,55,4900,9,9,191500,530900,140700,224900,6800,3400
CS,256,13,0.05,clustered,0,20260904,30,True,6,556,9,9,201000,530100,51300,25700,8700,1600
SD,256,13,0.05,clustered,0,20260904,30,True,2,261,37,37,94800,104345500,55200,25900,14200,4600
SD,256,13,0.05,clustered,1,20260904,30,True,2,261,37,37,95000,105063600,55400,26500,26100,4500
CS,256,13,0.05,clustered,1,20260904,30,True,6,556,9,9,195900,557300,51500,25800,4700,900
CS,256,13,0.05,clustered,2,20260904,30,True,6,556,9,9,200800,534000,51800,25700,4700,900
SD,256,13,0.05,clustered,2,20260904,30,True,2,261,37,37,95900,104215000,57300,26100,14200,4700
SD,256,13,0.05,clustered,3,20260904,30,True,2,261,37,37,95400,105202800,55600,25900,14100,4500
CS,256,13,0.05,clustered,3,20260904,30,True,6,556,9,9,192100,527500,51400,25700,4600,900
CS,256,13,0.05,clustered,4,20260904,30,True,6,556,9,9,200300,531600,51800,25800,4600,900
SD,256,13,0.05,clustered,4,20260904,30,True,2,261,37,37,95200,105023100,55700,26100,14000,4500
SD,256,13,0.05,clustered,5,20260904,30,True,2,261,37,37,94800,113653400,57300,26000,14100,4600
CS,256,13,0.05,clustered,5,20260904,30,True,6,556,9,9,191900,528800,52300,47000,4600,900
CS,256,13,0.05,clustered,6,20260904,30,True,6,556,9,9,190500,545200,51900,25700,4600,900
SD,256,13,0.05,clustered,6,20260904,30,True,2,261,37,37,94100,104295000,55200,25900,14800,4700
SD,256,13,0.05,clustered,7,20260904,30,True,2,261,37,37,93700,104313300,57700,26100,14100,4600
CS,256,13,0.05,clustered,7,20260904,30,True,6,556,9,9,190900,534500,54100,25700,4600,900
CS,256,13,0.05,clustered,8,20260904,30,True,6,556,9,9,190000,531300,52100,25700,8500,1500
SD,256,13,0.05,clustered,8,20260904,30,True,2,261,37,37,94200,104708900,60300,26100,14200,7300
SD,256,13,0.05,clustered,9,20260904,30,True,2,261,37,37,94000,104919500,55500,25800,15500,4700
CS,256,13,0.05,clustered,9,20260904,30,True,6,556,9,9,189600,534900,51300,25700,4600,900
CS,256,26,0.10,random,0,20260904,30,True,65,5793,9,9,188900,526800,199800,269400,5900,3900
SD,256,26,0.10,random,0,20260904,30,True,28,3331,37,37,94300,104566200,240800,318600,28700,47600
SD,256,26,0.10,random,1,20260905,30,True,30,3572,37,37,94900,105636700,256200,355000,20400,50700
CS,256,26,0.10,random,1,20260905,30,True,74,6594,9,9,190400,531100,220400,305900,7100,4500
CS,256,26,0.10,random,2,20260906,30,True,69,6151,9,9,189300,530000,206900,283800,6100,4100
SD,256,26,0.10,random,2,20260906,30,True,29,3453,37,37,94100,104387800,472900,672500,26100,60400
SD,256,26,0.10,random,3,20260907,30,True,28,3333,37,37,94400,107368300,240900,337800,16700,48700
CS,256,26,0.10,random,3,20260907,30,True,66,5884,9,9,189700,525500,203000,270500,4600,4100
CS,256,26,0.10,random,4,20260908,30,True,73,6503,9,9,191200,525700,215800,300000,6300,6600
SD,256,26,0.10,random,4,20260908,30,True,28,3334,37,37,94000,105865400,268100,352000,9700,47400
SD,256,26,0.10,random,5,20260909,30,True,28,3335,37,37,94200,104649600,253600,339900,43800,47600
CS,256,26,0.10,random,5,20260909,30,True,72,6415,9,9,191200,538400,212400,297100,7200,4400
CS,256,26,0.10,random,6,20260910,30,True,71,6328,9,9,197100,540700,212800,300800,6100,4300
SD,256,26,0.10,random,6,20260910,30,True,27,3214,37,37,94800,105101200,254000,326500,11400,45100
SD,256,26,0.10,random,7,20260911,30,True,29,3449,37,37,94200,104718800,258500,346800,11500,47800
CS,256,26,0.10,random,7,20260911,30,True,75,6682,9,9,189800,594200,237200,312700,6100,4600
CS,256,26,0.10,random,8,20260912,30,True,64,5707,9,9,193200,537700,327000,263500,10800,3900
SD,256,26,0.10,random,8,20260912,30,True,31,3693,37,37,94500,104450800,236900,342500,49400,52500
SD,256,26,0.10,random,9,20260913,30,True,30,3571,37,37,96700,104287200,242700,336300,14400,51400
CS,256,26,0.10,random,9,20260913,30,True,67,5973,9,9,188700,521000,231200,282000,4800,4100
CS,256,26,0.10,random,10,20260914,30,True,59,5261,9,9,188500,536400,186000,242100,6900,3600
SD,256,26,0.10,random,10,20260914,30,True,24,2861,37,37,94100,106656800,394400,280500,21300,41300
SD,256,26,0.10,random,11,20260915,30,True,28,3331,37,37,94600,105728300,249000,335700,32800,47700
CS,256,26,0.10,random,11,20260915,30,True,71,6329,9,9,189500,525500,208700,289800,5900,4200
CS,256,26,0.10,random,12,20260916,30,True,66,5883,9,9,190200,524400,200200,271200,4600,4100
SD,256,26,0.10,random,12,20260916,30,True,27,3218,37,37,94300,104798000,248900,319300,6700,46500
SD,256,26,0.10,random,13,20260917,30,True,27,3218,37,37,94800,104395100,235500,312800,7800,46300
CS,256,26,0.10,random,13,20260917,30,True,65,5793,9,9,189100,529700,200100,265100,6900,3900
CS,256,26,0.10,random,14,20260918,30,True,67,5974,9,9,189900,524800,203600,274000,4700,4200
SD,256,26,0.10,random,14,20260918,30,True,27,3215,37,37,94500,105653200,241800,325000,19200,45600
SD,256,26,0.10,random,15,20260919,30,True,31,3686,37,37,95100,104636000,263500,368000,22900,50900
CS,256,26,0.10,random,15,20260919,30,True,74,6596,9,9,192400,539200,214800,303700,5200,4600
CS,256,26,0.10,random,16,20260920,30,True,74,6592,9,9,189700,527000,214200,306200,9300,5900
SD,256,26,0.10,random,16,20260920,30,True,28,3334,37,37,93900,105372200,261300,342800,16700,47500
SD,256,26,0.10,random,17,20260921,30,True,32,3806,37,37,93700,105024700,239800,346000,30000,56200
CS,256,26,0.10,random,17,20260921,30,True,66,5882,9,9,190300,530900,202700,272200,5200,3900
CS,256,26,0.10,random,18,20260922,30,True,60,5353,9,9,189300,528800,195600,245500,6600,3800
SD,256,26,0.10,random,18,20260922,30,True,27,3215,37,37,94700,111455700,229300,365500,32800,89200
SD,256,26,0.10,random,19,20260923,30,True,27,3217,37,37,95900,107481600,239600,311100,31600,47300
CS,256,26,0.10,random,19,20260923,30,True,65,5791,9,9,191300,535200,201100,268000,5300,4000
CS,256,26,0.10,contiguous,0,20260904,30,True,5,466,9,9,190100,528600,91900,21800,4800,800
SD,256,26,0.10,contiguous,0,20260904,30,True,2,260,37,37,93800,105813500,101100,23100,9300,4300
SD,256,26,0.10,contiguous,1,20260904,30,True,2,260,37,37,94000,106687700,98700,23200,9300,4500
CS,256,26,0.10,contiguous,1,20260904,30,True,5,466,9,9,196800,536800,91600,21600,4900,800
CS,256,26,0.10,contiguous,2,20260904,30,True,5,466,9,9,194000,529800,92700,21500,4800,800
SD,256,26,0.10,contiguous,2,20260904,30,True,2,260,37,37,94400,104762600,95800,23200,9200,4500
SD,256,26,0.10,contiguous,3,20260904,30,True,2,260,37,37,94900,105438100,95100,23300,16500,8200
CS,256,26,0.10,contiguous,3,20260904,30,True,5,466,9,9,192400,527000,91400,21700,4800,800
CS,256,26,0.10,contiguous,4,20260904,30,True,5,466,9,9,346800,543500,92600,21600,4800,800
SD,256,26,0.10,contiguous,4,20260904,30,True,2,260,37,37,94300,104685900,96200,23300,9400,4500
SD,256,26,0.10,contiguous,5,20260904,30,True,2,260,37,37,94800,105299200,185300,50800,17800,8100
CS,256,26,0.10,contiguous,5,20260904,30,True,5,466,9,9,342100,556000,92100,21600,4900,800
CS,256,26,0.10,contiguous,6,20260904,30,True,5,466,9,9,188900,522200,92300,21600,4800,800
SD,256,26,0.10,contiguous,6,20260904,30,True,2,260,37,37,94500,106186900,101800,23200,9000,7400
SD,256,26,0.10,contiguous,7,20260904,30,True,2,260,37,37,94400,105284900,96500,23200,9200,4400
CS,256,26,0.10,contiguous,7,20260904,30,True,5,466,9,9,190200,522200,91700,21700,8900,1400
CS,256,26,0.10,contiguous,8,20260904,30,True,5,466,9,9,189900,528100,92500,21600,4800,800
SD,256,26,0.10,contiguous,8,20260904,30,True,2,260,37,37,94200,104745300,97000,23300,9400,4400
SD,256,26,0.10,contiguous,9,20260904,30,True,2,260,37,37,94700,105750900,96400,23400,9000,4500
CS,256,26,0.10,contiguous,9,20260904,30,True,5,466,9,9,189500,524800,91500,21600,4800,800
CS,256,26,0.10,uniform,0,20260904,30,True,84,7483,9,9,193300,530700,232700,343500,7700,5000
SD,256,26,0.10,uniform,0,20260904,30,True,26,3095,37,37,94300,104793400,275300,359000,16900,43700
SD,256,26,0.10,uniform,1,20260904,30,True,26,3095,37,37,99900,104298000,274600,349200,17100,43800
CS,256,26,0.10,uniform,1,20260904,30,True,84,7483,9,9,189900,518300,229500,346200,7700,5000
CS,256,26,0.10,uniform,2,20260904,30,True,84,7483,9,9,192700,528300,230600,343700,7700,4900
SD,256,26,0.10,uniform,2,20260904,30,True,26,3095,37,37,93700,104893600,280600,351800,17000,44200
SD,256,26,0.10,uniform,3,20260904,30,True,26,3095,37,37,94100,106352000,275500,351500,17000,44000
CS,256,26,0.10,uniform,3,20260904,30,True,84,7483,9,9,192900,561100,241500,352000,7700,5000
CS,256,26,0.10,uniform,4,20260904,30,True,84,7483,9,9,200400,618100,258500,616500,9100,4900
SD,256,26,0.10,uniform,4,20260904,30,True,26,3095,37,37,94100,104575600,281100,357400,16800,43700
SD,256,26,0.10,uniform,5,20260904,30,True,26,3095,37,37,116400,105232200,275300,353400,16900,43900
CS,256,26,0.10,uniform,5,20260904,30,True,84,7483,9,9,190600,539200,233800,345700,7700,4900
CS,256,26,0.10,uniform,6,20260904,30,True,84,7483,9,9,191000,533900,234900,343800,7700,5000
SD,256,26,0.10,uniform,6,20260904,30,True,26,3095,37,37,95800,104405200,275400,348200,17100,43200
SD,256,26,0.10,uniform,7,20260904,30,True,26,3095,37,37,94000,106513700,275800,353500,17000,42900
CS,256,26,0.10,uniform,7,20260904,30,True,84,7483,9,9,191100,526900,231400,343200,7800,4900
CS,256,26,0.10,uniform,8,20260904,30,True,84,7483,9,9,190000,524500,233300,347400,7700,4900
SD,256,26,0.10,uniform,8,20260904,30,True,26,3095,37,37,94600,106227500,278400,359400,17200,44100
SD,256,26,0.10,uniform,9,20260904,30,True,26,3095,37,37,95100,104484700,281500,351700,35800,42400
CS,256,26,0.10,uniform,9,20260904,30,True,84,7483,9,9,190500,921900,418000,633800,13400,8500
CS,256,26,0.10,clustered,0,20260904,30,True,5,468,9,9,338000,537200,89900,21600,4600,800
SD,256,26,0.10,clustered,0,20260904,30,True,2,261,37,37,94200,103785800,160500,49400,25300,8400
SD,256,26,0.10,clustered,1,20260904,30,True,2,261,37,37,175200,104938500,93400,23500,12000,4400
CS,256,26,0.10,clustered,1,20260904,30,True,5,468,9,9,191900,529800,89100,21500,4700,800
CS,256,26,0.10,clustered,2,20260904,30,True,5,468,9,9,190000,526600,95100,21500,4600,800
SD,256,26,0.10,clustered,2,20260904,30,True,2,261,37,37,95200,105440500,94900,23500,12000,4500
SD,256,26,0.10,clustered,3,20260904,30,True,2,261,37,37,95000,104492800,93700,23600,11900,4500
CS,256,26,0.10,clustered,3,20260904,30,True,5,468,9,9,188400,521100,90700,21700,4600,800
CS,256,26,0.10,clustered,4,20260904,30,True,5,468,9,9,190000,514600,89000,21700,4600,800
SD,256,26,0.10,clustered,4,20260904,30,True,2,261,37,37,94300,105247300,95400,25600,11800,4600
SD,256,26,0.10,clustered,5,20260904,30,True,2,261,37,37,93700,105362100,93500,23600,11900,4400
CS,256,26,0.10,clustered,5,20260904,30,True,5,468,9,9,190400,526700,88800,21900,4600,800
CS,256,26,0.10,clustered,6,20260904,30,True,5,468,9,9,189900,522900,90200,21700,4600,800
SD,256,26,0.10,clustered,6,20260904,30,True,2,261,37,37,93600,105116500,93800,23700,11900,4600
SD,256,26,0.10,clustered,7,20260904,30,True,2,261,37,37,94300,104686400,96000,23500,11900,4400
CS,256,26,0.10,clustered,7,20260904,30,True,5,468,9,9,189600,527200,89900,21500,4600,800
CS,256,26,0.10,clustered,8,20260904,30,True,5,468,9,9,191000,526300,89500,23400,8800,800
SD,256,26,0.10,clustered,8,20260904,30,True,2,261,37,37,93500,104383400,95200,23700,11800,4600
SD,256,26,0.10,clustered,9,20260904,30,True,2,261,37,37,94700,106367100,94200,23400,11800,4600
CS,256,26,0.10,clustered,9,20260904,30,True,5,468,9,9,191400,528200,89200,21400,4600,800
CS,256,64,0.25,random,0,20260904,30,True,98,8739,9,9,190200,521400,373900,401400,5500,5800
SD,256,64,0.25,random,0,20260904,30,True,54,6420,37,37,93900,104276700,430000,557300,31300,86700
SD,256,64,0.25,random,1,20260905,30,True,59,7016,37,37,94000,103933900,431200,579900,30100,96200
CS,256,64,0.25,random,1,20260905,30,True,98,8739,9,9,190100,522200,372600,401500,7100,9400
CS,256,64,0.25,random,2,20260906,30,True,102,9097,9,9,188700,522400,379900,417100,7300,6400
SD,256,64,0.25,random,2,20260906,30,True,62,7368,37,37,93600,105046100,440800,611800,75800,100600
SD,256,64,0.25,random,3,20260907,30,True,63,7491,37,37,95900,106539900,430000,609100,66500,101700
CS,256,64,0.25,random,3,20260907,30,True,96,8563,9,9,190400,523900,369300,395500,6800,5800
CS,256,64,0.25,random,4,20260908,30,True,99,8829,9,9,191200,530400,380100,413200,5400,5800
SD,256,64,0.25,random,4,20260908,30,True,56,6661,37,37,95600,118324100,786000,1056300,64100,167700
SD,256,64,0.25,random,5,20260909,30,True,58,6904,37,37,167000,121517300,440600,633200,63200,95400
CS,256,64,0.25,random,5,20260909,30,True,99,8827,9,9,221900,546100,386200,424600,12300,5700
CS,256,64,0.25,random,6,20260910,30,True,102,9098,9,9,191100,526900,394300,420600,8100,8900
SD,256,64,0.25,random,6,20260910,30,True,56,6661,37,37,94500,117817200,463600,580700,8400,93400
SD,256,64,0.25,random,7,20260911,30,True,57,6782,37,37,94700,114498900,428700,687500,36600,92400
CS,256,64,0.25,random,7,20260911,30,True,94,8382,9,9,190900,550800,694100,516800,6900,7000
CS,256,64,0.25,random,8,20260912,30,True,95,8472,9,9,203400,537000,378800,398500,4900,5500
SD,256,64,0.25,random,8,20260912,30,True,61,7252,37,37,99000,120335500,503600,737100,40700,197400
SD,256,64,0.25,random,9,20260913,30,True,57,6777,37,37,162100,121117600,599900,1080800,13200,93800
CS,256,64,0.25,random,9,20260913,30,True,96,8562,9,9,351000,690500,678100,725500,4800,6500
CS,256,64,0.25,random,10,20260914,30,True,98,8739,9,9,199000,934500,379100,499700,12200,9500
SD,256,64,0.25,random,10,20260914,30,True,59,7010,37,37,94500,125000100,587400,789400,21000,144700
SD,256,64,0.25,random,11,20260915,30,True,52,6182,37,37,144100,137199000,423800,613000,31600,89600
CS,256,64,0.25,random,11,20260915,30,True,86,7670,9,9,189700,541200,361700,363900,5600,5200
CS,256,64,0.25,random,12,20260916,30,True,103,9186,9,9,195400,604000,395500,461900,4600,5900
SD,256,64,0.25,random,12,20260916,30,True,59,7014,37,37,94600,112924900,795300,614900,10600,98700
SD,256,64,0.25,random,13,20260917,30,True,62,7372,37,37,93700,113894100,436400,610400,31200,104200
CS,256,64,0.25,random,13,20260917,30,True,100,8917,9,9,190900,562500,384600,430800,10000,9100
CS,256,64,0.25,random,14,20260918,30,True,99,8831,9,9,196400,625300,378400,417300,4600,5800
SD,256,64,0.25,random,14,20260918,30,True,55,6541,37,37,94500,121403300,431000,611800,6500,91800
SD,256,64,0.25,random,15,20260919,30,True,56,6660,37,37,94600,114706400,425100,561900,67600,89800
CS,256,64,0.25,random,15,20260919,30,True,97,8653,9,9,190200,542200,376000,398300,7300,5700
CS,256,64,0.25,random,16,20260920,30,True,104,9277,9,9,190000,535100,383100,432800,4800,5900
SD,256,64,0.25,random,16,20260920,30,True,58,6894,37,37,93900,111961700,444800,597400,11200,97900
SD,256,64,0.25,random,17,20260921,30,True,61,7255,37,37,94200,105006000,434900,600200,16900,99900
CS,256,64,0.25,random,17,20260921,30,True,98,8738,9,9,192400,528900,377600,408100,4800,5800
CS,256,64,0.25,random,18,20260922,30,True,101,9006,9,9,191500,541200,390700,421500,7300,5900
SD,256,64,0.25,random,18,20260922,30,True,60,7134,37,37,94500,105235200,437700,590700,31500,99000
SD,256,64,0.25,random,19,20260923,30,True,56,6659,37,37,93900,108402600,452700,590200,32700,91700
CS,256,64,0.25,random,19,20260923,30,True,97,8649,9,9,189700,563600,395300,408700,7300,5700
CS,256,64,0.25,contiguous,0,20260904,30,True,2,202,9,9,208200,604600,224400,9300,4700,700
SD,256,64,0.25,contiguous,0,20260904,30,True,1,142,37,37,95900,116628100,204400,11100,7700,2600
SD,256,64,0.25,contiguous,1,20260904,30,True,1,142,37,37,96200,108816100,204600,10800,7600,2600
CS,256,64,0.25,contiguous,1,20260904,30,True,2,202,9,9,190200,528100,214100,9500,4700,700
CS,256,64,0.25,contiguous,2,20260904,30,True,2,202,9,9,190300,541100,201600,9300,4700,700
SD,256,64,0.25,contiguous,2,20260904,30,True,1,142,37,37,105100,110258700,205000,10800,14100,4700
SD,256,64,0.25,contiguous,3,20260904,30,True,1,142,37,37,95200,108335700,208100,10900,7500,2600
CS,256,64,0.25,contiguous,3,20260904,30,True,2,202,9,9,190300,533600,200600,9400,4700,700
CS,256,64,0.25,contiguous,4,20260904,30,True,2,202,9,9,191100,538500,199800,9300,4700,700
SD,256,64,0.25,contiguous,4,20260904,30,True,1,142,37,37,95300,108395100,207400,10800,7600,3600
SD,256,64,0.25,contiguous,5,20260904,30,True,1,142,37,37,95400,109157500,207600,10800,7600,2600
CS,256,64,0.25,contiguous,5,20260904,30,True,2,202,9,9,190000,544100,200700,9400,4700,700
CS,256,64,0.25,contiguous,6,20260904,30,True,2,202,9,9,191100,538000,198400,9300,4600,700
SD,256,64,0.25,contiguous,6,20260904,30,True,1,142,37,37,94500,108592700,205600,11000,7600,2700
SD,256,64,0.25,contiguous,7,20260904,30,True,1,142,37,37,95500,109558400,207200,10900,7500,2700
CS,256,64,0.25,contiguous,7,20260904,30,True,2,202,9,9,189800,535700,203000,9400,9700,700
CS,256,64,0.25,contiguous,8,20260904,30,True,2,202,9,9,189300,547300,204000,13800,7000,700
SD,256,64,0.25,contiguous,8,20260904,30,True,1,142,37,37,94800,108371100,204700,11000,13800,4500
SD,256,64,0.25,contiguous,9,20260904,30,True,1,142,37,37,94500,108802900,208200,11100,8000,2800
CS,256,64,0.25,contiguous,9,20260904,30,True,2,202,9,9,190600,533000,200300,9300,4700,700
CS,256,64,0.25,uniform,0,20260904,30,True,128,11420,9,9,190500,535200,479400,558100,8100,7400
SD,256,64,0.25,uniform,0,20260904,30,True,64,7607,37,37,94200,108381600,501400,681500,6500,103300
SD,256,64,0.25,uniform,1,20260904,30,True,64,7607,37,37,94900,109475200,499300,708500,6500,105800
CS,256,64,0.25,uniform,1,20260904,30,True,128,11420,9,9,191400,532600,428200,533900,8100,7500
CS,256,64,0.25,uniform,2,20260904,30,True,128,11420,9,9,190700,525100,432600,525300,13800,12600
SD,256,64,0.25,uniform,2,20260904,30,True,64,7607,37,37,93700,109054200,495500,697200,6500,107500
SD,256,64,0.25,uniform,3,20260904,30,True,64,7607,37,37,94300,106814200,497000,693400,6500,105700
CS,256,64,0.25,uniform,3,20260904,30,True,128,11420,9,9,190300,524400,432900,541100,8100,7500
CS,256,64,0.25,uniform,4,20260904,30,True,128,11420,9,9,189300,523000,437500,529100,15600,11900
SD,256,64,0.25,uniform,4,20260904,30,True,64,7607,37,37,94600,112303000,494100,675300,6600,102800
SD,256,64,0.25,uniform,5,20260904,30,True,64,7607,37,37,94200,121564200,493300,683000,7700,102800
CS,256,64,0.25,uniform,5,20260904,30,True,128,11420,9,9,191900,519800,428200,539500,11500,7500
CS,256,64,0.25,uniform,6,20260904,30,True,128,11420,9,9,190100,524000,425400,528800,8100,7300
SD,256,64,0.25,uniform,6,20260904,30,True,64,7607,37,37,94100,107303300,494400,678700,6600,102900
SD,256,64,0.25,uniform,7,20260904,30,True,64,7607,37,37,94200,107582400,491700,678500,6500,102500
CS,256,64,0.25,uniform,7,20260904,30,True,128,11420,9,9,189500,524200,436000,534100,8100,7400
CS,256,64,0.25,uniform,8,20260904,30,True,128,11420,9,9,188900,533800,430000,527500,8100,7500
SD,256,64,0.25,uniform,8,20260904,30,True,64,7607,37,37,94700,107701700,502100,681500,6600,106900
SD,256,64,0.25,uniform,9,20260904,30,True,64,7607,37,37,96100,106383900,497400,684300,12600,203600
CS,256,64,0.25,uniform,9,20260904,30,True,128,11420,9,9,369900,1030000,892500,577500,14700,7400
CS,256,64,0.25,clustered,0,20260904,30,True,2,202,9,9,190600,527500,198000,9400,4600,700
SD,256,64,0.25,clustered,0,20260904,30,True,1,142,37,37,95100,107262700,206400,14300,19700,2700
SD,256,64,0.25,clustered,1,20260904,30,True,1,142,37,37,94400,112723100,202300,11300,10100,4800
CS,256,64,0.25,clustered,1,20260904,30,True,2,202,9,9,189700,539600,198700,9300,4700,700
CS,256,64,0.25,clustered,2,20260904,30,True,2,202,9,9,190200,527600,197500,9300,6800,1000
SD,256,64,0.25,clustered,2,20260904,30,True,1,142,37,37,94400,108440600,202200,11100,9700,2700
SD,256,64,0.25,clustered,3,20260904,30,True,1,142,37,37,94800,107361200,199300,16900,10300,2700
CS,256,64,0.25,clustered,3,20260904,30,True,2,202,9,9,189800,524800,195300,9500,4600,700
CS,256,64,0.25,clustered,4,20260904,30,True,2,202,9,9,188700,525700,196300,9400,4600,700
SD,256,64,0.25,clustered,4,20260904,30,True,1,142,37,37,94300,107647800,207200,11000,9600,2700
SD,256,64,0.25,clustered,5,20260904,30,True,1,142,37,37,95200,107651200,202600,11000,12100,3300
CS,256,64,0.25,clustered,5,20260904,30,True,2,202,9,9,189100,559600,198600,9400,4600,700
CS,256,64,0.25,clustered,6,20260904,30,True,2,202,9,9,207400,523300,196400,9900,4700,700
SD,256,64,0.25,clustered,6,20260904,30,True,1,142,37,37,93800,106478600,201900,11000,9900,2700
SD,256,64,0.25,clustered,7,20260904,30,True,1,142,37,37,94900,106980500,205400,11000,9700,2600
CS,256,64,0.25,clustered,7,20260904,30,True,2,202,9,9,189200,524600,196700,9600,8500,1200
CS,256,64,0.25,clustered,8,20260904,30,True,2,202,9,9,194300,521800,208600,9400,4600,700
SD,256,64,0.25,clustered,8,20260904,30,True,1,142,37,37,93700,108564800,212800,11200,9700,2700
SD,256,64,0.25,clustered,9,20260904,30,True,1,142,37,37,138600,108181900,203100,11100,9800,2700
CS,256,64,0.25,clustered,9,20260904,30,True,2,202,9,9,188600,527700,196400,9500,4600,700
CS,256,128,0.50,random,0,20260904,30,True,89,7948,9,9,189500,532000,562100,368700,4800,5300
SD,256,128,0.50,random,0,20260904,30,True,69,8217,37,37,94600,107424300,619000,635400,11500,120700
SD,256,128,0.50,random,1,20260905,30,True,74,8817,37,37,94300,121646600,779100,681400,13300,120800
CS,256,128,0.50,random,1,20260905,30,True,89,7947,9,9,197800,559700,663500,364100,6300,5100
CS,256,128,0.50,random,2,20260906,30,True,92,8213,9,9,190500,523200,564800,381900,6100,9400
SD,256,128,0.50,random,2,20260906,30,True,77,9173,37,37,94200,107261600,647600,690400,46100,128400
SD,256,128,0.50,random,3,20260907,30,True,69,8219,37,37,93900,107965000,619100,625400,54800,117700
CS,256,128,0.50,random,3,20260907,30,True,88,7858,9,9,189500,535900,557100,363300,12000,9200
CS,256,128,0.50,random,4,20260908,30,True,100,8926,9,9,189700,563300,1190800,508300,5900,6000
SD,256,128,0.50,random,4,20260908,30,True,85,10127,37,37,94300,107690800,654500,956400,46500,271300
SD,256,128,0.50,random,5,20260909,30,True,71,8460,37,37,184600,106277200,612400,649400,8300,114400
CS,256,128,0.50,random,5,20260909,30,True,86,7677,9,9,191400,527100,1086400,724200,4700,5100
CS,256,128,0.50,random,6,20260910,30,True,95,8480,9,9,370400,531100,576400,389800,8500,5600
SD,256,128,0.50,random,6,20260910,30,True,80,9535,37,37,94600,111886200,644100,732300,11500,130200
SD,256,128,0.50,random,7,20260911,30,True,70,8335,37,37,94200,107942600,630100,628300,15900,112100
CS,256,128,0.50,random,7,20260911,30,True,87,7768,9,9,189100,527100,567100,359400,4800,5300
CS,256,128,0.50,random,8,20260912,30,True,91,8123,9,9,190300,520500,570500,373400,4600,5400
SD,256,128,0.50,random,8,20260912,30,True,73,8697,37,37,93700,107738500,684500,658100,11300,120800
SD,256,128,0.50,random,9,20260913,30,True,72,8575,37,37,94300,109157300,632600,647500,11600,116600
CS,256,128,0.50,random,9,20260913,30,True,91,8127,9,9,189500,523800,567700,380200,4800,5400
CS,256,128,0.50,random,10,20260914,30,True,92,8214,9,9,193800,534900,568100,380100,6200,5400
SD,256,128,0.50,random,10,20260914,30,True,71,8455,37,37,94600,107294500,630800,659600,53000,113600
SD,256,128,0.50,random,11,20260915,30,True,76,9054,37,37,94400,107314200,644400,686400,49000,124600
CS,256,128,0.50,random,11,20260915,30,True,93,8302,9,9,190800,539900,567500,388600,6100,5500
CS,256,128,0.50,random,12,20260916,30,True,99,8838,9,9,190000,523500,576600,407200,4700,5600
SD,256,128,0.50,random,12,20260916,30,True,80,9531,37,37,94900,107746200,654300,711800,10800,134000
SD,256,128,0.50,random,13,20260917,30,True,74,8819,37,37,94100,111009900,648600,678500,49800,125400
CS,256,128,0.50,random,13,20260917,30,True,96,8571,9,9,190700,535300,568700,401900,6100,5600
CS,256,128,0.50,random,14,20260918,30,True,92,8214,9,9,190700,537100,556900,381800,6300,5300
SD,256,128,0.50,random,14,20260918,30,True,74,8817,37,37,105000,106620900,621900,662500,50500,120100
SD,256,128,0.50,random,15,20260919,30,True,80,9527,37,37,95200,108300100,635200,708400,52300,143000
CS,256,128,0.50,random,15,20260919,30,True,96,8571,9,9,189100,529900,571300,394400,6100,5700
CS,256,128,0.50,random,16,20260920,30,True,94,8392,9,9,191200,527700,567300,391000,4700,5600
SD,256,128,0.50,random,16,20260920,30,True,74,8818,37,37,93800,108055800,627200,667300,11500,119700
SD,256,128,0.50,random,17,20260921,30,True,82,9768,37,37,93800,118781300,636600,713600,41400,138400
CS,256,128,0.50,random,17,20260921,30,True,96,8568,9,9,191000,521900,571500,397700,5900,5600
CS,256,128,0.50,random,18,20260922,30,True,91,8125,9,9,188900,526300,579500,381900,6200,5400
SD,256,128,0.50,random,18,20260922,30,True,72,8579,37,37,95300,107111500,625600,667500,54800,115500
SD,256,128,0.50,random,19,20260923,30,True,80,9528,37,37,94600,108436000,645200,706600,45700,130400
CS,256,128,0.50,random,19,20260923,30,True,97,8659,9,9,190500,538100,568000,398400,5900,5700
CS,256,128,0.50,contiguous,0,20260904,30,True,1,115,9,9,189800,526300,390800,5600,4600,600
SD,256,128,0.50,contiguous,0,20260904,30,True,1,142,37,37,117300,109798100,397300,8600,7400,2600
SD,256,128,0.50,contiguous,1,20260904,30,True,1,142,37,37,94700,106837900,398800,8700,7800,2900
CS,256,128,0.50,contiguous,1,20260904,30,True,1,115,9,9,193500,529000,688100,13800,8300,1000
CS,256,128,0.50,contiguous,2,20260904,30,True,1,115,9,9,337500,1281700,698900,5300,4600,600
SD,256,128,0.50,contiguous,2,20260904,30,True,1,142,37,37,95000,107356900,402800,8700,7300,2600
SD,256,128,0.50,contiguous,3,20260904,30,True,1,142,37,37,96700,108396100,796700,8900,7400,2500
CS,256,128,0.50,contiguous,3,20260904,30,True,1,115,9,9,190500,530000,394700,5300,4600,600
CS,256,128,0.50,contiguous,4,20260904,30,True,1,115,9,9,189400,527000,388800,5300,4600,600
SD,256,128,0.50,contiguous,4,20260904,30,True,1,142,37,37,94600,108515200,406500,8700,7400,4600
SD,256,128,0.50,contiguous,5,20260904,30,True,1,142,37,37,93800,106060200,397700,16900,10900,2500
CS,256,128,0.50,contiguous,5,20260904,30,True,1,115,9,9,190400,522600,395600,5200,4600,600
CS,256,128,0.50,contiguous,6,20260904,30,True,1,115,9,9,189000,537700,392900,5200,4600,600
SD,256,128,0.50,contiguous,6,20260904,30,True,1,142,37,37,95300,107684600,399400,8700,7300,2600
SD,256,128,0.50,contiguous,7,20260904,30,True,1,142,37,37,94700,107242700,445300,8700,7400,2600
CS,256,128,0.50,contiguous,7,20260904,30,True,1,115,9,9,189400,604800,667200,10100,9600,1100
CS,256,128,0.50,contiguous,8,20260904,30,True,1,115,9,9,189600,889600,406500,10400,9600,1200
SD,256,128,0.50,contiguous,8,20260904,30,True,1,142,37,37,109500,107383900,399900,8700,7400,2600
SD,256,128,0.50,contiguous,9,20260904,30,True,1,142,37,37,94700,109796600,399400,8700,7300,2600
CS,256,128,0.50,contiguous,9,20260904,30,True,1,115,9,9,189100,522700,395300,5200,4700,600
CS,256,128,0.50,uniform,0,20260904,30,True,128,11420,9,9,189100,528400,637200,531600,4600,7500
SD,256,128,0.50,uniform,0,20260904,30,True,128,15259,37,37,94400,106995500,712900,1076000,6300,206700
SD,256,128,0.50,uniform,1,20260904,30,True,128,15259,37,37,94600,107956100,702500,1084100,6500,203800
CS,256,128,0.50,uniform,1,20260904,30,True,128,11420,9,9,189000,531000,646800,542400,4700,7500
CS,256,128,0.50,uniform,2,20260904,30,True,128,11420,9,9,189800,526400,640000,531500,4600,7500
SD,256,128,0.50,uniform,2,20260904,30,True,128,15259,37,37,96000,109361900,711600,1078400,10800,219500
SD,256,128,0.50,uniform,3,20260904,30,True,128,15259,37,37,94500,112343500,703800,1056400,6300,204600
CS,256,128,0.50,uniform,3,20260904,30,True,128,11420,9,9,189500,529100,635700,529500,4600,7300
CS,256,128,0.50,uniform,4,20260904,30,True,128,11420,9,9,190800,538800,641400,525700,4700,7700
SD,256,128,0.50,uniform,4,20260904,30,True,128,15259,37,37,94800,107414000,742500,1084700,6200,205800
SD,256,128,0.50,uniform,5,20260904,30,True,128,15259,37,37,94100,112123200,707500,1075500,6400,204500
CS,256,128,0.50,uniform,5,20260904,30,True,128,11420,9,9,191400,529600,627300,530300,4700,7400
CS,256,128,0.50,uniform,6,20260904,30,True,128,11420,9,9,189800,544900,685500,529500,4600,7500
SD,256,128,0.50,uniform,6,20260904,30,True,128,15259,37,37,94300,106894700,701100,1080500,6300,209500
SD,256,128,0.50,uniform,7,20260904,30,True,128,15259,37,37,94200,107094200,714000,1071300,6300,204000
CS,256,128,0.50,uniform,7,20260904,30,True,128,11420,9,9,189700,531700,624600,531600,4700,8200
CS,256,128,0.50,uniform,8,20260904,30,True,128,11420,9,9,197800,529700,630900,534400,4600,7500
SD,256,128,0.50,uniform,8,20260904,30,True,128,15259,37,37,95300,106813200,702900,1082600,6300,205000
SD,256,128,0.50,uniform,9,20260904,30,True,128,15259,37,37,93400,108781100,715800,1093000,6300,205800
CS,256,128,0.50,uniform,9,20260904,30,True,128,11420,9,9,195800,527400,630200,536800,4700,7500
CS,256,128,0.50,clustered,0,20260904,30,True,1,115,9,9,191500,530200,391300,9400,8500,600
SD,256,128,0.50,clustered,0,20260904,30,True,1,142,37,37,94700,107522000,408000,8800,7400,2600
SD,256,128,0.50,clustered,1,20260904,30,True,1,142,37,37,94700,107454600,395500,8900,7400,2600
CS,256,128,0.50,clustered,1,20260904,30,True,1,115,9,9,200500,526200,403200,5200,4600,600
CS,256,128,0.50,clustered,2,20260904,30,True,1,115,9,9,189600,532100,389200,5200,4600,600
SD,256,128,0.50,clustered,2,20260904,30,True,1,142,37,37,94000,110749800,396800,18200,14500,4800
SD,256,128,0.50,clustered,3,20260904,30,True,1,142,37,37,94800,107593000,391400,8900,13100,4700
CS,256,128,0.50,clustered,3,20260904,30,True,1,115,9,9,190300,551200,391500,5200,4700,600
CS,256,128,0.50,clustered,4,20260904,30,True,1,115,9,9,190000,546000,393000,5200,4600,600
SD,256,128,0.50,clustered,4,20260904,30,True,1,142,37,37,94900,107209500,394800,8800,7300,2800
SD,256,128,0.50,clustered,5,20260904,30,True,1,142,37,37,93700,107765200,395800,8800,7300,2600
CS,256,128,0.50,clustered,5,20260904,30,True,1,115,9,9,188900,530100,386900,7900,7000,600
CS,256,128,0.50,clustered,6,20260904,30,True,1,115,9,9,190300,531500,385500,5300,4600,600
SD,256,128,0.50,clustered,6,20260904,30,True,1,142,37,37,98400,107306200,399500,8800,7300,2700
SD,256,128,0.50,clustered,7,20260904,30,True,1,142,37,37,94200,106856700,403300,8800,7400,2600
CS,256,128,0.50,clustered,7,20260904,30,True,1,115,9,9,194300,529100,389100,5200,4700,600
CS,256,128,0.50,clustered,8,20260904,30,True,1,115,9,9,193300,536000,386000,5200,4600,600
SD,256,128,0.50,clustered,8,20260904,30,True,1,142,37,37,94100,110374100,475900,8800,7300,2600
SD,256,128,0.50,clustered,9,20260904,30,True,1,142,37,37,93900,121174700,414200,18100,14200,4900
CS,256,128,0.50,clustered,9,20260904,30,True,1,115,9,9,357300,564600,398700,5400,4600,600
CS,512,0,zero,random,0,20260904,10,True,1,115,10,10,392400,1196700,400,5600,4800,
SD,512,0,zero,random,0,20260904,10,True,1,145,46,46,209300,291719300,400,6500,4300,
SD,512,0,zero,random,1,20260905,10,True,1,145,46,46,189300,380285700,800,12000,7900,
CS,512,0,zero,random,1,20260905,10,True,1,115,10,10,587800,2132600,700,19700,8200,
CS,512,0,zero,random,2,20260906,10,True,1,115,10,10,449700,1986400,400,5400,4700,
SD,512,0,zero,random,2,20260906,10,True,1,145,46,46,331500,339286700,500,6700,4500,
SD,512,0,zero,random,3,20260907,10,True,1,145,46,46,201800,314830600,500,13200,4500,
CS,512,0,zero,random,3,20260907,10,True,1,115,10,10,462900,1591000,400,5400,4800,
CS,512,0,zero,random,4,20260908,10,True,1,115,10,10,396100,1225900,400,5500,4700,
SD,512,0,zero,random,4,20260908,10,True,1,145,46,46,208900,365041000,500,6500,4400,
SD,512,0,zero,random,5,20260909,10,True,1,145,46,46,200300,410557500,500,6900,8700,
CS,512,0,zero,random,5,20260909,10,True,1,115,10,10,710800,2198800,700,9900,8500,
CS,512,0,zero,random,6,20260910,10,True,1,115,10,10,701700,2224600,800,5700,7900,
SD,512,0,zero,random,6,20260910,10,True,1,145,46,46,339300,339379200,800,12000,8100,
SD,512,0,zero,random,7,20260911,10,True,1,145,46,46,332300,355311000,1000,7000,4500,
CS,512,0,zero,random,7,20260911,10,True,1,115,10,10,416400,1549100,400,5600,4700,
CS,512,0,zero,random,8,20260912,10,True,1,115,10,10,399500,1301800,400,5700,4700,
SD,512,0,zero,random,8,20260912,10,True,1,145,46,46,202400,371505400,500,7000,4500,
SD,512,0,zero,random,9,20260913,10,True,1,145,46,46,195100,430538800,1100,13800,8400,
CS,512,0,zero,random,9,20260913,10,True,1,115,10,10,494600,2127100,800,5600,4700,
CS,512,0,zero,random,10,20260914,10,True,1,115,10,10,600600,2014700,800,6200,5400,
SD,512,0,zero,random,10,20260914,10,True,1,145,46,46,277800,343851400,500,6800,4400,
SD,512,0,zero,random,11,20260915,10,True,1,145,46,46,240200,350322000,500,6600,4500,
CS,512,0,zero,random,11,20260915,10,True,1,115,10,10,519700,2028400,700,11000,9900,
CS,512,0,zero,random,12,20260916,10,True,1,115,10,10,676100,1702400,600,8200,13900,
SD,512,0,zero,random,12,20260916,10,True,1,145,46,46,189900,375593600,500,6700,4400,
SD,512,0,zero,random,13,20260917,10,True,1,145,46,46,191100,345854500,500,6700,4400,
CS,512,0,zero,random,13,20260917,10,True,1,115,10,10,429500,1429700,700,8300,4800,
CS,512,0,zero,random,14,20260918,10,True,1,115,10,10,524000,1468700,400,5500,4700,
SD,512,0,zero,random,14,20260918,10,True,1,145,46,46,198700,321238500,500,6700,4500,
SD,512,0,zero,random,15,20260919,10,True,1,145,46,46,190800,320574100,500,6700,4400,
CS,512,0,zero,random,15,20260919,10,True,1,115,10,10,401500,1148100,400,5500,4700,
CS,512,0,zero,random,16,20260920,10,True,1,115,10,10,396400,1399400,400,5600,4800,
SD,512,0,zero,random,16,20260920,10,True,1,145,46,46,197700,324831500,500,6600,9600,
SD,512,0,zero,random,17,20260921,10,True,1,145,46,46,247100,321731400,700,7100,4400,
CS,512,0,zero,random,17,20260921,10,True,1,115,10,10,508300,1229600,400,5600,5000,
CS,512,0,zero,random,18,20260922,10,True,1,115,10,10,393400,1355300,500,5700,4800,
SD,512,0,zero,random,18,20260922,10,True,1,145,46,46,190600,326780700,500,10100,6500,
SD,512,0,zero,random,19,20260923,10,True,1,145,46,46,266200,318524800,800,12200,8300,
CS,512,0,zero,random,19,20260923,10,True,1,115,10,10,393200,1682800,400,12100,8500,
CS,512,1,single,random,0,20260904,10,True,9,820,10,10,398000,1301400,20500,38300,4700,1100
SD,512,1,single,random,0,20260904,10,True,1,144,46,46,235100,317181000,27800,32400,24900,5000
SD,512,1,single,random,1,20260905,10,True,1,144,46,46,206200,321933300,25100,28900,27500,7300
CS,512,1,single,random,1,20260905,10,True,9,821,10,10,484500,1277800,20800,38700,4600,1000
CS,512,1,single,random,2,20260906,10,True,9,822,10,10,387500,1264700,20500,38500,4700,1000
SD,512,1,single,random,2,20260906,10,True,1,144,46,46,203200,319607300,25600,30200,31400,5000
SD,512,1,single,random,3,20260907,10,True,1,144,46,46,190200,322618600,43600,29400,26200,5100
CS,512,1,single,random,3,20260907,10,True,9,821,10,10,392000,1196800,31200,38800,4800,1100
CS,512,1,single,random,4,20260908,10,True,9,821,10,10,396200,1220500,19900,38100,4700,1000
SD,512,1,single,random,4,20260908,10,True,1,144,46,46,249200,336094100,45100,30200,26400,5200
SD,512,1,single,random,5,20260909,10,True,1,144,46,46,344100,326025300,25400,29100,70600,8100
CS,512,1,single,random,5,20260909,10,True,9,820,10,10,390000,1215200,20700,70800,8800,1700
CS,512,1,single,random,6,20260910,10,True,9,820,10,10,419300,1454200,21200,56700,7200,1500
SD,512,1,single,random,6,20260910,10,True,1,144,46,46,189900,354136100,24800,31200,45500,5100
SD,512,1,single,random,7,20260911,10,True,1,144,46,46,196700,325396800,24800,30400,28800,5100
CS,512,1,single,random,7,20260911,10,True,9,822,10,10,395000,1279600,20500,38200,4600,1000
CS,512,1,single,random,8,20260912,10,True,9,820,10,10,395600,1302500,20700,38300,4800,1100
SD,512,1,single,random,8,20260912,10,True,1,144,46,46,192900,322556400,43900,57300,24500,5000
SD,512,1,single,random,9,20260913,10,True,1,144,46,46,332700,328994600,25900,28600,23300,5100
CS,512,1,single,random,9,20260913,10,True,9,820,10,10,410400,1217000,21100,38500,4700,1100
CS,512,1,single,random,10,20260914,10,True,9,822,10,10,392500,1257500,20900,38800,4600,1100
SD,512,1,single,random,10,20260914,10,True,1,144,46,46,239100,320415700,44000,30400,28300,5100
SD,512,1,single,random,11,20260915,10,True,1,144,46,46,192900,330506500,24800,60300,24500,5000
CS,512,1,single,random,11,20260915,10,True,9,820,10,10,391200,1420900,20600,38300,4800,1000
CS,512,1,single,random,12,20260916,10,True,9,820,10,10,424300,1184300,21600,38400,5000,1100
SD,512,1,single,random,12,20260916,10,True,1,144,46,46,200100,319432300,25400,28800,21600,5100
SD,512,1,single,random,13,20260917,10,True,1,144,46,46,335300,322900500,24800,28900,25500,4900
CS,512,1,single,random,13,20260917,10,True,9,821,10,10,503600,2335100,36000,38500,4800,1000
CS,512,1,single,random,14,20260918,10,True,9,822,10,10,764200,2000200,22800,38300,4700,1000
SD,512,1,single,random,14,20260918,10,True,1,144,46,46,190000,318550100,25500,33300,29700,5100
SD,512,1,single,random,15,20260919,10,True,1,144,46,46,195200,321701900,25000,28700,31800,6300
CS,512,1,single,random,15,20260919,10,True,9,820,10,10,438400,1403800,20500,38700,8600,1800
CS,512,1,single,random,16,20260920,10,True,9,821,10,10,405100,1301500,21900,69500,4700,1100
SD,512,1,single,random,16,20260920,10,True,1,144,46,46,189900,318588500,25500,30500,28300,5100
SD,512,1,single,random,17,20260921,10,True,1,144,46,46,189400,328848200,26600,30200,27300,5300
CS,512,1,single,random,17,20260921,10,True,9,821,10,10,383200,1162900,20700,37900,4700,1000
CS,512,1,single,random,18,20260922,10,True,9,822,10,10,514900,1349200,31200,81400,4600,1100
SD,512,1,single,random,18,20260922,10,True,1,144,46,46,189700,318763400,50000,56400,52500,4900
SD,512,1,single,random,19,20260923,10,True,1,144,46,46,195900,328152900,46900,31400,28000,7800
CS,512,1,single,random,19,20260923,10,True,9,822,10,10,461100,1477500,21000,42800,4700,1100
CS,512,1,single,contiguous,0,20260904,10,True,9,820,10,10,381900,1182900,20300,37900,7800,1600
SD,512,1,single,contiguous,0,20260904,10,True,1,144,46,46,189100,363825500,25300,27200,17500,12500
SD,512,1,single,contiguous,1,20260904,10,True,1,144,46,46,277100,316548500,31800,79700,10700,4700
CS,512,1,single,contiguous,1,20260904,10,True,9,820,10,10,412600,1188900,59500,38100,5200,1000
CS,512,1,single,contiguous,2,20260904,10,True,9,820,10,10,439300,1441900,21100,39200,7800,1500
SD,512,1,single,contiguous,2,20260904,10,True,1,144,46,46,196800,320156300,38600,53400,10500,4700
SD,512,1,single,contiguous,3,20260904,10,True,1,144,46,46,190100,317815800,28000,27600,10800,4800
CS,512,1,single,contiguous,3,20260904,10,True,9,820,10,10,395400,1583300,20400,38300,5200,1200
CS,512,1,single,contiguous,4,20260904,10,True,9,820,10,10,428200,1346100,20500,38200,5200,1100
SD,512,1,single,contiguous,4,20260904,10,True,1,144,46,46,190300,327028700,24800,27700,10900,4600
SD,512,1,single,contiguous,5,20260904,10,True,1,144,46,46,206600,320978900,38100,28000,10700,4700
CS,512,1,single,contiguous,5,20260904,10,True,9,820,10,10,498700,1205700,21600,78600,9600,1800
CS,512,1,single,contiguous,6,20260904,10,True,9,820,10,10,700900,1627500,22200,42000,5200,1000
SD,512,1,single,contiguous,6,20260904,10,True,1,144,46,46,201700,325923700,26500,27800,10700,4600
SD,512,1,single,contiguous,7,20260904,10,True,1,144,46,46,194500,320779900,25100,54500,10500,4600
CS,512,1,single,contiguous,7,20260904,10,True,9,820,10,10,388600,1239800,20700,38200,5300,1100
CS,512,1,single,contiguous,8,20260904,10,True,9,820,10,10,415800,1368500,20900,38200,5100,1000
SD,512,1,single,contiguous,8,20260904,10,True,1,144,46,46,192500,321531800,25700,27800,10500,4800
SD,512,1,single,contiguous,9,20260904,10,True,1,144,46,46,206800,319131600,25800,27300,21000,7300
CS,512,1,single,contiguous,9,20260904,10,True,9,820,10,10,388100,1261300,21700,37800,5300,1100
CS,512,1,single,uniform,0,20260904,10,True,9,820,10,10,423300,1241200,21000,38200,5200,1000
SD,512,1,single,uniform,0,20260904,10,True,1,144,46,46,201300,321267300,46700,29800,10700,4700
SD,512,1,single,uniform,1,20260904,10,True,1,144,46,46,192800,318341300,25700,27500,10300,4600
CS,512,1,single,uniform,1,20260904,10,True,9,820,10,10,382200,1387900,20400,38100,5100,2100
CS,512,1,single,uniform,2,20260904,10,True,9,820,10,10,412800,1180100,21000,41700,5300,1100
SD,512,1,single,uniform,2,20260904,10,True,1,144,46,46,205500,321806100,42700,27700,10400,4700
SD,512,1,single,uniform,3,20260904,10,True,1,144,46,46,229300,324003700,30900,28200,10500,4700
CS,512,1,single,uniform,3,20260904,10,True,9,820,10,10,455400,1214000,21700,38200,5200,1100
CS,512,1,single,uniform,4,20260904,10,True,9,820,10,10,393900,1278200,20800,38200,5200,1100
SD,512,1,single,uniform,4,20260904,10,True,1,144,46,46,190600,363251300,31100,44400,18900,8100
SD,512,1,single,uniform,5,20260904,10,True,1,144,46,46,238800,328712500,25100,27600,10500,4700
CS,512,1,single,uniform,5,20260904,10,True,9,820,10,10,411300,1668200,21200,38500,5200,1000
CS,512,1,single,uniform,6,20260904,10,True,9,820,10,10,389600,1259900,20700,37900,5100,1100
SD,512,1,single,uniform,6,20260904,10,True,1,144,46,46,242200,332407000,25100,28000,10500,8500
SD,512,1,single,uniform,7,20260904,10,True,1,144,46,46,190000,320516600,35200,35700,26800,8200
CS,512,1,single,uniform,7,20260904,10,True,9,820,10,10,388700,1407600,20800,37900,5300,1100
CS,512,1,single,uniform,8,20260904,10,True,9,820,10,10,387300,1394600,31700,49400,7900,1100
SD,512,1,single,uniform,8,20260904,10,True,1,144,46,46,189000,320713900,26500,27200,10400,4600
SD,512,1,single,uniform,9,20260904,10,True,1,144,46,46,188500,322727500,25000,27700,10500,4800
CS,512,1,single,uniform,9,20260904,10,True,9,820,10,10,388000,1467800,35900,63900,9400,1800
CS,512,1,single,clustered,0,20260904,10,True,9,821,10,10,473500,1335500,22100,38300,4700,1100
SD,512,1,single,clustered,0,20260904,10,True,1,144,46,46,190800,320919400,48100,30200,33500,4800
SD,512,1,single,clustered,1,20260904,10,True,1,144,46,46,294800,318752800,24500,28100,26700,4900
CS,512,1,single,clustered,1,20260904,10,True,9,821,10,10,438900,1298200,20600,48300,5800,2400
CS,512,1,single,clustered,2,20260904,10,True,9,821,10,10,412000,1325900,21100,38500,4700,1100
SD,512,1,single,clustered,2,20260904,10,True,1,144,46,46,200900,320287300,26300,37800,28000,4800
SD,512,1,single,clustered,3,20260904,10,True,1,144,46,46,272800,324116900,50100,51900,26500,4900
CS,512,1,single,clustered,3,20260904,10,True,9,821,10,10,396900,1414700,20700,70900,4600,1100
CS,512,1,single,clustered,4,20260904,10,True,9,821,10,10,497100,1223400,21400,67100,4700,1000
SD,512,1,single,clustered,4,20260904,10,True,1,144,46,46,216500,317816800,25600,29200,26700,13400
SD,512,1,single,clustered,5,20260904,10,True,1,144,46,46,192700,332556800,24800,28000,27000,4800
CS,512,1,single,clustered,5,20260904,10,True,9,821,10,10,379800,1334600,21800,38500,7000,1100
CS,512,1,single,clustered,6,20260904,10,True,9,821,10,10,382200,1322600,20800,38200,4700,1100
SD,512,1,single,clustered,6,20260904,10,True,1,144,46,46,341400,321404500,26900,28700,26800,4900
SD,512,1,single,clustered,7,20260904,10,True,1,144,46,46,189900,326876600,25400,28700,26700,4800
CS,512,1,single,clustered,7,20260904,10,True,9,821,10,10,401600,1335900,35800,38100,4600,1000
CS,512,1,single,clustered,8,20260904,10,True,9,821,10,10,379600,1249700,20700,38000,4700,1100
SD,512,1,single,clustered,8,20260904,10,True,1,144,46,46,201500,339653400,29000,35800,46400,8600
SD,512,1,single,clustered,9,20260904,10,True,1,144,46,46,286100,341167000,54400,31700,27300,4800
CS,512,1,single,clustered,9,20260904,10,True,9,821,10,10,418600,1436800,38000,38100,4700,1100
CS,512,5,0.01,random,0,20260904,10,True,32,2859,10,10,466200,2036800,115900,135100,5000,4000
SD,512,5,0.01,random,0,20260904,10,True,6,730,46,46,190600,321075700,100700,113900,22300,14100
SD,512,5,0.01,random,1,20260905,10,True,6,731,46,46,195800,320940500,90000,110300,7700,14300
CS,512,5,0.01,random,1,20260905,10,True,31,2771,10,10,393700,1283300,112200,127600,4800,2200
CS,512,5,0.01,random,2,20260906,10,True,32,2861,10,10,414000,1497800,76800,235400,4800,2200
SD,512,5,0.01,random,2,20260906,10,True,6,729,46,46,195900,325427900,94000,115800,24200,14600
SD,512,5,0.01,random,3,20260907,10,True,6,732,46,46,224400,330372900,90000,98600,10100,20700
CS,512,5,0.01,random,3,20260907,10,True,26,2330,10,10,432300,1420100,64300,165900,4700,2000
CS,512,5,0.01,random,4,20260908,10,True,24,2150,10,10,446000,1249100,62300,99700,4700,1900
SD,512,5,0.01,random,4,20260908,10,True,5,613,46,46,190200,413096200,77400,87300,7500,12700
SD,512,5,0.01,random,5,20260909,10,True,6,730,46,46,234200,332315400,89800,106200,9100,13900
CS,512,5,0.01,random,5,20260909,10,True,29,2594,10,10,384500,1449300,131700,124800,4700,2100
CS,512,5,0.01,random,6,20260910,10,True,31,2770,10,10,390800,1462500,76200,151400,4700,4000
SD,512,5,0.01,random,6,20260910,10,True,7,846,46,46,209100,341881000,158700,117000,9400,16400
SD,512,5,0.01,random,7,20260911,10,True,5,612,46,46,223300,322245600,121900,110400,21800,12500
CS,512,5,0.01,random,7,20260911,10,True,33,2949,10,10,384900,1476800,165300,136100,5400,2300
CS,512,5,0.01,random,8,20260912,10,True,31,2771,10,10,380900,1305600,90100,129400,5100,2200
SD,512,5,0.01,random,8,20260912,10,True,5,614,46,46,192600,325466600,92200,107200,23300,11900
SD,512,5,0.01,random,9,20260913,10,True,6,730,46,46,190000,314726300,96700,113800,22100,14100
CS,512,5,0.01,random,9,20260913,10,True,32,2860,10,10,426900,1246900,75900,151300,4800,2200
CS,512,5,0.01,random,10,20260914,10,True,28,2506,10,10,509300,1393400,70000,116800,5900,2000
SD,512,5,0.01,random,10,20260914,10,True,6,735,46,46,192300,323811600,107600,112800,9700,15000
SD,512,5,0.01,random,11,20260915,10,True,6,733,46,46,290400,323904000,84300,142000,21200,20500
CS,512,5,0.01,random,11,20260915,10,True,27,2416,10,10,505500,1374000,78800,112100,5300,2100
CS,512,5,0.01,random,12,20260916,10,True,33,2949,10,10,471600,1297100,78700,139800,4900,2400
SD,512,5,0.01,random,12,20260916,10,True,5,612,46,46,211700,358533100,167900,120500,25500,11800
SD,512,5,0.01,random,13,20260917,10,True,6,732,46,46,313500,337382000,114300,117100,15500,14400
CS,512,5,0.01,random,13,20260917,10,True,31,2770,10,10,430600,1319100,77500,198200,11400,2200
CS,512,5,0.01,random,14,20260918,10,True,33,2949,10,10,624600,1154600,78800,137500,4900,2400
SD,512,5,0.01,random,14,20260918,10,True,5,614,46,46,335000,318395300,96800,110200,19900,12400
SD,512,5,0.01,random,15,20260919,10,True,6,730,46,46,189100,328578600,95000,126900,21800,14300
CS,512,5,0.01,random,15,20260919,10,True,32,2861,10,10,433000,1182100,85000,132400,4600,2200
CS,512,5,0.01,random,16,20260920,10,True,32,2861,10,10,391400,1368300,89600,197100,4800,2300
SD,512,5,0.01,random,16,20260920,10,True,5,616,46,46,190900,321706500,201300,108600,25100,12700
SD,512,5,0.01,random,17,20260921,10,True,8,963,46,46,270100,324971200,148600,113700,14400,32100
CS,512,5,0.01,random,17,20260921,10,True,26,2330,10,10,381700,1311200,65600,107900,10300,3500
CS,512,5,0.01,random,18,20260922,10,True,29,2594,10,10,410800,1361500,70700,119300,5500,2100
SD,512,5,0.01,random,18,20260922,10,True,6,731,46,46,190900,321591200,139800,234500,21500,17600
SD,512,5,0.01,random,19,20260923,10,True,8,967,46,46,190600,325917100,79500,217000,38200,18200
CS,512,5,0.01,random,19,20260923,10,True,25,2242,10,10,385500,1224000,63100,104000,9600,2800
CS,512,5,0.01,contiguous,0,20260904,10,True,8,731,10,10,399800,1312100,32800,34300,5100,1000
SD,512,5,0.01,contiguous,0,20260904,10,True,2,262,46,46,241900,324025900,37000,61900,10200,5800
SD,512,5,0.01,contiguous,1,20260904,10,True,2,262,46,46,190900,319423500,85400,31600,10400,5800
CS,512,5,0.01,contiguous,1,20260904,10,True,8,731,10,10,403600,1353800,33500,34700,5200,1700
CS,512,5,0.01,contiguous,2,20260904,10,True,8,731,10,10,388200,1464700,32500,34000,5100,1000
SD,512,5,0.01,contiguous,2,20260904,10,True,2,262,46,46,191400,319475600,69700,31400,16800,11400
SD,512,5,0.01,contiguous,3,20260904,10,True,2,262,46,46,297500,325732200,39100,30600,10300,6000
CS,512,5,0.01,contiguous,3,20260904,10,True,8,731,10,10,426800,1320100,32900,34500,5100,1000
CS,512,5,0.01,contiguous,4,20260904,10,True,8,731,10,10,386200,1362600,35100,34300,5300,1000
SD,512,5,0.01,contiguous,4,20260904,10,True,2,262,46,46,207300,339969700,36800,30900,10400,5800
SD,512,5,0.01,contiguous,5,20260904,10,True,2,262,46,46,217000,326127200,86000,58600,16000,8800
CS,512,5,0.01,contiguous,5,20260904,10,True,8,731,10,10,476500,1763400,34300,38600,9800,1600
CS,512,5,0.01,contiguous,6,20260904,10,True,8,731,10,10,744500,1846300,56400,33900,5100,1000
SD,512,5,0.01,contiguous,6,20260904,10,True,2,262,46,46,192200,344349300,37500,37000,10900,5700
SD,512,5,0.01,contiguous,7,20260904,10,True,2,262,46,46,201700,345580800,37000,31000,10300,5800
CS,512,5,0.01,contiguous,7,20260904,10,True,8,731,10,10,438200,1321000,34000,34000,10500,1500
CS,512,5,0.01,contiguous,8,20260904,10,True,8,731,10,10,408600,1138900,33400,38400,5200,1000
SD,512,5,0.01,contiguous,8,20260904,10,True,2,262,46,46,251800,322356500,57500,30800,10500,5800
SD,512,5,0.01,contiguous,9,20260904,10,True,2,262,46,46,193200,322118400,37300,52900,29100,6000
CS,512,5,0.01,contiguous,9,20260904,10,True,8,731,10,10,388700,1333700,32700,34200,5100,1000
CS,512,5,0.01,uniform,0,20260904,10,True,33,2949,10,10,466000,1381000,95600,136700,7900,5500
SD,512,5,0.01,uniform,0,20260904,10,True,5,615,46,46,189100,324328700,97700,168700,9000,12000
SD,512,5,0.01,uniform,1,20260904,10,True,5,615,46,46,251500,323916800,104000,194800,8900,12000
CS,512,5,0.01,uniform,1,20260904,10,True,33,2949,10,10,384600,1597800,82400,247400,11100,3900
CS,512,5,0.01,uniform,2,20260904,10,True,33,2949,10,10,554300,2147400,79700,136300,6300,2300
SD,512,5,0.01,uniform,2,20260904,10,True,5,615,46,46,232600,326435100,111000,110500,13300,31400
SD,512,5,0.01,uniform,3,20260904,10,True,5,615,46,46,190500,323906100,117300,110900,9000,12100
CS,512,5,0.01,uniform,3,20260904,10,True,33,2949,10,10,377800,1147800,79700,151000,6300,2300
CS,512,5,0.01,uniform,4,20260904,10,True,33,2949,10,10,441000,1213200,79200,277000,13000,4100
SD,512,5,0.01,uniform,4,20260904,10,True,5,615,46,46,191100,328213100,111200,198700,19500,12500
SD,512,5,0.01,uniform,5,20260904,10,True,5,615,46,46,195900,323858000,99500,111600,9100,11900
CS,512,5,0.01,uniform,5,20260904,10,True,33,2949,10,10,396100,1307800,79000,272500,6200,2400
CS,512,5,0.01,uniform,6,20260904,10,True,33,2949,10,10,585700,1646900,81200,153500,6200,2300
SD,512,5,0.01,uniform,6,20260904,10,True,5,615,46,46,190900,321510900,98800,157000,10400,11900
SD,512,5,0.01,uniform,7,20260904,10,True,5,615,46,46,282700,322835900,97500,143400,8900,12100
CS,512,5,0.01,uniform,7,20260904,10,True,33,2949,10,10,390900,1338000,80100,203200,6300,2300
CS,512,5,0.01,uniform,8,20260904,10,True,33,2949,10,10,496100,1247200,82100,139600,6200,2300
SD,512,5,0.01,uniform,8,20260904,10,True,5,615,46,46,189400,333646800,103900,111300,9000,11900
SD,512,5,0.01,uniform,9,20260904,10,True,5,615,46,46,216600,320990300,168200,137000,9000,12300
CS,512,5,0.01,uniform,9,20260904,10,True,33,2949,10,10,422300,1319300,79100,243600,6300,2300
CS,512,5,0.01,clustered,0,20260904,10,True,8,732,10,10,474600,1391200,32200,34100,4700,1100
SD,512,5,0.01,clustered,0,20260904,10,True,2,262,46,46,189600,325417300,65200,59000,43500,16000
SD,512,5,0.01,clustered,1,20260904,10,True,2,262,46,46,338400,356413600,62600,96100,20500,5800
CS,512,5,0.01,clustered,1,20260904,10,True,8,732,10,10,426500,1278600,35300,35600,4700,1000
CS,512,5,0.01,clustered,2,20260904,10,True,8,732,10,10,393500,1413400,31800,34400,4700,1000
SD,512,5,0.01,clustered,2,20260904,10,True,2,262,46,46,222200,333595200,52200,31000,19500,5700
SD,512,5,0.01,clustered,3,20260904,10,True,2,262,46,46,192500,323269200,37700,31100,19600,5800
CS,512,5,0.01,clustered,3,20260904,10,True,8,732,10,10,394400,1259100,32100,34000,4700,1000
CS,512,5,0.01,clustered,4,20260904,10,True,8,732,10,10,411800,1215700,56200,34000,4700,1000
SD,512,5,0.01,clustered,4,20260904,10,True,2,262,46,46,351200,338989000,59300,52700,33000,9800
SD,512,5,0.01,clustered,5,20260904,10,True,2,262,46,46,191400,329529100,36300,47100,19400,5700
CS,512,5,0.01,clustered,5,20260904,10,True,8,732,10,10,410200,1371900,49000,34400,4600,1000
CS,512,5,0.01,clustered,6,20260904,10,True,8,732,10,10,431300,1333000,32100,34000,4600,1000
SD,512,5,0.01,clustered,6,20260904,10,True,2,262,46,46,285800,327547100,36900,31300,46400,15200
SD,512,5,0.01,clustered,7,20260904,10,True,2,262,46,46,189400,327255500,37900,32500,20200,5900
CS,512,5,0.01,clustered,7,20260904,10,True,8,732,10,10,432700,1196700,32100,33900,4600,1000
CS,512,5,0.01,clustered,8,20260904,10,True,8,732,10,10,385000,1538700,51600,34200,4700,1000
SD,512,5,0.01,clustered,8,20260904,10,True,2,262,46,46,190300,326470800,36900,31900,24300,7400
SD,512,5,0.01,clustered,9,20260904,10,True,2,262,46,46,191800,326686200,42900,34000,19400,5700
CS,512,5,0.01,clustered,9,20260904,10,True,8,732,10,10,405200,1412500,51900,35300,4600,1000
CS,512,26,0.05,random,0,20260904,10,True,90,8019,10,10,404800,1191600,258100,410000,5400,5300
SD,512,26,0.05,random,0,20260904,10,True,34,4049,46,46,191200,323403600,359200,430900,38800,74500
SD,512,26,0.05,random,1,20260905,10,True,28,3330,46,46,208900,341551600,328100,413000,32300,85600
CS,512,26,0.05,random,1,20260905,10,True,97,8643,10,10,393500,1364400,549700,633500,7000,5600
CS,512,26,0.05,random,2,20260906,10,True,96,8552,10,10,727300,2158500,261100,662800,10500,10400
SD,512,26,0.05,random,2,20260906,10,True,30,3571,46,46,370700,328605700,416500,437000,17300,63400
SD,512,26,0.05,random,3,20260907,10,True,32,3803,46,46,338600,324468400,326500,499300,50500,113400
CS,512,26,0.05,random,3,20260907,10,True,95,8466,10,10,388400,1319800,268800,426600,5900,5600
CS,512,26,0.05,random,4,20260908,10,True,96,8551,10,10,400200,1281200,368100,510500,5200,5700
SD,512,26,0.05,random,4,20260908,10,True,27,3218,46,46,197800,340222800,324700,558400,19200,58400
SD,512,26,0.05,random,5,20260909,10,True,32,3815,46,46,189500,351011300,362400,423300,38000,79800
CS,512,26,0.05,random,5,20260909,10,True,85,7575,10,10,553800,1526700,245200,731500,13500,9300
CS,512,26,0.05,random,6,20260910,10,True,91,8110,10,10,752700,1675200,525900,791800,5200,5400
SD,512,26,0.05,random,6,20260910,10,True,33,3929,46,46,255400,322965700,312900,480100,16200,65900
SD,512,26,0.05,random,7,20260911,10,True,33,3930,46,46,219400,334739700,327000,426900,35000,67300
CS,512,26,0.05,random,7,20260911,10,True,93,8288,10,10,539100,1484600,259800,515000,5200,5500
CS,512,26,0.05,random,8,20260912,10,True,88,7841,10,10,381200,1198100,278200,476700,4800,5300
SD,512,26,0.05,random,8,20260912,10,True,33,3932,46,46,190100,324607000,322600,423700,34800,67100
SD,512,26,0.05,random,9,20260913,10,True,28,3337,46,46,190800,331992800,337000,489200,12500,56500
CS,512,26,0.05,random,9,20260913,10,True,97,8644,10,10,441600,1396300,277200,423800,4600,5800
CS,512,26,0.05,random,10,20260914,10,True,98,8731,10,10,411300,1208600,282300,416100,20500,12300
SD,512,26,0.05,random,10,20260914,10,True,31,3690,46,46,218000,323725800,396400,445000,9900,63300
SD,512,26,0.05,random,11,20260915,10,True,32,3806,46,46,189900,421756500,657800,482700,28800,66100
CS,512,26,0.05,random,11,20260915,10,True,98,8733,10,10,432900,1371900,283700,455800,5100,5900
CS,512,26,0.05,random,12,20260916,10,True,101,9000,10,10,388900,1243200,273700,641000,4700,6000
SD,512,26,0.05,random,12,20260916,10,True,28,3339,46,46,193400,325245800,333200,670100,23900,56700
SD,512,26,0.05,random,13,20260917,10,True,30,3567,46,46,195600,334407700,607800,426900,67600,59300
CS,512,26,0.05,random,13,20260917,10,True,94,8378,10,10,426300,1825500,287600,395200,9100,14400
CS,512,26,0.05,random,14,20260918,10,True,101,9000,10,10,408800,1942600,455300,710200,4700,6500
SD,512,26,0.05,random,14,20260918,10,True,29,3453,46,46,190900,331457300,434800,437400,7400,60800
SD,512,26,0.05,random,15,20260919,10,True,28,3332,46,46,194400,326347200,374300,559600,27300,59800
CS,512,26,0.05,random,15,20260919,10,True,95,8467,10,10,412200,1470000,284000,476000,7200,6000
CS,512,26,0.05,random,16,20260920,10,True,97,8643,10,10,391000,1387900,263100,421400,14500,8600
SD,512,26,0.05,random,16,20260920,10,True,29,3459,46,46,211000,326460000,586800,466700,17400,60100
SD,512,26,0.05,random,17,20260921,10,True,29,3454,46,46,194600,324689400,784900,802300,40200,126200
CS,512,26,0.05,random,17,20260921,10,True,87,7753,10,10,883000,1512200,382800,740300,9600,9500
CS,512,26,0.05,random,18,20260922,10,True,92,8198,10,10,411000,2303300,520700,763600,5900,5800
SD,512,26,0.05,random,18,20260922,10,True,30,3571,46,46,199300,360052200,492800,414700,19800,62800
SD,512,26,0.05,random,19,20260923,10,True,34,4051,46,46,242700,349452000,342200,425100,26200,73000
CS,512,26,0.05,random,19,20260923,10,True,89,7930,10,10,403100,1238600,278000,379800,7500,6500
CS,512,26,0.05,contiguous,0,20260904,10,True,6,555,10,10,409900,1254700,97700,39000,7500,1300
SD,512,26,0.05,contiguous,0,20260904,10,True,2,261,46,46,190300,327643400,103000,26200,10300,6700
SD,512,26,0.05,contiguous,1,20260904,10,True,2,261,46,46,190600,324611700,111100,39700,9700,5200
CS,512,26,0.05,contiguous,1,20260904,10,True,6,555,10,10,391700,1328900,100200,26100,5100,900
CS,512,26,0.05,contiguous,2,20260904,10,True,6,555,10,10,385700,1668800,101200,49900,9100,1700
SD,512,26,0.05,contiguous,2,20260904,10,True,2,261,46,46,352400,322796500,105700,28200,10200,8100
SD,512,26,0.05,contiguous,3,20260904,10,True,2,261,46,46,200400,325584000,106700,26300,9900,5500
CS,512,26,0.05,contiguous,3,20260904,10,True,6,555,10,10,429400,1392400,103700,26000,5000,900
CS,512,26,0.05,contiguous,4,20260904,10,True,6,555,10,10,410500,1390000,111400,25900,5000,900
SD,512,26,0.05,contiguous,4,20260904,10,True,2,261,46,46,189100,325748500,103900,40800,10000,5200
SD,512,26,0.05,contiguous,5,20260904,10,True,2,261,46,46,194300,326426800,104800,43000,24200,5500
CS,512,26,0.05,contiguous,5,20260904,10,True,6,555,10,10,479600,1290100,102100,25800,5000,900
CS,512,26,0.05,contiguous,6,20260904,10,True,6,555,10,10,403400,1244200,104600,25700,5000,900
SD,512,26,0.05,contiguous,6,20260904,10,True,2,261,46,46,289900,339320400,103400,26400,10000,5200
SD,512,26,0.05,contiguous,7,20260904,10,True,2,261,46,46,203500,320037700,113300,35800,19500,5600
CS,512,26,0.05,contiguous,7,20260904,10,True,6,555,10,10,396000,1313000,98000,26000,5200,900
CS,512,26,0.05,contiguous,8,20260904,10,True,6,555,10,10,393900,1317500,111000,51700,9600,1600
SD,512,26,0.05,contiguous,8,20260904,10,True,2,261,46,46,232300,320797000,139000,28100,10100,5300
SD,512,26,0.05,contiguous,9,20260904,10,True,2,261,46,46,201600,327057000,104200,26600,10000,5400
CS,512,26,0.05,contiguous,9,20260904,10,True,6,555,10,10,528000,1290000,99100,39000,7800,1400
CS,512,26,0.05,uniform,0,20260904,10,True,110,9799,10,10,390100,1242000,322800,513000,9300,6500
SD,512,26,0.05,uniform,0,20260904,10,True,26,3097,46,46,196400,322406800,405700,510000,19500,52000
SD,512,26,0.05,uniform,1,20260904,10,True,26,3097,46,46,196800,326106700,431900,432000,19900,53900
CS,512,26,0.05,uniform,1,20260904,10,True,110,9799,10,10,487500,1286000,300100,493700,9200,7000
CS,512,26,0.05,uniform,2,20260904,10,True,110,9799,10,10,426400,1317300,306700,460500,9100,6400
SD,512,26,0.05,uniform,2,20260904,10,True,26,3097,46,46,198300,358592500,349800,429500,20100,53800
SD,512,26,0.05,uniform,3,20260904,10,True,26,3097,46,46,208900,336045900,429500,467900,19600,52900
CS,512,26,0.05,uniform,3,20260904,10,True,110,9799,10,10,382000,1179000,526600,468100,9200,6700
CS,512,26,0.05,uniform,4,20260904,10,True,110,9799,10,10,513700,1492100,300600,542800,9200,6500
SD,512,26,0.05,uniform,4,20260904,10,True,26,3097,46,46,192800,325774700,380600,438900,19600,93200
SD,512,26,0.05,uniform,5,20260904,10,True,26,3097,46,46,191700,337345800,393900,425900,75000,77500
CS,512,26,0.05,uniform,5,20260904,10,True,110,9799,10,10,511500,1462100,304500,531100,9400,6500
CS,512,26,0.05,uniform,6,20260904,10,True,110,9799,10,10,568700,1226700,425300,536000,9100,10800
SD,512,26,0.05,uniform,6,20260904,10,True,26,3097,46,46,219300,326858300,375600,427100,19900,53300
SD,512,26,0.05,uniform,7,20260904,10,True,26,3097,46,46,191000,334466000,353400,491300,19700,51900
CS,512,26,0.05,uniform,7,20260904,10,True,110,9799,10,10,404100,1240500,443100,481200,9200,6300
CS,512,26,0.05,uniform,8,20260904,10,True,110,9799,10,10,387500,1367300,306300,632100,9300,6500
SD,512,26,0.05,uniform,8,20260904,10,True,26,3097,46,46,189800,322447800,509600,650500,19800,92700
SD,512,26,0.05,uniform,9,20260904,10,True,26,3097,46,46,391100,334163300,508400,450300,22300,84500
CS,512,26,0.05,uniform,9,20260904,10,True,110,9799,10,10,395400,1445300,301000,543200,9600,6600
CS,512,26,0.05,clustered,0,20260904,10,True,6,556,10,10,390600,1295300,99900,38800,4700,900
SD,512,26,0.05,clustered,0,20260904,10,True,2,261,46,46,196100,323400800,197400,70000,33700,10100
SD,512,26,0.05,clustered,1,20260904,10,True,2,261,46,46,203900,322005500,101400,36800,31300,9800
CS,512,26,0.05,clustered,1,20260904,10,True,6,556,10,10,405200,1498900,101300,26100,4600,1900
CS,512,26,0.05,clustered,2,20260904,10,True,6,556,10,10,527200,1304300,129200,25700,4600,900
SD,512,26,0.05,clustered,2,20260904,10,True,2,261,46,46,190400,326497800,103800,27700,14800,5400
SD,512,26,0.05,clustered,3,20260904,10,True,2,261,46,46,191900,326771700,104500,26800,14900,9000
CS,512,26,0.05,clustered,3,20260904,10,True,6,556,10,10,404200,1526500,96700,26700,4800,900
CS,512,26,0.05,clustered,4,20260904,10,True,6,556,10,10,398800,1291000,95300,26200,4600,900
SD,512,26,0.05,clustered,4,20260904,10,True,2,261,46,46,197700,327897500,103400,31200,15000,5600
SD,512,26,0.05,clustered,5,20260904,10,True,2,261,46,46,308100,329017800,102100,26700,15400,15700
CS,512,26,0.05,clustered,5,20260904,10,True,6,556,10,10,469000,1771500,129200,26100,4700,900
CS,512,26,0.05,clustered,6,20260904,10,True,6,556,10,10,402500,1221800,182000,26100,4700,900
SD,512,26,0.05,clustered,6,20260904,10,True,2,261,46,46,189900,363676200,103400,26500,15100,5500
SD,512,26,0.05,clustered,7,20260904,10,True,2,261,46,46,285000,350322900,109300,43200,23100,8200
CS,512,26,0.05,clustered,7,20260904,10,True,6,556,10,10,427500,1892900,97800,26700,7200,1300
CS,512,26,0.05,clustered,8,20260904,10,True,6,556,10,10,623100,1584100,96200,27100,4800,900
SD,512,26,0.05,clustered,8,20260904,10,True,2,261,46,46,298400,324735000,99800,26500,15100,5700
SD,512,26,0.05,clustered,9,20260904,10,True,2,261,46,46,203400,327486000,173600,40700,14800,5500
CS,512,26,0.05,clustered,9,20260904,10,True,6,556,10,10,637400,1288400,101700,53600,9100,1600
CS,512,51,0.10,random,0,20260904,10,True,124,11049,10,10,434900,1417500,415700,635300,5100,7300
SD,512,51,0.10,random,0,20260904,10,True,58,6901,46,46,190500,325973400,488000,1349900,41400,193400
SD,512,51,0.10,random,1,20260905,10,True,53,6302,46,46,190800,323301300,478000,646500,22400,165700
CS,512,51,0.10,random,1,20260905,10,True,127,11321,10,10,381100,1270700,470300,686800,5700,7300
CS,512,51,0.10,random,2,20260906,10,True,140,12480,10,10,514200,2183700,772900,1154500,18000,13900
SD,512,51,0.10,random,2,20260906,10,True,59,7014,46,46,346800,337954600,529500,954000,44400,115800
SD,512,51,0.10,random,3,20260907,10,True,56,6661,46,46,189500,326113000,524800,799300,49600,111100
CS,512,51,0.10,random,3,20260907,10,True,140,12478,10,10,388100,1170900,434700,631200,5600,8100
CS,512,51,0.10,random,4,20260908,10,True,139,12389,10,10,409500,1218700,438500,827300,4900,8100
SD,512,51,0.10,random,4,20260908,10,True,52,6181,46,46,189800,326802500,788800,654800,22000,102500
SD,512,51,0.10,random,5,20260909,10,True,57,6783,46,46,189900,320558000,581000,768800,58500,203800
CS,512,51,0.10,random,5,20260909,10,True,131,11678,10,10,428200,1365300,438400,555600,7200,7500
CS,512,51,0.10,random,6,20260910,10,True,140,12478,10,10,417300,1293100,453100,623600,9900,14600
SD,512,51,0.10,random,6,20260910,10,True,63,7494,46,46,374800,329728400,521300,750800,16700,128000
SD,512,51,0.10,random,7,20260911,10,True,58,6903,46,46,207100,321256800,567100,773700,39600,113500
CS,512,51,0.10,random,7,20260911,10,True,135,12031,10,10,404500,1282800,528300,634100,5100,8000
CS,512,51,0.10,random,8,20260912,10,True,127,11319,10,10,402600,1187700,463200,543200,9600,7700
SD,512,51,0.10,random,8,20260912,10,True,61,7259,46,46,195000,337822400,597200,774600,25000,124900
SD,512,51,0.10,random,9,20260913,10,True,55,6539,46,46,195100,322407700,507900,683300,49100,181500
CS,512,51,0.10,random,9,20260913,10,True,139,12389,10,10,506000,1384500,447700,815100,7800,8000
CS,512,51,0.10,random,10,20260914,10,True,128,11406,10,10,414100,1473600,462000,558800,10000,12900
SD,512,51,0.10,random,10,20260914,10,True,54,6425,46,46,317200,355276600,490500,667600,53900,107300
SD,512,51,0.10,random,11,20260915,10,True,57,6782,46,46,239200,321180000,557900,826200,19200,116400
CS,512,51,0.10,random,11,20260915,10,True,131,11674,10,10,400200,1907500,433200,916000,10100,13800
CS,512,51,0.10,random,12,20260916,10,True,144,12834,10,10,607100,1420500,447100,1148000,8900,8300
SD,512,51,0.10,random,12,20260916,10,True,57,6780,46,46,189800,326238100,534900,849200,6900,112800
SD,512,51,0.10,random,13,20260917,10,True,54,6421,46,46,202700,323864700,505000,679500,72600,107400
CS,512,51,0.10,random,13,20260917,10,True,137,12212,10,10,383200,1324600,526100,623000,14900,11500
CS,512,51,0.10,random,14,20260918,10,True,139,12388,10,10,440400,1472800,466600,582900,4700,8100
SD,512,51,0.10,random,14,20260918,10,True,58,6897,46,46,209100,337071100,536700,1006700,6900,116900
SD,512,51,0.10,random,15,20260919,10,True,56,6655,46,46,210900,325989900,650900,954300,192100,112500
CS,512,51,0.10,random,15,20260919,10,True,135,12034,10,10,400600,1243800,481700,569400,7200,13900
CS,512,51,0.10,random,16,20260920,10,True,135,12031,10,10,392100,1297300,563600,569100,5000,8400
SD,512,51,0.10,random,16,20260920,10,True,53,6309,46,46,201100,322704700,516700,758100,24500,108100
SD,512,51,0.10,random,17,20260921,10,True,54,6427,46,46,240700,328964600,602300,999300,42000,192200
CS,512,51,0.10,random,17,20260921,10,True,135,12031,10,10,467500,1341900,517900,574600,7400,7800
CS,512,51,0.10,random,18,20260922,10,True,141,12566,10,10,498800,1461100,463600,719600,6000,12800
SD,512,51,0.10,random,18,20260922,10,True,54,6419,46,46,225300,328374400,536200,826000,18500,111000
SD,512,51,0.10,random,19,20260923,10,True,61,7250,46,46,191800,328030000,519100,694600,24300,138000
CS,512,51,0.10,random,19,20260923,10,True,136,12117,10,10,399000,1415500,457100,561300,6100,7700
CS,512,51,0.10,contiguous,0,20260904,10,True,6,555,10,10,404100,1258500,182100,27000,5100,900
SD,512,51,0.10,contiguous,0,20260904,10,True,3,379,46,46,205400,322183800,185600,31900,11800,7100
SD,512,51,0.10,contiguous,1,20260904,10,True,3,379,46,46,215100,331222300,199100,66600,22300,12600
CS,512,51,0.10,contiguous,1,20260904,10,True,6,555,10,10,411000,1555200,182600,51600,7400,1300
CS,512,51,0.10,contiguous,2,20260904,10,True,6,555,10,10,484900,1304100,183900,26500,5200,900
SD,512,51,0.10,contiguous,2,20260904,10,True,3,379,46,46,323300,333586500,189900,32400,11900,7200
SD,512,51,0.10,contiguous,3,20260904,10,True,3,379,46,46,331200,326519200,184500,63100,12000,7200
CS,512,51,0.10,contiguous,3,20260904,10,True,6,555,10,10,418100,1228000,188800,26100,5000,900
CS,512,51,0.10,contiguous,4,20260904,10,True,6,555,10,10,416300,1170400,188500,25800,5100,900
SD,512,51,0.10,contiguous,4,20260904,10,True,3,379,46,46,202200,390351900,189400,32200,11800,7100
SD,512,51,0.10,contiguous,5,20260904,10,True,3,379,46,46,190700,340911500,240600,32500,17400,10900
CS,512,51,0.10,contiguous,5,20260904,10,True,6,555,10,10,472300,1375800,279700,36900,5000,900
CS,512,51,0.10,contiguous,6,20260904,10,True,6,555,10,10,518500,1378000,180500,26400,5100,900
SD,512,51,0.10,contiguous,6,20260904,10,True,3,379,46,46,214100,325992400,342200,33700,12500,7100
SD,512,51,0.10,contiguous,7,20260904,10,True,3,379,46,46,197000,335014100,186300,32500,11800,7100
CS,512,51,0.10,contiguous,7,20260904,10,True,6,555,10,10,421900,1308200,193300,26100,5000,900
CS,512,51,0.10,contiguous,8,20260904,10,True,6,555,10,10,394000,1296300,183400,25700,5000,900
SD,512,51,0.10,contiguous,8,20260904,10,True,3,379,46,46,213700,323468600,209500,43400,11900,7000
SD,512,51,0.10,contiguous,9,20260904,10,True,3,379,46,46,243700,327669500,187300,65600,11700,7000
CS,512,51,0.10,contiguous,9,20260904,10,True,6,555,10,10,418000,1436500,290400,26000,5000,900
CS,512,51,0.10,uniform,0,20260904,10,True,166,14798,10,10,579800,1398400,568300,898000,10700,10200
SD,512,51,0.10,uniform,0,20260904,10,True,51,6064,46,46,201200,326358400,641800,719200,33000,102600
SD,512,51,0.10,uniform,1,20260904,10,True,51,6064,46,46,206900,338658200,654700,891200,33300,149600
CS,512,51,0.10,uniform,1,20260904,10,True,166,14798,10,10,415200,1516400,495600,695500,11100,15700
CS,512,51,0.10,uniform,2,20260904,10,True,166,14798,10,10,432300,1392500,589100,705200,10800,9400
SD,512,51,0.10,uniform,2,20260904,10,True,51,6064,46,46,263500,324735500,594500,774400,49900,120800
SD,512,51,0.10,uniform,3,20260904,10,True,51,6064,46,46,216100,326111400,1173400,932000,32900,101200
CS,512,51,0.10,uniform,3,20260904,10,True,166,14798,10,10,412900,1268700,493600,759900,11000,9400
CS,512,51,0.10,uniform,4,20260904,10,True,166,14798,10,10,408700,1264900,559300,697500,10800,9600
SD,512,51,0.10,uniform,4,20260904,10,True,51,6064,46,46,322500,346759000,589700,712600,32700,101400
SD,512,51,0.10,uniform,5,20260904,10,True,51,6064,46,46,196400,326126500,589000,887100,32900,102300
CS,512,51,0.10,uniform,5,20260904,10,True,166,14798,10,10,425500,1190000,492700,704600,10800,9400
CS,512,51,0.10,uniform,6,20260904,10,True,166,14798,10,10,398200,1423600,939600,724000,20000,9600
SD,512,51,0.10,uniform,6,20260904,10,True,51,6064,46,46,196700,330142300,687100,788800,32600,215100
SD,512,51,0.10,uniform,7,20260904,10,True,51,6064,46,46,210700,330279000,596100,884000,41900,98800
CS,512,51,0.10,uniform,7,20260904,10,True,166,14798,10,10,402900,1425100,522300,763900,11200,10100
CS,512,51,0.10,uniform,8,20260904,10,True,166,14798,10,10,419100,1187700,504100,744000,10800,9300
SD,512,51,0.10,uniform,8,20260904,10,True,51,6064,46,46,236300,352398800,896600,1064800,33200,101600
SD,512,51,0.10,uniform,9,20260904,10,True,51,6064,46,46,208200,329582300,1094800,1259900,33700,102100
CS,512,51,0.10,uniform,9,20260904,10,True,166,14798,10,10,629500,1899600,520600,688900,10900,15300
CS,512,51,0.10,clustered,0,20260904,10,True,6,557,10,10,415900,1157700,174100,25900,4700,900
SD,512,51,0.10,clustered,0,20260904,10,True,3,380,46,46,213700,324639000,180400,32600,12500,7000
SD,512,51,0.10,clustered,1,20260904,10,True,3,380,46,46,204100,325772700,181800,32800,12400,7200
CS,512,51,0.10,clustered,1,20260904,10,True,6,557,10,10,520900,1274500,188600,25700,4700,900
CS,512,51,0.10,clustered,2,20260904,10,True,6,557,10,10,458500,1267100,195200,26000,4700,900
SD,512,51,0.10,clustered,2,20260904,10,True,3,380,46,46,242500,330402300,179200,73500,24100,13300
SD,512,51,0.10,clustered,3,20260904,10,True,3,380,46,46,190200,332530100,222000,33200,12300,7300
CS,512,51,0.10,clustered,3,20260904,10,True,6,557,10,10,431500,1283800,175100,26200,4700,900
CS,512,51,0.10,clustered,4,20260904,10,True,6,557,10,10,392500,1314800,175100,38500,6900,1300
SD,512,51,0.10,clustered,4,20260904,10,True,3,380,46,46,192600,325043800,224100,35100,23100,7100
SD,512,51,0.10,clustered,5,20260904,10,True,3,380,46,46,260900,323387600,184800,40300,21900,7000
CS,512,51,0.10,clustered,5,20260904,10,True,6,557,10,10,409000,1176000,177700,26000,9100,900
CS,512,51,0.10,clustered,6,20260904,10,True,6,557,10,10,495700,1278700,180400,26000,4600,900
SD,512,51,0.10,clustered,6,20260904,10,True,3,380,46,46,202000,332813300,180300,32300,12400,7200
SD,512,51,0.10,clustered,7,20260904,10,True,3,380,46,46,190400,322431900,180200,62300,12800,7200
CS,512,51,0.10,clustered,7,20260904,10,True,6,557,10,10,404900,1354600,188400,25700,4800,900
CS,512,51,0.10,clustered,8,20260904,10,True,6,557,10,10,444900,1484000,186300,25800,5800,900
SD,512,51,0.10,clustered,8,20260904,10,True,3,380,46,46,292600,328716200,331200,67600,15800,7200
SD,512,51,0.10,clustered,9,20260904,10,True,3,380,46,46,270500,326008200,182700,57000,12700,7300
CS,512,51,0.10,clustered,9,20260904,10,True,6,557,10,10,405400,1317400,226300,38800,5900,1100
CS,512,128,0.25,random,0,20260904,10,True,182,16228,10,10,417000,1560100,1051700,758500,10200,22900
SD,512,128,0.25,random,0,20260904,10,True,114,13568,46,46,193600,324408200,1003900,1640100,19100,263100
SD,512,128,0.25,random,1,20260905,10,True,117,13937,46,46,190800,345356400,1114400,1723700,23600,227400
CS,512,128,0.25,random,1,20260905,10,True,198,17653,10,10,451700,1477100,980700,987000,6400,11200
CS,512,128,0.25,random,2,20260906,10,True,197,17562,10,10,435700,1212200,930000,916500,10100,11100
SD,512,128,0.25,random,2,20260906,10,True,121,14410,46,46,348500,369448100,1050600,1247300,63700,236500
SD,512,128,0.25,random,3,20260907,10,True,120,14295,46,46,219300,326922100,978300,1450900,66700,246200
CS,512,128,0.25,random,3,20260907,10,True,199,17741,10,10,398400,1270600,975300,1014200,6700,12300
CS,512,128,0.25,random,4,20260908,10,True,192,17116,10,10,391500,1202000,805400,866500,5200,10900
SD,512,128,0.25,random,4,20260908,10,True,111,13218,46,46,199700,323068600,944400,1261600,25900,239100
SD,512,128,0.25,random,5,20260909,10,True,122,14527,46,46,196600,331328300,1062600,1242000,154800,316100
CS,512,128,0.25,random,5,20260909,10,True,197,17562,10,10,393800,1246100,818400,878500,10200,11600
CS,512,128,0.25,random,6,20260910,10,True,192,17117,10,10,508100,1306600,870400,902700,5200,10700
SD,512,128,0.25,random,6,20260910,10,True,112,13342,46,46,190100,326215700,1036400,1416000,20900,223700
SD,512,128,0.25,random,7,20260911,10,True,115,13691,46,46,244200,326461300,982500,1250000,42700,235000
CS,512,128,0.25,random,7,20260911,10,True,184,16401,10,10,390300,1452000,774300,1146600,5100,10700
CS,512,128,0.25,random,8,20260912,10,True,190,16938,10,10,404000,1275800,828800,842000,4900,25100
SD,512,128,0.25,random,8,20260912,10,True,117,13932,46,46,194000,326551800,1100500,1584600,16900,257200
SD,512,128,0.25,random,9,20260913,10,True,126,15006,46,46,191400,321493300,1175300,1442800,71700,246100
CS,512,128,0.25,random,9,20260913,10,True,204,18189,10,10,391000,1364700,980500,906600,10200,11800
CS,512,128,0.25,random,10,20260914,10,True,192,17117,10,10,400500,1211600,970300,900200,9800,10800
SD,512,128,0.25,random,10,20260914,10,True,119,14164,46,46,195300,324148900,1055800,1291200,124500,239000
SD,512,128,0.25,random,11,20260915,10,True,109,12979,46,46,191700,334965300,979000,1241100,22300,223700
CS,512,128,0.25,random,11,20260915,10,True,187,16670,10,10,440200,1239100,830700,804900,5200,20300
CS,512,128,0.25,random,12,20260916,10,True,205,18277,10,10,386900,1238500,925500,977200,8900,19300
SD,512,128,0.25,random,12,20260916,10,True,120,14292,46,46,190700,326806900,1145100,1567100,15800,361100
SD,512,128,0.25,random,13,20260917,10,True,126,15007,46,46,192900,327489200,1091200,1662600,147700,327100
CS,512,128,0.25,random,13,20260917,10,True,202,18011,10,10,421700,1308700,948500,908900,9800,11800
CS,512,128,0.25,random,14,20260918,10,True,197,17564,10,10,408300,1226800,887500,842300,15500,18400
SD,512,128,0.25,random,14,20260918,10,True,123,14647,46,46,193400,330538200,939700,1467000,15300,245400
SD,512,128,0.25,random,15,20260919,10,True,114,13578,46,46,211600,347183000,1018700,2154600,163800,413300
CS,512,128,0.25,random,15,20260919,10,True,197,17564,10,10,680600,2059300,944900,1593900,10400,14200
CS,512,128,0.25,random,16,20260920,10,True,192,17119,10,10,750800,2236800,1590500,1616300,10200,20400
SD,512,128,0.25,random,16,20260920,10,True,116,13812,46,46,373300,379675500,1092800,1471600,26100,239000
SD,512,128,0.25,random,17,20260921,10,True,120,14294,46,46,295000,329281300,1021700,1454200,53900,231500
CS,512,128,0.25,random,17,20260921,10,True,207,18452,10,10,546200,1325100,1224100,991500,10000,12000
CS,512,128,0.25,random,18,20260922,10,True,194,17292,10,10,589400,1392900,984900,942300,6700,11000
SD,512,128,0.25,random,18,20260922,10,True,115,13691,46,46,197200,325144600,982500,1360000,75000,221500
SD,512,128,0.25,random,19,20260923,10,True,116,13811,46,46,193300,324633200,1131600,1339700,71100,230200
CS,512,128,0.25,random,19,20260923,10,True,191,17027,10,10,389800,1269400,811400,842600,6400,10800
CS,512,128,0.25,contiguous,0,20260904,10,True,2,202,10,10,423900,1238600,474100,15700,4800,700
SD,512,128,0.25,contiguous,0,20260904,10,True,1,142,46,46,192500,323171500,665000,24200,15800,5600
SD,512,128,0.25,contiguous,1,20260904,10,True,1,142,46,46,315600,337996800,569200,11300,8200,3000
CS,512,128,0.25,contiguous,1,20260904,10,True,2,202,10,10,406000,1555800,434000,17800,8100,1200
CS,512,128,0.25,contiguous,2,20260904,10,True,2,202,10,10,382700,1411900,460900,10000,4800,700
SD,512,128,0.25,contiguous,2,20260904,10,True,1,142,46,46,189600,337069700,461400,11200,8100,3000
SD,512,128,0.25,contiguous,3,20260904,10,True,1,142,46,46,208200,321239200,446700,11700,8300,3100
CS,512,128,0.25,contiguous,3,20260904,10,True,2,202,10,10,710900,2441700,782000,9700,4900,700
CS,512,128,0.25,contiguous,4,20260904,10,True,2,202,10,10,686700,1447700,449500,10000,4800,700
SD,512,128,0.25,contiguous,4,20260904,10,True,1,142,46,46,190500,328344700,523200,22600,16100,3000
SD,512,128,0.25,contiguous,5,20260904,10,True,1,142,46,46,198700,328534500,442400,12400,12600,4500
CS,512,128,0.25,contiguous,5,20260904,10,True,2,202,10,10,565700,1193900,439000,21000,4800,700
CS,512,128,0.25,contiguous,6,20260904,10,True,2,202,10,10,396900,1454200,489000,14900,4900,700
SD,512,128,0.25,contiguous,6,20260904,10,True,1,142,46,46,285500,321484000,505000,17200,11900,4500
SD,512,128,0.25,contiguous,7,20260904,10,True,1,142,46,46,189400,322186300,471000,11400,8100,3000
CS,512,128,0.25,contiguous,7,20260904,10,True,2,202,10,10,607700,1824700,459300,20700,4700,700
CS,512,128,0.25,contiguous,8,20260904,10,True,2,202,10,10,384100,1877800,572600,19600,9400,1300
SD,512,128,0.25,contiguous,8,20260904,10,True,1,142,46,46,197600,327674000,435600,15300,10100,3100
SD,512,128,0.25,contiguous,9,20260904,10,True,1,142,46,46,198300,333525200,444100,11700,8000,3100
CS,512,128,0.25,contiguous,9,20260904,10,True,2,202,10,10,403100,1454200,434700,9700,4800,700
CS,512,128,0.25,uniform,0,20260904,10,True,256,22818,10,10,430000,1253400,1095700,2073300,28200,19600
SD,512,128,0.25,uniform,0,20260904,10,True,128,15265,46,46,360100,350997100,1263100,1898400,7400,252900
SD,512,128,0.25,uniform,1,20260904,10,True,128,15265,46,46,206700,326658800,1239300,1762500,6600,305100
CS,512,128,0.25,uniform,1,20260904,10,True,256,22818,10,10,396500,1348500,1002300,1398600,11900,14900
CS,512,128,0.25,uniform,2,20260904,10,True,256,22818,10,10,696600,1428700,1007600,1357200,11700,15000
SD,512,128,0.25,uniform,2,20260904,10,True,128,15265,46,46,215600,323939000,1036200,1532800,6500,252400
SD,512,128,0.25,uniform,3,20260904,10,True,128,15265,46,46,190300,321710600,1095000,1520400,6700,285800
CS,512,128,0.25,uniform,3,20260904,10,True,256,22818,10,10,467400,1441100,950000,1267200,11900,14200
CS,512,128,0.25,uniform,4,20260904,10,True,256,22818,10,10,409500,1412300,961400,1237300,17500,22800
SD,512,128,0.25,uniform,4,20260904,10,True,128,15265,46,46,226500,343733600,1231000,1440800,6600,259800
SD,512,128,0.25,uniform,5,20260904,10,True,128,15265,46,46,192100,329700000,1167400,1442600,6600,267300
CS,512,128,0.25,uniform,5,20260904,10,True,256,22818,10,10,406200,1383700,985500,1275300,11700,14400
CS,512,128,0.25,uniform,6,20260904,10,True,256,22818,10,10,440400,1394700,960400,1219600,11800,14600
SD,512,128,0.25,uniform,6,20260904,10,True,128,15265,46,46,192000,323107800,1187500,1559700,6700,248700
SD,512,128,0.25,uniform,7,20260904,10,True,128,15265,46,46,194000,320528100,1201600,1824500,13200,501100
CS,512,128,0.25,uniform,7,20260904,10,True,256,22818,10,10,479500,1784300,1118200,1273700,11800,15400
CS,512,128,0.25,uniform,8,20260904,10,True,256,22818,10,10,586300,1410600,1011700,1119600,11600,15000
SD,512,128,0.25,uniform,8,20260904,10,True,128,15265,46,46,191500,335738900,1129600,1746700,6600,252100
SD,512,128,0.25,uniform,9,20260904,10,True,128,15265,46,46,189200,322458000,1104500,1752700,6700,248300
CS,512,128,0.25,uniform,9,20260904,10,True,256,22818,10,10,390800,1648200,1077900,1123500,11600,15000
CS,512,128,0.25,clustered,0,20260904,10,True,2,202,10,10,396500,1499800,465500,9700,4700,700
SD,512,128,0.25,clustered,0,20260904,10,True,1,142,46,46,196900,326679900,588800,12300,10300,3300
SD,512,128,0.25,clustered,1,20260904,10,True,1,142,46,46,191100,320651000,423100,11300,10300,3100
CS,512,128,0.25,clustered,1,20260904,10,True,2,202,10,10,397700,1525100,424500,10500,4600,1100
CS,512,128,0.25,clustered,2,20260904,10,True,2,202,10,10,468700,1371300,618400,9800,4700,700
SD,512,128,0.25,clustered,2,20260904,10,True,1,142,46,46,231100,324906400,488900,12300,10300,3000
SD,512,128,0.25,clustered,3,20260904,10,True,1,142,46,46,189300,359581000,748200,21500,18100,5300
CS,512,128,0.25,clustered,3,20260904,10,True,2,202,10,10,724700,1329800,761900,17400,8100,1200
CS,512,128,0.25,clustered,4,20260904,10,True,2,202,10,10,685500,2085200,545100,13500,8800,700
SD,512,128,0.25,clustered,4,20260904,10,True,1,142,46,46,241500,333222900,424300,29800,15600,3200
SD,512,128,0.25,clustered,5,20260904,10,True,1,142,46,46,190200,334422000,506200,18000,28000,8700
CS,512,128,0.25,clustered,5,20260904,10,True,2,202,10,10,389700,1213000,425500,9700,4800,700
CS,512,128,0.25,clustered,6,20260904,10,True,2,202,10,10,396000,1260500,459000,9900,4600,700
SD,512,128,0.25,clustered,6,20260904,10,True,1,142,46,46,190600,319343900,428800,22000,21000,5700
SD,512,128,0.25,clustered,7,20260904,10,True,1,142,46,46,189500,323280700,525900,11700,10100,3400
CS,512,128,0.25,clustered,7,20260904,10,True,2,202,10,10,591600,1275300,494000,9500,4700,700
CS,512,128,0.25,clustered,8,20260904,10,True,2,202,10,10,396800,1240400,431200,22100,5800,900
SD,512,128,0.25,clustered,8,20260904,10,True,1,142,46,46,189700,324743800,440000,11100,10300,3100
SD,512,128,0.25,clustered,9,20260904,10,True,1,142,46,46,256400,337634800,450400,12200,10900,3500
CS,512,128,0.25,clustered,9,20260904,10,True,2,202,10,10,439200,1551400,443600,10000,4800,700
CS,512,256,0.50,random,0,20260904,10,True,180,16056,10,10,544900,1228700,1485300,1503600,7700,10500
SD,512,256,0.50,random,0,20260904,10,True,150,17880,46,46,197100,345307500,1716800,2459200,27000,290500
SD,512,256,0.50,random,1,20260905,10,True,139,16567,46,46,226200,338657900,1467500,1690200,36000,270200
CS,512,256,0.50,random,1,20260905,10,True,177,15785,10,10,569700,1434100,1368900,805100,9300,9800
CS,512,256,0.50,random,2,20260906,10,True,191,17035,10,10,533900,1185700,1302500,1028200,7900,10600
SD,512,256,0.50,random,2,20260906,10,True,160,19070,46,46,194400,336167400,1464400,1881500,189800,318000
SD,512,256,0.50,random,3,20260907,10,True,146,17404,46,46,193200,336338400,1411400,1805900,116500,293000
CS,512,256,0.50,random,3,20260907,10,True,188,16766,10,10,500100,1206200,1587300,846300,13200,10300
CS,512,256,0.50,random,4,20260908,10,True,187,16677,10,10,383200,1341900,1329500,824200,14000,13500
SD,512,256,0.50,random,4,20260908,10,True,150,17880,46,46,213300,340141200,1545000,1537000,14800,306600
SD,512,256,0.50,random,5,20260909,10,True,154,18355,46,46,199400,333698200,1528000,1453800,106600,391600
CS,512,256,0.50,random,5,20260909,10,True,185,16501,10,10,384400,1213600,1215700,770500,7600,16900
CS,512,256,0.50,random,6,20260910,10,True,184,16407,10,10,727100,1594200,1555400,957500,5200,10600
SD,512,256,0.50,random,6,20260910,10,True,148,17636,46,46,215600,329724200,1444500,2020200,22300,306100
SD,512,256,0.50,random,7,20260911,10,True,151,17995,46,46,190300,367295600,1570700,1611300,24400,298500
CS,512,256,0.50,random,7,20260911,10,True,183,16319,10,10,402900,1353000,1409500,814200,11100,10700
CS,512,256,0.50,random,8,20260912,10,True,173,15429,10,10,456200,1237000,1851300,731700,9500,18500
SD,512,256,0.50,random,8,20260912,10,True,143,17043,46,46,339900,326480800,1620600,1453400,9300,281100
SD,512,256,0.50,random,9,20260913,10,True,144,17162,46,46,222900,342800200,1618700,1464900,113100,283200
CS,512,256,0.50,random,9,20260913,10,True,176,15699,10,10,524000,1351100,1221500,778700,7700,16800
CS,512,256,0.50,random,10,20260914,10,True,186,16587,10,10,383100,1284800,1515000,970900,7600,10500
SD,512,256,0.50,random,10,20260914,10,True,157,18711,46,46,191500,326444700,1536400,1635600,24700,336400
SD,512,256,0.50,random,11,20260915,10,True,138,16450,46,46,189400,333669300,1506300,1510100,22500,270800
CS,512,256,0.50,random,11,20260915,10,True,175,15609,10,10,495000,1424700,1363000,738200,5200,10300
CS,512,256,0.50,random,12,20260916,10,True,183,16321,10,10,408200,1309800,1362600,890500,7600,10800
SD,512,256,0.50,random,12,20260916,10,True,152,18117,46,46,198900,320424100,1501100,1410700,115000,292600
SD,512,256,0.50,random,13,20260917,10,True,152,18114,46,46,189500,321827700,1427200,1702300,179300,300600
CS,512,256,0.50,random,13,20260917,10,True,185,16495,10,10,503600,1566700,1389100,805500,14500,18100
CS,512,256,0.50,random,14,20260918,10,True,184,16413,10,10,436800,1526100,1493200,1061500,7900,10900
SD,512,256,0.50,random,14,20260918,10,True,150,17880,46,46,209500,331277300,1639600,1589900,22500,293400
SD,512,256,0.50,random,15,20260919,10,True,137,16328,46,46,190400,348291200,1482300,1379600,185100,272900
CS,512,256,0.50,random,15,20260919,10,True,172,15341,10,10,386800,1181000,1287000,1018300,7800,9800
CS,512,256,0.50,random,16,20260920,10,True,188,16768,10,10,470000,1451900,1200600,798500,4700,10600
SD,512,256,0.50,random,16,20260920,10,True,158,18831,46,46,198600,324198600,1518800,1646900,6500,327600
SD,512,256,0.50,random,17,20260921,10,True,149,17757,46,46,191600,325508400,1986600,2863200,223200,541200
CS,512,256,0.50,random,17,20260921,10,True,183,16319,10,10,550800,2124300,1276100,797100,8000,10300
CS,512,256,0.50,random,18,20260922,10,True,186,16589,10,10,498600,1415400,1300400,774300,6000,10600
SD,512,256,0.50,random,18,20260922,10,True,143,17049,46,46,196400,327160100,2632900,2753600,19300,310000
SD,512,256,0.50,random,19,20260923,10,True,146,17398,46,46,200500,330165000,1713600,1607800,29800,281800
CS,512,256,0.50,random,19,20260923,10,True,183,16319,10,10,396500,1355100,1274600,829100,5600,11100
CS,512,256,0.50,contiguous,0,20260904,10,True,1,115,10,10,479600,1327200,952000,5500,4700,700
SD,512,256,0.50,contiguous,0,20260904,10,True,1,142,46,46,206500,346666000,1028800,9300,7800,3000
SD,512,256,0.50,contiguous,1,20260904,10,True,1,142,46,46,233700,356595000,853800,16600,8000,5200
CS,512,256,0.50,contiguous,1,20260904,10,True,1,115,10,10,391000,1230100,878800,5500,4800,600
CS,512,256,0.50,contiguous,2,20260904,10,True,1,115,10,10,403700,1287100,1409200,8500,7800,1000
SD,512,256,0.50,contiguous,2,20260904,10,True,1,142,46,46,307700,334668500,1184800,9000,8000,2900
SD,512,256,0.50,contiguous,3,20260904,10,True,1,142,46,46,206600,324942700,1011000,9300,7700,2900
CS,512,256,0.50,contiguous,3,20260904,10,True,1,115,10,10,428300,1226400,856700,5400,4700,600
CS,512,256,0.50,contiguous,4,20260904,10,True,1,115,10,10,442200,1394400,896200,5500,4700,600
SD,512,256,0.50,contiguous,4,20260904,10,True,1,142,46,46,190200,335515100,885200,18300,7900,3000
SD,512,256,0.50,contiguous,5,20260904,10,True,1,142,46,46,191100,329666200,876700,10200,19600,8000
CS,512,256,0.50,contiguous,5,20260904,10,True,1,115,10,10,394900,1502900,920400,9600,13700,1000
CS,512,256,0.50,contiguous,6,20260904,10,True,1,115,10,10,436400,1400100,932500,5700,5100,600
SD,512,256,0.50,contiguous,6,20260904,10,True,1,142,46,46,284700,327527800,863900,14800,11800,4500
SD,512,256,0.50,contiguous,7,20260904,10,True,1,142,46,46,202800,321980500,965000,9100,8000,3000
CS,512,256,0.50,contiguous,7,20260904,10,True,1,115,10,10,584100,1490100,984200,5700,4700,700
CS,512,256,0.50,contiguous,8,20260904,10,True,1,115,10,10,421400,1209700,1151400,10700,7200,700
SD,512,256,0.50,contiguous,8,20260904,10,True,1,142,46,46,236400,341863400,1020100,9200,8100,3000
SD,512,256,0.50,contiguous,9,20260904,10,True,1,142,46,46,196900,319381300,1037500,9900,8000,3000
CS,512,256,0.50,contiguous,9,20260904,10,True,1,115,10,10,393100,1244100,986000,11000,4800,1200
CS,512,256,0.50,uniform,0,20260904,10,True,256,22824,10,10,388500,1382000,1511800,1171200,4700,15400
SD,512,256,0.50,uniform,0,20260904,10,True,256,30503,46,46,301100,326887900,1784400,2665600,7300,507000
SD,512,256,0.50,uniform,1,20260904,10,True,256,30503,46,46,288300,330040200,1662300,2604600,6400,539800
CS,512,256,0.50,uniform,1,20260904,10,True,256,22824,10,10,401100,1263000,1521200,1113700,4800,14300
CS,512,256,0.50,uniform,2,20260904,10,True,256,22824,10,10,486100,1247400,1461600,1181800,9600,21900
SD,512,256,0.50,uniform,2,20260904,10,True,256,30503,46,46,197100,344108900,1711800,2588900,6500,588800
SD,512,256,0.50,uniform,3,20260904,10,True,256,30503,46,46,201200,323344300,1585200,2670800,6300,531800
CS,512,256,0.50,uniform,3,20260904,10,True,256,22824,10,10,491000,1516500,1514700,1204200,4900,14800
CS,512,256,0.50,uniform,4,20260904,10,True,256,22824,10,10,393400,1300700,1369100,1092300,8700,14300
SD,512,256,0.50,uniform,4,20260904,10,True,256,30503,46,46,235400,361482000,1685800,2876500,6400,539500
SD,512,256,0.50,uniform,5,20260904,10,True,256,30503,46,46,227600,353563700,1715200,2592800,6700,521300
CS,512,256,0.50,uniform,5,20260904,10,True,256,22824,10,10,400800,1278600,1310300,1234500,5000,15200
CS,512,256,0.50,uniform,6,20260904,10,True,256,22824,10,10,400700,1382700,1556400,1128000,4700,15100
SD,512,256,0.50,uniform,6,20260904,10,True,256,30503,46,46,188900,323554500,1672300,2649100,13000,536600
SD,512,256,0.50,uniform,7,20260904,10,True,256,30503,46,46,191800,323630600,1747500,2601700,6500,534100
CS,512,256,0.50,uniform,7,20260904,10,True,256,22824,10,10,392100,1374900,1724500,1149800,10300,24500
CS,512,256,0.50,uniform,8,20260904,10,True,256,22824,10,10,431400,1375800,1637400,1745100,4700,14900
SD,512,256,0.50,uniform,8,20260904,10,True,256,30503,46,46,270800,324300100,1743800,2490700,6300,602100
SD,512,256,0.50,uniform,9,20260904,10,True,256,30503,46,46,238900,324517400,1608100,2506300,6400,572000
CS,512,256,0.50,uniform,9,20260904,10,True,256,22824,10,10,402700,1356100,1351900,1253400,4700,15900
CS,512,256,0.50,clustered,0,20260904,10,True,1,115,10,10,381300,1381900,900600,5700,4800,600
SD,512,256,0.50,clustered,0,20260904,10,True,1,142,46,46,288200,338698700,903100,9300,7900,3000
SD,512,256,0.50,clustered,1,20260904,10,True,1,142,46,46,192500,339011300,927700,9400,7800,3000
CS,512,256,0.50,clustered,1,20260904,10,True,1,115,10,10,415300,1199700,867800,9200,8700,1100
CS,512,256,0.50,clustered,2,20260904,10,True,1,115,10,10,407900,1322600,875300,6400,4700,600
SD,512,256,0.50,clustered,2,20260904,10,True,1,142,46,46,189500,324113600,849800,9400,7800,3100
SD,512,256,0.50,clustered,3,20260904,10,True,1,142,46,46,219500,325850000,854800,9400,8000,3000
CS,512,256,0.50,clustered,3,20260904,10,True,1,115,10,10,386100,1296200,947000,5600,4600,600
CS,512,256,0.50,clustered,4,20260904,10,True,1,115,10,10,452900,1325000,949000,5400,4700,600
SD,512,256,0.50,clustered,4,20260904,10,True,1,142,46,46,232200,328842000,916100,9600,7900,5000
SD,512,256,0.50,clustered,5,20260904,10,True,1,142,46,46,190700,332516800,898500,21800,11900,4700
CS,512,256,0.50,clustered,5,20260904,10,True,1,115,10,10,392900,1253000,899400,5600,10300,700
CS,512,256,0.50,clustered,6,20260904,10,True,1,115,10,10,414200,1457400,975200,5500,4800,600
SD,512,256,0.50,clustered,6,20260904,10,True,1,142,46,46,190900,320644500,886000,11900,7800,3300
SD,512,256,0.50,clustered,7,20260904,10,True,1,142,46,46,214000,331245700,1092700,11100,7900,3200
CS,512,256,0.50,clustered,7,20260904,10,True,1,115,10,10,395000,1481200,1099600,5400,4700,600
CS,512,256,0.50,clustered,8,20260904,10,True,1,115,10,10,399500,1351000,939700,5300,4700,600
SD,512,256,0.50,clustered,8,20260904,10,True,1,142,46,46,242400,350394600,1683100,18800,15200,5800
SD,512,256,0.50,clustered,9,20260904,10,True,1,142,46,46,201000,347881300,867900,10200,7700,3100
CS,512,256,0.50,clustered,9,20260904,10,True,1,115,10,10,531200,1199700,866100,14000,6000,800
CS,1024,0,zero,random,0,20260904,3,True,1,115,11,11,850900,3325400,600,5400,5300,
SD,1024,0,zero,random,0,20260904,3,True,1,145,56,56,468400,892805200,600,7200,4600,
SD,1024,0,zero,random,1,20260905,3,True,1,145,56,56,385000,994861100,600,7400,4600,
CS,1024,0,zero,random,1,20260905,3,True,1,115,11,11,1008100,3270800,700,6000,5500,
CS,1024,0,zero,random,2,20260906,3,True,1,115,11,11,1062700,3764000,600,6000,10100,
SD,1024,0,zero,random,2,20260906,3,True,1,145,56,56,380600,867197300,1000,12900,7500,
SD,1024,0,zero,random,3,20260907,3,True,1,145,56,56,568000,871490200,1000,10800,4600,
CS,1024,0,zero,random,3,20260907,3,True,1,115,11,11,917300,3406500,600,6000,4900,
CS,1024,0,zero,random,4,20260908,3,True,1,115,11,11,945000,3222300,600,5800,5100,
SD,1024,0,zero,random,4,20260908,3,True,1,145,56,56,560700,867780600,600,7100,10000,
SD,1024,0,zero,random,5,20260909,3,True,1,145,56,56,676700,861125500,700,6900,4800,
CS,1024,0,zero,random,5,20260909,3,True,1,115,11,11,821600,4916600,600,5500,5300,
CS,1024,0,zero,random,6,20260910,3,True,1,115,11,11,1487000,4401500,900,9400,9700,
SD,1024,0,zero,random,6,20260910,3,True,1,145,56,56,747100,856247000,700,7500,4800,
SD,1024,0,zero,random,7,20260911,3,True,1,145,56,56,380600,860709600,600,7400,5000,
CS,1024,0,zero,random,7,20260911,3,True,1,115,11,11,993900,3465000,700,5900,5000,
CS,1024,0,zero,random,8,20260912,3,True,1,115,11,11,1109900,3289900,500,6500,5100,
SD,1024,0,zero,random,8,20260912,3,True,1,145,56,56,381500,855408000,600,7700,4700,
SD,1024,0,zero,random,9,20260913,3,True,1,145,56,56,414200,858639200,600,7100,4700,
CS,1024,0,zero,random,9,20260913,3,True,1,115,11,11,888400,5159300,600,6000,5200,
CS,1024,0,zero,random,10,20260914,3,True,1,115,11,11,777800,3689600,700,11700,5400,
SD,1024,0,zero,random,10,20260914,3,True,1,145,56,56,392000,868395900,1100,12400,7900,
SD,1024,0,zero,random,11,20260915,3,True,1,145,56,56,519400,975102600,1000,14500,9000,
CS,1024,0,zero,random,11,20260915,3,True,1,115,11,11,1030000,2728700,600,12300,10700,
CS,1024,0,zero,random,12,20260916,3,True,1,115,11,11,770500,2893400,800,10800,5000,
SD,1024,0,zero,random,12,20260916,3,True,1,145,56,56,573700,885329200,600,7500,4900,
SD,1024,0,zero,random,13,20260917,3,True,1,145,56,56,465300,873406800,1500,9500,5700,
CS,1024,0,zero,random,13,20260917,3,True,1,115,11,11,1286600,2761300,700,13200,5000,
CS,1024,0,zero,random,14,20260918,3,True,1,115,11,11,799800,2887500,500,5700,5100,
SD,1024,0,zero,random,14,20260918,3,True,1,145,56,56,381400,897598700,700,7000,4800,
SD,1024,0,zero,random,15,20260919,3,True,1,145,56,56,601800,858228200,700,7600,4700,
CS,1024,0,zero,random,15,20260919,3,True,1,115,11,11,771200,3330000,600,6100,4900,
CS,1024,0,zero,random,16,20260920,3,True,1,115,11,11,887700,3696500,500,6300,4900,
SD,1024,0,zero,random,16,20260920,3,True,1,145,56,56,398100,862468900,600,10600,4700,
SD,1024,0,zero,random,17,20260921,3,True,1,145,56,56,437700,871743000,1100,7200,5100,
CS,1024,0,zero,random,17,20260921,3,True,1,115,11,11,786200,3170000,900,11000,10100,
CS,1024,0,zero,random,18,20260922,3,True,1,115,11,11,855900,3579200,600,6000,5100,
SD,1024,0,zero,random,18,20260922,3,True,1,145,56,56,382000,856384000,800,7600,4600,
SD,1024,0,zero,random,19,20260923,3,True,1,145,56,56,389600,866099900,600,7500,4600,
CS,1024,0,zero,random,19,20260923,3,True,1,115,11,11,1402300,4178900,600,5500,9700,
CS,1024,1,single,random,0,20260904,3,True,10,910,11,11,815600,3451100,24100,42600,5100,1200
SD,1024,1,single,random,0,20260904,3,True,1,145,56,56,389000,883683300,29300,33700,29000,6300
SD,1024,1,single,random,1,20260905,3,True,1,145,56,56,500500,1033157100,35600,35300,31700,6300
CS,1024,1,single,random,1,20260905,3,True,10,911,11,11,774400,3297000,26200,42900,5000,1200
CS,1024,1,single,random,2,20260906,3,True,10,912,11,11,826500,3089000,24300,52900,4800,1200
SD,1024,1,single,random,2,20260906,3,True,1,145,56,56,605700,854749800,29100,66500,60900,10700
SD,1024,1,single,random,3,20260907,3,True,1,145,56,56,456300,1179161300,29300,32900,33100,6500
CS,1024,1,single,random,3,20260907,3,True,10,911,11,11,780600,3396700,26500,42700,5100,1200
CS,1024,1,single,random,4,20260908,3,True,10,911,11,11,935000,3218200,24300,42900,4800,1200
SD,1024,1,single,random,4,20260908,3,True,1,145,56,56,398500,862889600,31800,35800,59100,10600
SD,1024,1,single,random,5,20260909,3,True,1,145,56,56,452600,917435900,48200,69600,69800,11100
CS,1024,1,single,random,5,20260909,3,True,10,910,11,11,1026500,3020000,43400,64200,7500,1900
CS,1024,1,single,random,6,20260910,3,True,10,910,11,11,896200,2755700,53200,80900,10400,1600
SD,1024,1,single,random,6,20260910,3,True,1,145,56,56,390800,864420100,29200,33500,28700,6200
SD,1024,1,single,random,7,20260911,3,True,1,145,56,56,739300,869230000,40300,34700,32300,6300
CS,1024,1,single,random,7,20260911,3,True,10,912,11,11,1042800,3286600,26300,42800,4900,1300
CS,1024,1,single,random,8,20260912,3,True,10,910,11,11,780100,3265200,23700,43100,5000,1200
SD,1024,1,single,random,8,20260912,3,True,1,145,56,56,406600,851286300,30200,35000,30300,6300
SD,1024,1,single,random,9,20260913,3,True,1,145,56,56,647800,874743200,48000,32500,27200,6200
CS,1024,1,single,random,9,20260913,3,True,10,910,11,11,776400,3698900,25200,43400,4800,1300
CS,1024,1,single,random,10,20260914,3,True,10,912,11,11,917800,3225200,25000,42700,9200,3700
SD,1024,1,single,random,10,20260914,3,True,1,145,56,56,393500,890244200,29300,35800,33100,6300
SD,1024,1,single,random,11,20260915,3,True,1,145,56,56,706900,857164600,30000,32900,27900,6200
CS,1024,1,single,random,11,20260915,3,True,10,910,11,11,888600,3282500,24100,42800,5200,1300
CS,1024,1,single,random,12,20260916,3,True,10,910,11,11,868800,3213100,42500,87700,10200,2200
SD,1024,1,single,random,12,20260916,3,True,1,145,56,56,714100,862213900,51900,39300,28000,6600
SD,1024,1,single,random,13,20260917,3,True,1,145,56,56,447800,889194100,29600,32400,29600,6100
CS,1024,1,single,random,13,20260917,3,True,10,911,11,11,771000,3070400,41900,42800,5100,1200
CS,1024,1,single,random,14,20260918,3,True,10,912,11,11,803700,3267000,31500,43000,4900,1300
SD,1024,1,single,random,14,20260918,3,True,1,145,56,56,380500,849721500,28400,33500,33200,6300
SD,1024,1,single,random,15,20260919,3,True,1,145,56,56,380000,962622000,28600,33200,28200,6500
CS,1024,1,single,random,15,20260919,3,True,10,910,11,11,886100,2956200,24900,43300,5100,1300
CS,1024,1,single,random,16,20260920,3,True,10,911,11,11,811200,2744700,24700,43200,8900,2000
SD,1024,1,single,random,16,20260920,3,True,1,145,56,56,410900,913845400,28700,34100,32100,6300
SD,1024,1,single,random,17,20260921,3,True,1,145,56,56,453200,861274900,28800,49800,31900,6300
CS,1024,1,single,random,17,20260921,3,True,10,911,11,11,900600,2706800,26300,45900,5000,1200
CS,1024,1,single,random,18,20260922,3,True,10,912,11,11,782400,3237400,24000,164600,10000,2000
SD,1024,1,single,random,18,20260922,3,True,1,145,56,56,437400,854591300,67000,66100,64200,10500
SD,1024,1,single,random,19,20260923,3,True,1,145,56,56,381300,878503200,30300,40500,35000,6200
CS,1024,1,single,random,19,20260923,3,True,10,912,11,11,806700,3169300,30300,55900,4900,1200
CS,1024,1,single,contiguous,0,20260904,3,True,10,910,11,11,1028100,3013900,26800,43100,5500,1300
SD,1024,1,single,contiguous,0,20260904,3,True,1,145,56,56,383500,862700900,33200,32800,11900,6000
SD,1024,1,single,contiguous,1,20260904,3,True,1,145,56,56,382600,878813000,46700,32300,12300,5900
CS,1024,1,single,contiguous,1,20260904,3,True,10,910,11,11,781900,3133000,25600,57200,7400,1500
CS,1024,1,single,contiguous,2,20260904,3,True,10,910,11,11,822000,3404800,25400,42600,5400,1200
SD,1024,1,single,contiguous,2,20260904,3,True,1,145,56,56,388700,882492000,29700,49800,17400,9200
SD,1024,1,single,contiguous,3,20260904,3,True,1,145,56,56,494900,849434200,28100,31600,11700,5900
CS,1024,1,single,contiguous,3,20260904,3,True,10,910,11,11,866200,3009400,25000,43300,5600,1200
CS,1024,1,single,contiguous,4,20260904,3,True,10,910,11,11,808900,2751600,25600,43100,5600,1200
SD,1024,1,single,contiguous,4,20260904,3,True,1,145,56,56,385900,871610600,31900,32200,12500,6400
SD,1024,1,single,contiguous,5,20260904,3,True,1,145,56,56,511100,863735200,30200,30800,12000,6000
CS,1024,1,single,contiguous,5,20260904,3,True,10,910,11,11,1002600,3137600,24900,43100,5500,1200
CS,1024,1,single,contiguous,6,20260904,3,True,10,910,11,11,911600,2923000,38700,64500,5400,1200
SD,1024,1,single,contiguous,6,20260904,3,True,1,145,56,56,384900,861901300,28800,31400,20800,11700
SD,1024,1,single,contiguous,7,20260904,3,True,1,145,56,56,398200,869849700,31100,31400,12500,5900
CS,1024,1,single,contiguous,7,20260904,3,True,10,910,11,11,1507900,5083800,42300,81600,5400,1400
CS,1024,1,single,contiguous,8,20260904,3,True,10,910,11,11,1387600,4009400,35500,43300,5500,1300
SD,1024,1,single,contiguous,8,20260904,3,True,1,145,56,56,491400,909491200,29000,31000,12100,5800
SD,1024,1,single,contiguous,9,20260904,3,True,1,145,56,56,385500,843153500,29600,31800,12800,6500
CS,1024,1,single,contiguous,9,20260904,3,True,10,910,11,11,994600,3244900,24900,42800,5700,1200
CS,1024,1,single,uniform,0,20260904,3,True,10,910,11,11,784300,3304600,25100,114100,5700,1200
SD,1024,1,single,uniform,0,20260904,3,True,1,145,56,56,395700,885540700,29100,31200,12200,6000
SD,1024,1,single,uniform,1,20260904,3,True,1,145,56,56,414400,841677800,29800,31000,12100,5900
CS,1024,1,single,uniform,1,20260904,3,True,10,910,11,11,1104500,3023900,26000,42800,5500,1300
CS,1024,1,single,uniform,2,20260904,3,True,10,910,11,11,1033900,3369600,25100,43100,5600,1200
SD,1024,1,single,uniform,2,20260904,3,True,1,145,56,56,437600,853222100,31800,46800,12800,6900
SD,1024,1,single,uniform,3,20260904,3,True,1,145,56,56,447600,903612700,28700,36300,12200,6000
CS,1024,1,single,uniform,3,20260904,3,True,10,910,11,11,790200,3213100,24800,42800,10000,2300
CS,1024,1,single,uniform,4,20260904,3,True,10,910,11,11,838300,3710500,24900,68300,9500,2000
SD,1024,1,single,uniform,4,20260904,3,True,1,145,56,56,397800,844623900,29300,30900,12200,6100
SD,1024,1,single,uniform,5,20260904,3,True,1,145,56,56,412700,851825100,45600,56500,18000,8900
CS,1024,1,single,uniform,5,20260904,3,True,10,910,11,11,908000,2915300,26700,42900,5400,1200
CS,1024,1,single,uniform,6,20260904,3,True,10,910,11,11,790300,3280500,25600,42900,5400,1100
SD,1024,1,single,uniform,6,20260904,3,True,1,145,56,56,389400,870663000,29700,39200,11700,6100
SD,1024,1,single,uniform,7,20260904,3,True,1,145,56,56,414100,864070100,29100,30600,16800,6200
CS,1024,1,single,uniform,7,20260904,3,True,10,910,11,11,764800,3269500,23800,42700,11400,1300
CS,1024,1,single,uniform,8,20260904,3,True,10,910,11,11,916900,3347600,37800,42900,5600,1200
SD,1024,1,single,uniform,8,20260904,3,True,1,145,56,56,442200,885201000,51800,62300,34100,9400
SD,1024,1,single,uniform,9,20260904,3,True,1,145,56,56,543700,869630200,45900,31800,12100,5900
CS,1024,1,single,uniform,9,20260904,3,True,10,910,11,11,1058400,3506800,25700,42500,5400,1300
CS,1024,1,single,clustered,0,20260904,3,True,10,911,11,11,1022300,2930300,26100,43400,4900,1300
SD,1024,1,single,clustered,0,20260904,3,True,1,145,56,56,381200,953996000,30100,32000,30800,6100
SD,1024,1,single,clustered,1,20260904,3,True,1,145,56,56,430700,866734700,33300,31300,30300,6100
CS,1024,1,single,clustered,1,20260904,3,True,10,911,11,11,940300,2769000,25100,43000,5000,1200
CS,1024,1,single,clustered,2,20260904,3,True,10,911,11,11,856900,3136700,26000,43100,4900,1200
SD,1024,1,single,clustered,2,20260904,3,True,1,145,56,56,382100,850893200,29000,31700,31400,6500
SD,1024,1,single,clustered,3,20260904,3,True,1,145,56,56,399600,790138600,33300,31800,32500,6200
CS,1024,1,single,clustered,3,20260904,3,True,10,911,11,11,798300,2927700,42500,42800,4900,1200
CS,1024,1,single,clustered,4,20260904,3,True,10,911,11,11,772900,3238800,24400,43400,4900,1200
SD,1024,1,single,clustered,4,20260904,3,True,1,145,56,56,492000,794598600,60900,66000,87300,10800
SD,1024,1,single,clustered,5,20260904,3,True,1,145,56,56,424100,785384500,57100,32000,31600,6100
CS,1024,1,single,clustered,5,20260904,3,True,10,911,11,11,786200,3379000,37600,42800,5000,1200
CS,1024,1,single,clustered,6,20260904,3,True,10,911,11,11,805000,3532800,25600,43100,4900,1200
SD,1024,1,single,clustered,6,20260904,3,True,1,145,56,56,380600,852069500,30700,34900,35100,5900
SD,1024,1,single,clustered,7,20260904,3,True,1,145,56,56,393400,849387000,32000,32300,31000,6100
CS,1024,1,single,clustered,7,20260904,3,True,10,911,11,11,805800,2828400,27500,84200,9500,2100
CS,1024,1,single,clustered,8,20260904,3,True,10,911,11,11,1180600,2968600,24700,43400,5000,1200
SD,1024,1,single,clustered,8,20260904,3,True,1,145,56,56,382700,796159400,35000,32100,30200,6200
SD,1024,1,single,clustered,9,20260904,3,True,1,145,56,56,394100,873583500,39300,39400,38000,6000
CS,1024,1,single,clustered,9,20260904,3,True,10,911,11,11,792000,3342100,24900,71800,8700,1900
CS,1024,10,0.01,random,0,20260904,3,True,59,5270,11,11,780500,2761100,149100,277500,6000,3900
SD,1024,10,0.01,random,0,20260904,3,True,12,1451,56,56,410600,783754800,178400,237600,20800,30800
SD,1024,10,0.01,random,1,20260905,3,True,10,1215,56,56,449500,814370700,249200,465200,33200,26000
CS,1024,10,0.01,random,1,20260905,3,True,65,5801,11,11,878000,3413000,185800,518400,6900,4000
CS,1024,10,0.01,random,2,20260906,3,True,59,5270,11,11,943000,3342300,174900,321700,5600,3800
SD,1024,10,0.01,random,2,20260906,3,True,11,1334,56,56,534300,829510300,183700,267100,27900,27600
SD,1024,10,0.01,random,3,20260907,3,True,10,1215,56,56,394900,825284400,179400,209800,27200,28200
CS,1024,10,0.01,random,3,20260907,3,True,60,5359,11,11,795200,2678800,146500,247700,5000,3800
CS,1024,10,0.01,random,4,20260908,3,True,57,5090,11,11,838200,3512400,147500,280400,5700,3600
SD,1024,10,0.01,random,4,20260908,3,True,12,1454,56,56,394000,805268900,178400,210900,19300,31100
SD,1024,10,0.01,random,5,20260909,3,True,10,1211,56,56,412500,779079100,175900,196400,33000,26100
CS,1024,10,0.01,random,5,20260909,3,True,55,4913,11,11,786100,3051700,154900,338700,6500,4400
CS,1024,10,0.01,random,6,20260910,3,True,56,5005,11,11,796000,2952400,142900,243100,5400,3700
SD,1024,10,0.01,random,6,20260910,3,True,14,1683,56,56,385200,788198100,180000,223400,24700,36600
SD,1024,10,0.01,random,7,20260911,3,True,11,1331,56,56,384100,819927000,198000,322300,21800,28600
CS,1024,10,0.01,random,7,20260911,3,True,65,5804,11,11,863300,3171800,164100,276300,5700,4600
CS,1024,10,0.01,random,8,20260912,3,True,56,5006,11,11,827700,3547000,159900,432300,5100,3900
SD,1024,10,0.01,random,8,20260912,3,True,14,1685,56,56,700300,986542700,178600,229000,31100,36100
SD,1024,10,0.01,random,9,20260913,3,True,14,1682,56,56,428000,830016700,184400,229700,30100,35100
CS,1024,10,0.01,random,9,20260913,3,True,60,5362,11,11,963600,3262100,150200,247600,5000,4000
CS,1024,10,0.01,random,10,20260914,3,True,57,5094,11,11,862900,2743800,231900,235600,7000,3800
SD,1024,10,0.01,random,10,20260914,3,True,14,1688,56,56,396300,870262800,175800,229000,28400,98500
SD,1024,10,0.01,random,11,20260915,3,True,11,1335,56,56,382600,876634600,190800,221800,20500,28100
CS,1024,10,0.01,random,11,20260915,3,True,62,5535,11,11,774500,2869800,153600,256200,5400,4100
CS,1024,10,0.01,random,12,20260916,3,True,59,5271,11,11,776400,3515300,288700,273200,4900,6600
SD,1024,10,0.01,random,12,20260916,3,True,12,1450,56,56,406100,914588900,190300,414400,46900,52400
SD,1024,10,0.01,random,13,20260917,3,True,13,1565,56,56,431000,902064400,317800,479500,21600,61000
CS,1024,10,0.01,random,13,20260917,3,True,59,5271,11,11,1038600,3776000,233700,334500,6200,4000
CS,1024,10,0.01,random,14,20260918,3,True,60,5361,11,11,1068700,3492300,249300,435700,5300,4100
SD,1024,10,0.01,random,14,20260918,3,True,12,1450,56,56,585400,909792400,211800,228700,36700,31300
SD,1024,10,0.01,random,15,20260919,3,True,11,1331,56,56,386300,805561500,189100,220700,28400,28800
CS,1024,10,0.01,random,15,20260919,3,True,63,5626,11,11,774900,2686200,153500,260700,5000,4300
CS,1024,10,0.01,random,16,20260920,3,True,54,4824,11,11,781100,2730600,139800,223000,5500,3500
SD,1024,10,0.01,random,16,20260920,3,True,13,1575,56,56,392900,855952800,278500,216600,22100,33700
SD,1024,10,0.01,random,17,20260921,3,True,13,1567,56,56,411000,934702100,430600,222600,15000,32600
CS,1024,10,0.01,random,17,20260921,3,True,58,5182,11,11,817900,4178000,334900,324900,9700,6900
CS,1024,10,0.01,random,18,20260922,3,True,61,5449,11,11,849400,4402400,237400,265900,6100,4000
SD,1024,10,0.01,random,18,20260922,3,True,11,1332,56,56,569100,922522200,185000,408100,26200,27800
SD,1024,10,0.01,random,19,20260923,3,True,14,1684,56,56,398400,821606200,184400,286000,36200,42400
CS,1024,10,0.01,random,19,20260923,3,True,60,5361,11,11,776800,2860600,148000,249000,5200,3800
CS,1024,10,0.01,contiguous,0,20260904,3,True,8,731,11,11,783400,2791000,112900,47700,5400,1100
SD,1024,10,0.01,contiguous,0,20260904,3,True,2,262,56,56,379000,781651200,60700,33400,11400,6900
SD,1024,10,0.01,contiguous,1,20260904,3,True,2,262,56,56,438400,771414300,59000,31600,11100,6800
CS,1024,10,0.01,contiguous,1,20260904,3,True,8,731,11,11,768300,2783300,53600,34800,5300,1100
CS,1024,10,0.01,contiguous,2,20260904,3,True,8,731,11,11,764300,2749400,53000,34200,5300,1300
SD,1024,10,0.01,contiguous,2,20260904,3,True,2,262,56,56,395500,773824400,58000,32200,12300,6700
SD,1024,10,0.01,contiguous,3,20260904,3,True,2,262,56,56,382500,756611600,63200,32400,11500,12500
CS,1024,10,0.01,contiguous,3,20260904,3,True,8,731,11,11,773200,3159200,54700,34600,5400,1100
CS,1024,10,0.01,contiguous,4,20260904,3,True,8,731,11,11,828200,2726600,55200,34300,5600,1100
SD,1024,10,0.01,contiguous,4,20260904,3,True,2,262,56,56,717500,792113900,58100,32600,11200,6700
SD,1024,10,0.01,contiguous,5,20260904,3,True,2,262,56,56,379800,778317200,56800,32300,11200,7100
CS,1024,10,0.01,contiguous,5,20260904,3,True,8,731,11,11,794000,3512200,54400,35200,5400,1100
CS,1024,10,0.01,contiguous,6,20260904,3,True,8,731,11,11,790300,3189100,54600,35000,5700,1100
SD,1024,10,0.01,contiguous,6,20260904,3,True,2,262,56,56,618600,768361000,96100,34500,11200,6700
SD,1024,10,0.01,contiguous,7,20260904,3,True,2,262,56,56,408100,767676300,57200,31900,11000,6800
CS,1024,10,0.01,contiguous,7,20260904,3,True,8,731,11,11,771800,3204900,53000,35100,5400,1100
CS,1024,10,0.01,contiguous,8,20260904,3,True,8,731,11,11,796500,2801000,53800,34200,5400,1200
SD,1024,10,0.01,contiguous,8,20260904,3,True,2,262,56,56,383500,781254900,66700,32500,12500,6800
SD,1024,10,0.01,contiguous,9,20260904,3,True,2,262,56,56,379900,807441700,58600,31400,11200,6700
CS,1024,10,0.01,contiguous,9,20260904,3,True,8,731,11,11,916000,2727100,57700,78100,8600,1500
CS,1024,10,0.01,uniform,0,20260904,3,True,66,5891,11,11,811100,3250700,169800,348900,8000,4300
SD,1024,10,0.01,uniform,0,20260904,3,True,10,1216,56,56,395300,831784700,197100,223400,23000,25700
SD,1024,10,0.01,uniform,1,20260904,3,True,10,1216,56,56,425900,772987400,197400,226700,23200,25400
CS,1024,10,0.01,uniform,1,20260904,3,True,66,5891,11,11,846300,2768500,163700,272800,7900,4200
CS,1024,10,0.01,uniform,2,20260904,3,True,66,5891,11,11,819400,2745900,182500,271500,8100,4200
SD,1024,10,0.01,uniform,2,20260904,3,True,10,1216,56,56,386000,772339100,197600,295300,46300,25800
SD,1024,10,0.01,uniform,3,20260904,3,True,10,1216,56,56,570700,787701600,208000,223800,23800,26500
CS,1024,10,0.01,uniform,3,20260904,3,True,66,5891,11,11,776000,2879500,368200,275900,8200,4200
CS,1024,10,0.01,uniform,4,20260904,3,True,66,5891,11,11,800300,2804100,184800,273200,8100,4200
SD,1024,10,0.01,uniform,4,20260904,3,True,10,1216,56,56,380000,785221600,194700,223300,23700,26100
SD,1024,10,0.01,uniform,5,20260904,3,True,10,1216,56,56,381900,780882700,229800,226900,22600,24900
CS,1024,10,0.01,uniform,5,20260904,3,True,66,5891,11,11,1109000,2739700,164400,271800,9600,4400
CS,1024,10,0.01,uniform,6,20260904,3,True,66,5891,11,11,847500,3098100,211200,271700,8300,4500
SD,1024,10,0.01,uniform,6,20260904,3,True,10,1216,56,56,381400,800661900,196900,223000,23400,25200
SD,1024,10,0.01,uniform,7,20260904,3,True,10,1216,56,56,386300,770316700,282200,223400,22900,25700
CS,1024,10,0.01,uniform,7,20260904,3,True,66,5891,11,11,787000,3109000,161900,271800,13100,7700
CS,1024,10,0.01,uniform,8,20260904,3,True,66,5891,11,11,790200,3372700,162600,274000,14300,6900
SD,1024,10,0.01,uniform,8,20260904,3,True,10,1216,56,56,381100,779891600,196600,224800,23300,25600
SD,1024,10,0.01,uniform,9,20260904,3,True,10,1216,56,56,382900,792943400,202100,223800,23400,26900
CS,1024,10,0.01,uniform,9,20260904,3,True,66,5891,11,11,784200,2698700,161600,272900,8100,4300
CS,1024,10,0.01,clustered,0,20260904,3,True,8,732,11,11,795900,2678900,51300,34600,4900,1100
SD,1024,10,0.01,clustered,0,20260904,3,True,2,262,56,56,382800,766080400,58100,34100,20000,7000
SD,1024,10,0.01,clustered,1,20260904,3,True,2,262,56,56,392300,793672500,56600,32400,21000,6900
CS,1024,10,0.01,clustered,1,20260904,3,True,8,732,11,11,767500,2784000,70600,34800,5100,1100
CS,1024,10,0.01,clustered,2,20260904,3,True,8,732,11,11,904500,3232700,93800,35700,5300,1100
SD,1024,10,0.01,clustered,2,20260904,3,True,2,262,56,56,381900,780753700,59600,32900,20100,6900
SD,1024,10,0.01,clustered,3,20260904,3,True,2,262,56,56,384100,807155400,78400,34300,41000,7000
CS,1024,10,0.01,clustered,3,20260904,3,True,8,732,11,11,797300,2881100,52200,71300,8900,1800
CS,1024,10,0.01,clustered,4,20260904,3,True,8,732,11,11,771700,3040400,52300,34900,4900,1100
SD,1024,10,0.01,clustered,4,20260904,3,True,2,262,56,56,417200,784077900,111000,33200,20800,7100
SD,1024,10,0.01,clustered,5,20260904,3,True,2,262,56,56,393700,783422100,57000,31700,20200,6900
CS,1024,10,0.01,clustered,5,20260904,3,True,8,732,11,11,800900,3681700,99100,66000,5000,1200
CS,1024,10,0.01,clustered,6,20260904,3,True,8,732,11,11,1405100,3013800,53000,34700,4800,1100
SD,1024,10,0.01,clustered,6,20260904,3,True,2,262,56,56,382000,772640900,56900,34000,20400,6800
SD,1024,10,0.01,clustered,7,20260904,3,True,2,262,56,56,436400,856180900,94800,50200,40000,12200
CS,1024,10,0.01,clustered,7,20260904,3,True,8,732,11,11,1413200,4330200,110000,46900,4900,1100
CS,1024,10,0.01,clustered,8,20260904,3,True,8,732,11,11,776500,3143100,52800,34800,4900,1200
SD,1024,10,0.01,clustered,8,20260904,3,True,2,262,56,56,455300,792103900,57100,32100,37000,8500
SD,1024,10,0.01,clustered,9,20260904,3,True,2,262,56,56,418900,810069200,58900,60600,40500,7000
CS,1024,10,0.01,clustered,9,20260904,3,True,8,732,11,11,807200,2993900,53000,34400,4800,1000
CS,1024,51,0.05,random,0,20260904,3,True,169,15101,11,11,837000,3002600,519500,829200,10600,28300
SD,1024,51,0.05,random,0,20260904,3,True,64,7659,56,56,387900,782774600,606700,798300,24100,153000
SD,1024,51,0.05,random,1,20260905,3,True,61,7299,56,56,385000,776191100,621000,776300,27400,147000
CS,1024,51,0.05,random,1,20260905,3,True,170,15193,11,11,768200,3193500,511300,700200,12500,10000
CS,1024,51,0.05,random,2,20260906,3,True,191,17070,11,11,773100,2945900,552900,974500,10200,11000
SD,1024,51,0.05,random,2,20260906,3,True,63,7538,56,56,383400,779368400,674700,844300,54500,154200
SD,1024,51,0.05,random,3,20260907,3,True,58,6949,56,56,398500,771680200,667400,1087700,37600,137500
CS,1024,51,0.05,random,3,20260907,3,True,191,17068,11,11,865300,2733600,547800,884000,5900,11600
CS,1024,51,0.05,random,4,20260908,3,True,186,16621,11,11,773100,2839600,600000,770400,5400,10700
SD,1024,51,0.05,random,4,20260908,3,True,58,6943,56,56,391400,782103300,655500,843100,27300,138700
SD,1024,51,0.05,random,5,20260909,3,True,63,7540,56,56,412500,793970800,640600,837300,117600,296000
CS,1024,51,0.05,random,5,20260909,3,True,178,15909,11,11,790200,2760400,542800,733800,13500,19600
CS,1024,51,0.05,random,6,20260910,3,True,191,17068,11,11,795700,2881400,567000,778700,5500,11500
SD,1024,51,0.05,random,6,20260910,3,True,63,7542,56,56,730200,778929200,845000,1331100,21000,187800
SD,1024,51,0.05,random,7,20260911,3,True,58,6946,56,56,506500,792471800,646100,1098600,32300,137000
CS,1024,51,0.05,random,7,20260911,3,True,182,16261,11,11,773200,2672500,557100,774200,5200,10800
CS,1024,51,0.05,random,8,20260912,3,True,176,15729,11,11,772900,2700000,559200,731600,5000,10700
SD,1024,51,0.05,random,8,20260912,3,True,61,7306,56,56,380600,780458000,620100,788300,28700,146000
SD,1024,51,0.05,random,9,20260913,3,True,63,7544,56,56,380900,776788100,674500,902300,59200,153200
CS,1024,51,0.05,random,9,20260913,3,True,190,16979,11,11,906300,5119600,1113600,788000,7700,11100
CS,1024,51,0.05,random,10,20260914,3,True,176,15727,11,11,1057000,2951300,538500,733800,9700,10300
SD,1024,51,0.05,random,10,20260914,3,True,62,7424,56,56,385900,767492100,644900,929900,66800,144300
SD,1024,51,0.05,random,11,20260915,3,True,63,7544,56,56,385500,776131800,660400,859400,21800,153600
CS,1024,51,0.05,random,11,20260915,3,True,182,16264,11,11,775300,2934500,533800,746000,5300,10600
CS,1024,51,0.05,random,12,20260916,3,True,195,17424,11,11,776600,2664000,577300,860300,4800,11300
SD,1024,51,0.05,random,12,20260916,3,True,59,7068,56,56,382000,777210000,683700,824800,8400,141700
SD,1024,51,0.05,random,13,20260917,3,True,60,7186,56,56,427500,771071900,918400,1004300,90300,144900
CS,1024,51,0.05,random,13,20260917,3,True,188,16802,11,11,848700,3030600,900500,777200,9900,11700
CS,1024,51,0.05,random,14,20260918,3,True,189,16887,11,11,777700,3008400,628300,823900,5400,19900
SD,1024,51,0.05,random,14,20260918,3,True,60,7182,56,56,379200,772457000,678500,814800,7500,146200
SD,1024,51,0.05,random,15,20260919,3,True,62,7418,56,56,383800,751838100,657700,838800,94400,166800
CS,1024,51,0.05,random,15,20260919,3,True,186,16624,11,11,839600,3076300,532100,764200,8100,11500
CS,1024,51,0.05,random,16,20260920,3,True,186,16621,11,11,778100,2712500,533300,1052700,5200,18500
SD,1024,51,0.05,random,16,20260920,3,True,63,7546,56,56,446400,776124200,649200,846600,29900,151700
SD,1024,51,0.05,random,17,20260921,3,True,55,6589,56,56,379400,776305800,627400,753600,44800,130400
CS,1024,51,0.05,random,17,20260921,3,True,177,15813,11,11,799800,2968200,527200,727500,5500,10800
CS,1024,51,0.05,random,18,20260922,3,True,187,16708,11,11,781200,2815700,530700,802800,6000,11300
SD,1024,51,0.05,random,18,20260922,3,True,57,6825,56,56,394500,853230200,679400,962500,25300,138200
SD,1024,51,0.05,random,19,20260923,3,True,63,7537,56,56,387000,763963200,654100,837700,29800,148200
CS,1024,51,0.05,random,19,20260923,3,True,187,16707,11,11,789600,3083800,539200,767300,12900,22100
CS,1024,51,0.05,contiguous,0,20260904,3,True,7,645,11,11,766200,2851000,199900,30400,5200,1100
SD,1024,51,0.05,contiguous,0,20260904,3,True,3,381,56,56,390500,840746900,215000,35400,13700,8600
SD,1024,51,0.05,contiguous,1,20260904,3,True,3,381,56,56,382900,816306500,200900,35800,13400,9000
CS,1024,51,0.05,contiguous,1,20260904,3,True,7,645,11,11,784700,2966000,513200,52600,10000,1700
CS,1024,51,0.05,contiguous,2,20260904,3,True,7,645,11,11,827800,3068900,197900,30700,5300,1100
SD,1024,51,0.05,contiguous,2,20260904,3,True,3,381,56,56,570800,777092000,202200,36000,13400,8800
SD,1024,51,0.05,contiguous,3,20260904,3,True,3,381,56,56,633000,768578600,194900,35100,13200,8700
CS,1024,51,0.05,contiguous,3,20260904,3,True,7,645,11,11,784100,2939300,229400,30200,5300,1200
CS,1024,51,0.05,contiguous,4,20260904,3,True,7,645,11,11,807500,2753200,192200,30200,5300,1000
SD,1024,51,0.05,contiguous,4,20260904,3,True,3,381,56,56,391400,781874000,205900,36100,13800,8700
SD,1024,51,0.05,contiguous,5,20260904,3,True,3,381,56,56,697100,771717900,209000,36300,12900,8800
CS,1024,51,0.05,contiguous,5,20260904,3,True,7,645,11,11,907400,2802000,221600,30600,5500,1000
CS,1024,51,0.05,contiguous,6,20260904,3,True,7,645,11,11,864800,2780500,250100,30200,5200,1000
SD,1024,51,0.05,contiguous,6,20260904,3,True,3,381,56,56,381700,751324700,203700,34700,14000,8800
SD,1024,51,0.05,contiguous,7,20260904,3,True,3,381,56,56,379600,771327200,204500,36900,13600,8700
CS,1024,51,0.05,contiguous,7,20260904,3,True,7,645,11,11,771800,3082300,190900,30800,9000,1600
CS,1024,51,0.05,contiguous,8,20260904,3,True,7,645,11,11,797600,3130800,201800,30600,5300,1000
SD,1024,51,0.05,contiguous,8,20260904,3,True,3,381,56,56,467400,762600800,207800,35300,14400,8700
SD,1024,51,0.05,contiguous,9,20260904,3,True,3,381,56,56,394400,798638700,198200,35600,13100,8600
CS,1024,51,0.05,contiguous,9,20260904,3,True,7,645,11,11,763300,2770300,322600,31200,5400,1000
CS,1024,51,0.05,uniform,0,20260904,3,True,217,19388,11,11,776700,2876000,580700,922100,14000,12500
SD,1024,51,0.05,uniform,0,20260904,3,True,51,6112,56,56,451100,766220800,1063700,935400,40000,127700
SD,1024,51,0.05,uniform,1,20260904,3,True,51,6112,56,56,386700,761171800,697700,821700,39500,122500
CS,1024,51,0.05,uniform,1,20260904,3,True,217,19388,11,11,782900,2777400,572200,899800,48500,20200
CS,1024,51,0.05,uniform,2,20260904,3,True,217,19388,11,11,775700,2971700,571600,909300,14200,13100
SD,1024,51,0.05,uniform,2,20260904,3,True,51,6112,56,56,382300,754859000,686500,819500,38500,120900
SD,1024,51,0.05,uniform,3,20260904,3,True,51,6112,56,56,467700,775689700,1039900,813700,39800,125000
CS,1024,51,0.05,uniform,3,20260904,3,True,217,19388,11,11,771400,2804500,576300,892000,14200,12900
CS,1024,51,0.05,uniform,4,20260904,3,True,217,19388,11,11,784800,2759300,581000,1051500,14100,13300
SD,1024,51,0.05,uniform,4,20260904,3,True,51,6112,56,56,400600,751856400,805700,1102800,52200,156000
SD,1024,51,0.05,uniform,5,20260904,3,True,51,6112,56,56,522000,804988200,697700,823200,39200,164700
CS,1024,51,0.05,uniform,5,20260904,3,True,217,19388,11,11,782000,2750000,574700,893900,13700,12800
CS,1024,51,0.05,uniform,6,20260904,3,True,217,19388,11,11,836100,2859600,567800,929700,18400,12300
SD,1024,51,0.05,uniform,6,20260904,3,True,51,6112,56,56,588300,757681500,689800,967600,39000,121600
SD,1024,51,0.05,uniform,7,20260904,3,True,51,6112,56,56,382300,830496900,724600,819700,52500,124000
CS,1024,51,0.05,uniform,7,20260904,3,True,217,19388,11,11,788800,3105100,578700,902900,14000,12600
CS,1024,51,0.05,uniform,8,20260904,3,True,217,19388,11,11,766100,2804700,583700,901200,14300,12400
SD,1024,51,0.05,uniform,8,20260904,3,True,51,6112,56,56,383300,755805900,750400,836600,39300,119200
SD,1024,51,0.05,uniform,9,20260904,3,True,51,6112,56,56,382000,755998100,700600,817600,39300,124600
CS,1024,51,0.05,uniform,9,20260904,3,True,217,19388,11,11,925700,2783200,568700,901600,14200,13100
CS,1024,51,0.05,clustered,0,20260904,3,True,7,646,11,11,1151700,2992200,187200,30800,4900,1000
SD,1024,51,0.05,clustered,0,20260904,3,True,3,381,56,56,388200,747892900,194100,36900,16700,9100
SD,1024,51,0.05,clustered,1,20260904,3,True,3,381,56,56,675700,753288900,194100,36500,15600,8900
CS,1024,51,0.05,clustered,1,20260904,3,True,7,646,11,11,900700,2883100,190900,30200,4800,1000
CS,1024,51,0.05,clustered,2,20260904,3,True,7,646,11,11,777200,2726400,285800,30900,4900,1000
SD,1024,51,0.05,clustered,2,20260904,3,True,3,381,56,56,379600,758699400,220000,36000,16000,8800
SD,1024,51,0.05,clustered,3,20260904,3,True,3,381,56,56,387000,754713200,194300,36700,15700,9000
CS,1024,51,0.05,clustered,3,20260904,3,True,7,646,11,11,846700,3265200,184200,30500,4900,1100
CS,1024,51,0.05,clustered,4,20260904,3,True,7,646,11,11,771200,2698200,313600,30500,5200,1200
SD,1024,51,0.05,clustered,4,20260904,3,True,3,381,56,56,380200,752971300,195000,36700,15600,9200
SD,1024,51,0.05,clustered,5,20260904,3,True,3,381,56,56,381600,751401600,201800,35300,16300,9300
CS,1024,51,0.05,clustered,5,20260904,3,True,7,646,11,11,804700,2777100,209900,30300,4900,1100
CS,1024,51,0.05,clustered,6,20260904,3,True,7,646,11,11,765000,2853100,187700,30800,4900,1000
SD,1024,51,0.05,clustered,6,20260904,3,True,3,381,56,56,381300,784457700,198400,35700,15600,8800
SD,1024,51,0.05,clustered,7,20260904,3,True,3,381,56,56,383900,756555600,193300,36100,15500,8600
CS,1024,51,0.05,clustered,7,20260904,3,True,7,646,11,11,786600,2946600,227900,30700,4900,1100
CS,1024,51,0.05,clustered,8,20260904,3,True,7,646,11,11,777200,2888500,189200,31600,5100,1100
SD,1024,51,0.05,clustered,8,20260904,3,True,3,381,56,56,454500,758132000,191400,35500,15300,8800
SD,1024,51,0.05,clustered,9,20260904,3,True,3,381,56,56,383200,823295200,209700,43700,15900,8800
CS,1024,51,0.05,clustered,9,20260904,3,True,7,646,11,11,920300,3217900,206700,30800,5000,1300
CS,1024,102,0.10,random,0,20260904,3,True,258,23075,11,11,1196400,2727400,822100,1102300,5800,14800
SD,1024,102,0.10,random,0,20260904,3,True,113,13529,56,56,394700,805058500,1076300,1440500,35900,265600
SD,1024,102,0.10,random,1,20260905,3,True,111,13300,56,56,408000,747975200,983700,1327200,37700,267400
CS,1024,102,0.10,random,1,20260905,3,True,260,23251,11,11,799200,2857700,844700,1081700,7500,15700
CS,1024,102,0.10,random,2,20260906,3,True,263,23520,11,11,771400,2808800,837400,1085000,15200,16300
SD,1024,102,0.10,random,2,20260906,3,True,113,13534,56,56,389400,746112400,1004200,1362600,99300,278300
SD,1024,102,0.10,random,3,20260907,3,True,114,13662,56,56,412600,757062500,1071400,1354900,206000,659900
CS,1024,102,0.10,random,3,20260907,3,True,277,24775,11,11,817300,3698700,919200,1168500,7100,16000
CS,1024,102,0.10,random,4,20260908,3,True,269,24056,11,11,821300,2743200,849800,1129500,5800,23200
SD,1024,102,0.10,random,4,20260908,3,True,108,12941,56,56,382500,749120400,1042300,1375500,39900,402300
SD,1024,102,0.10,random,5,20260909,3,True,113,13538,56,56,395100,767998600,1018300,1297300,92800,263400
CS,1024,102,0.10,random,5,20260909,3,True,267,23879,11,11,799400,2942900,857100,1109000,11000,15500
CS,1024,102,0.10,random,6,20260910,3,True,280,25043,11,11,773500,2715600,878100,1158200,10800,16800
SD,1024,102,0.10,random,6,20260910,3,True,116,13905,56,56,385000,747952600,1912500,2582200,62700,509600
SD,1024,102,0.10,random,7,20260911,3,True,113,13538,56,56,384100,765119800,1419800,1424900,41400,263100
CS,1024,102,0.10,random,7,20260911,3,True,269,24056,11,11,841400,2779700,868300,1109300,5600,15300
CS,1024,102,0.10,random,8,20260912,3,True,254,22720,11,11,1041200,2821000,818400,1442000,5200,14800
SD,1024,102,0.10,random,8,20260912,3,True,112,13421,56,56,399200,767962600,971700,1313100,27600,263600
SD,1024,102,0.10,random,9,20260913,3,True,108,12938,56,56,396600,781002800,1043100,1386200,176400,324100
CS,1024,102,0.10,random,9,20260913,3,True,276,24675,11,11,928400,3229600,870600,1183500,11600,15900
CS,1024,102,0.10,random,10,20260914,3,True,254,22711,11,11,796400,2688800,1123600,1052600,15500,15300
SD,1024,102,0.10,random,10,20260914,3,True,109,13045,56,56,381600,807794200,996100,1257500,111400,252900
SD,1024,102,0.10,random,11,20260915,3,True,115,13774,56,56,385300,780326400,1058300,1319200,43700,290600
CS,1024,102,0.10,random,11,20260915,3,True,265,23702,11,11,857600,2769900,846900,1108200,5700,14900
CS,1024,102,0.10,random,12,20260916,3,True,286,25572,11,11,786700,2746300,1124700,1234500,5000,16300
SD,1024,102,0.10,random,12,20260916,3,True,111,13300,56,56,380300,751729900,2291900,2619500,13300,401600
SD,1024,102,0.10,random,13,20260917,3,True,106,12708,56,56,749100,837335000,1090000,1303500,178100,256600
CS,1024,102,0.10,random,13,20260917,3,True,286,25573,11,11,768100,2782300,879200,1183900,15400,16100
CS,1024,102,0.10,random,14,20260918,3,True,271,24237,11,11,811900,2731200,895800,1115700,5100,15400
SD,1024,102,0.10,random,14,20260918,3,True,116,13896,56,56,394500,768737100,1026900,1379700,7400,320800
SD,1024,102,0.10,random,15,20260919,3,True,111,13301,56,56,381400,772886000,1151000,1811300,360900,489900
CS,1024,102,0.10,random,15,20260919,3,True,280,25042,11,11,777800,3917700,977600,1530300,19200,28300
CS,1024,102,0.10,random,16,20260920,3,True,267,23876,11,11,783100,2938300,867800,1191700,5800,15600
SD,1024,102,0.10,random,16,20260920,3,True,110,13176,56,56,381400,759572800,998900,1279600,43300,258800
SD,1024,102,0.10,random,17,20260921,3,True,106,12704,56,56,382300,787471200,1047500,1482900,42700,470600
CS,1024,102,0.10,random,17,20260921,3,True,274,24502,11,11,773900,2963700,853100,1163900,5700,16400
CS,1024,102,0.10,random,18,20260922,3,True,281,25132,11,11,837000,3251800,864800,1166800,7600,16300
SD,1024,102,0.10,random,18,20260922,3,True,113,13539,56,56,380200,766166900,1441500,1678800,32200,269900
SD,1024,102,0.10,random,19,20260923,3,True,119,14253,56,56,403200,822846700,1019800,1655600,37300,292200
CS,1024,102,0.10,random,19,20260923,3,True,273,24414,11,11,921200,2876000,847400,1219700,7600,16400
CS,1024,102,0.10,contiguous,0,20260904,3,True,6,555,11,11,774800,2774100,361300,26400,5100,1000
SD,1024,102,0.10,contiguous,0,20260904,3,True,3,379,56,56,430100,793485600,372600,37300,13100,8600
SD,1024,102,0.10,contiguous,1,20260904,3,True,3,379,56,56,381400,761291100,371200,33000,13000,8700
CS,1024,102,0.10,contiguous,1,20260904,3,True,6,555,11,11,855400,2766500,403800,26300,5100,1100
CS,1024,102,0.10,contiguous,2,20260904,3,True,6,555,11,11,775600,3178700,602400,27200,5200,1000
SD,1024,102,0.10,contiguous,2,20260904,3,True,3,379,56,56,381700,777200000,400300,33900,13600,8500
SD,1024,102,0.10,contiguous,3,20260904,3,True,3,379,56,56,382600,778616800,370900,33300,13800,8700
CS,1024,102,0.10,contiguous,3,20260904,3,True,6,555,11,11,915600,2925800,373300,26500,5200,1000
CS,1024,102,0.10,contiguous,4,20260904,3,True,6,555,11,11,769500,2803400,697600,26800,5400,1000
SD,1024,102,0.10,contiguous,4,20260904,3,True,3,379,56,56,406200,762750700,372400,34400,13300,8500
SD,1024,102,0.10,contiguous,5,20260904,3,True,3,379,56,56,382900,767784600,384200,33200,13800,8800
CS,1024,102,0.10,contiguous,5,20260904,3,True,6,555,11,11,785500,2762600,557300,27100,5200,1800
CS,1024,102,0.10,contiguous,6,20260904,3,True,6,555,11,11,838300,3054100,371400,26800,5200,1100
SD,1024,102,0.10,contiguous,6,20260904,3,True,3,379,56,56,381600,778461600,396000,34700,13400,8700
SD,1024,102,0.10,contiguous,7,20260904,3,True,3,379,56,56,446800,804561800,367200,32700,13500,8700
CS,1024,102,0.10,contiguous,7,20260904,3,True,6,555,11,11,806300,2947700,365600,26000,5200,1000
CS,1024,102,0.10,contiguous,8,20260904,3,True,6,555,11,11,769000,3250800,364600,26400,5400,1000
SD,1024,102,0.10,contiguous,8,20260904,3,True,3,379,56,56,389200,763586600,376700,32700,12900,8400
SD,1024,102,0.10,contiguous,9,20260904,3,True,3,379,56,56,381300,763665100,864700,37800,13500,8500
CS,1024,102,0.10,contiguous,9,20260904,3,True,6,555,11,11,863300,2753100,371200,26100,5200,1200
CS,1024,102,0.10,uniform,0,20260904,3,True,332,29683,11,11,771300,2790800,1051700,1412700,17500,19100
SD,1024,102,0.10,uniform,0,20260904,3,True,102,12252,56,56,390800,755780600,1138500,1389900,68800,241300
SD,1024,102,0.10,uniform,1,20260904,3,True,102,12252,56,56,394100,778321400,1151900,1405500,68800,238400
CS,1024,102,0.10,uniform,1,20260904,3,True,332,29683,11,11,764800,2698600,950700,1408100,17400,19200
CS,1024,102,0.10,uniform,2,20260904,3,True,332,29683,11,11,791700,2769300,959900,1359800,17500,19500
SD,1024,102,0.10,uniform,2,20260904,3,True,102,12252,56,56,387600,836632100,1179400,1413800,73500,262300
SD,1024,102,0.10,uniform,3,20260904,3,True,102,12252,56,56,391100,774605400,1137400,1391000,67200,234800
CS,1024,102,0.10,uniform,3,20260904,3,True,332,29683,11,11,775700,2886800,955100,1447800,17700,18900
CS,1024,102,0.10,uniform,4,20260904,3,True,332,29683,11,11,773200,2799000,961800,1367100,17400,19000
SD,1024,102,0.10,uniform,4,20260904,3,True,102,12252,56,56,389300,773752600,1145400,1403000,69000,272000
SD,1024,102,0.10,uniform,5,20260904,3,True,102,12252,56,56,437800,769621900,1219900,1381600,69600,244000
CS,1024,102,0.10,uniform,5,20260904,3,True,332,29683,11,11,771100,2844200,997700,1413900,17500,18900
CS,1024,102,0.10,uniform,6,20260904,3,True,332,29683,11,11,784200,2700700,962300,1408900,17700,19400
SD,1024,102,0.10,uniform,6,20260904,3,True,102,12252,56,56,408700,755615900,1449400,1398600,69600,249600
SD,1024,102,0.10,uniform,7,20260904,3,True,102,12252,56,56,385600,768330000,1137500,1405000,67300,235700
CS,1024,102,0.10,uniform,7,20260904,3,True,332,29683,11,11,876300,2775400,1006200,1362500,18400,18800
CS,1024,102,0.10,uniform,8,20260904,3,True,332,29683,11,11,775200,2982200,972500,1428300,22300,19000
SD,1024,102,0.10,uniform,8,20260904,3,True,102,12252,56,56,380300,772073600,1281200,1397500,142400,459600
SD,1024,102,0.10,uniform,9,20260904,3,True,102,12252,56,56,384100,765484600,1128300,1398100,69400,253900
CS,1024,102,0.10,uniform,9,20260904,3,True,332,29683,11,11,779300,2871300,972300,1367700,17500,19100
CS,1024,102,0.10,clustered,0,20260904,3,True,6,557,11,11,772300,2673500,354800,26600,4900,1000
SD,1024,102,0.10,clustered,0,20260904,3,True,3,380,56,56,383600,763967900,399300,39900,13000,8700
SD,1024,102,0.10,clustered,1,20260904,3,True,3,380,56,56,380700,794466000,361000,35000,13300,8800
CS,1024,102,0.10,clustered,1,20260904,3,True,6,557,11,11,793400,2702800,370300,26400,4800,900
CS,1024,102,0.10,clustered,2,20260904,3,True,6,557,11,11,763500,3356600,354300,26800,4900,900
SD,1024,102,0.10,clustered,2,20260904,3,True,3,380,56,56,419800,774760400,356300,34900,13200,8500
SD,1024,102,0.10,clustered,3,20260904,3,True,3,380,56,56,386700,771893800,370700,99400,25200,19000
CS,1024,102,0.10,clustered,3,20260904,3,True,6,557,11,11,805800,2775300,380800,26600,5000,1000
CS,1024,102,0.10,clustered,4,20260904,3,True,6,557,11,11,843100,2960800,354500,28500,4900,1000
SD,1024,102,0.10,clustered,4,20260904,3,True,3,380,56,56,390200,766116900,385200,32800,13300,8700
SD,1024,102,0.10,clustered,5,20260904,3,True,3,380,56,56,380300,784019100,370700,33800,13600,8600
CS,1024,102,0.10,clustered,5,20260904,3,True,6,557,11,11,774000,3013500,358400,26700,9800,1700
CS,1024,102,0.10,clustered,6,20260904,3,True,6,557,11,11,825500,3230000,365300,26500,9000,1900
SD,1024,102,0.10,clustered,6,20260904,3,True,3,380,56,56,390100,760953300,374900,37500,13700,9000
SD,1024,102,0.10,clustered,7,20260904,3,True,3,380,56,56,383300,764919700,366900,33500,13400,8600
CS,1024,102,0.10,clustered,7,20260904,3,True,6,557,11,11,771200,2792100,355100,26300,5200,900
CS,1024,102,0.10,clustered,8,20260904,3,True,6,557,11,11,813400,2703900,355200,26300,5000,1000
SD,1024,102,0.10,clustered,8,20260904,3,True,3,380,56,56,383200,759901100,363400,33800,13500,17700
SD,1024,102,0.10,clustered,9,20260904,3,True,3,380,56,56,699000,781375900,363000,33900,13500,8500
CS,1024,102,0.10,clustered,9,20260904,3,True,6,557,11,11,873400,2988100,374200,26500,4800,1000
CS,1024,256,0.25,random,0,20260904,3,True,387,34669,11,11,823400,3302400,2045100,1603800,15500,22500
SD,1024,256,0.25,random,0,20260904,3,True,234,28063,56,56,389600,787407600,1816300,2288900,35600,535400
SD,1024,256,0.25,random,1,20260905,3,True,226,27106,56,56,390400,817881600,2381200,2373200,46800,541000
CS,1024,256,0.25,random,1,20260905,3,True,378,33865,11,11,824000,3126600,1777100,1552300,5700,22000
CS,1024,256,0.25,random,2,20260906,3,True,396,35478,11,11,790000,2972700,2176800,1785500,15900,22700
SD,1024,256,0.25,random,2,20260906,3,True,230,27593,56,56,384700,767365900,2173300,2304900,149300,536600
SD,1024,256,0.25,random,3,20260907,3,True,244,29279,56,56,384100,763363000,1897400,3015400,139600,570900
CS,1024,256,0.25,random,3,20260907,3,True,405,36290,11,11,777000,3203300,1601700,1761900,16700,23700
CS,1024,256,0.25,random,4,20260908,3,True,371,33231,11,11,780800,3251000,1555500,1550700,15700,21400
SD,1024,256,0.25,random,4,20260908,3,True,222,26615,56,56,424000,764938900,1783700,2246900,37500,837000
SD,1024,256,0.25,random,5,20260909,3,True,234,28064,56,56,405000,808973600,1863000,2810800,359400,587100
CS,1024,256,0.25,random,5,20260909,3,True,379,33957,11,11,778900,2710500,1668500,1565500,16200,21600
CS,1024,256,0.25,random,6,20260910,3,True,395,35391,11,11,893100,2841700,1777400,1639200,15600,37800
SD,1024,256,0.25,random,6,20260910,3,True,237,28424,56,56,495500,768803500,1902300,2397700,680500,673000
SD,1024,256,0.25,random,7,20260911,3,True,232,27815,56,56,384200,784029000,1817500,2344100,38200,591200
CS,1024,256,0.25,random,7,20260911,3,True,381,34128,11,11,770100,2969900,1668900,1749300,5800,22000
CS,1024,256,0.25,random,8,20260912,3,True,367,32876,11,11,807300,2790500,1593100,1586700,10800,36400
SD,1024,256,0.25,random,8,20260912,3,True,225,26976,56,56,396900,768862600,2229300,2466200,18400,732200
SD,1024,256,0.25,random,9,20260913,3,True,238,28530,56,56,388800,955581300,2247400,2312800,391400,582100
CS,1024,256,0.25,random,9,20260913,3,True,382,34219,11,11,823900,3778900,1569300,1569900,15300,21400
CS,1024,256,0.25,random,10,20260914,3,True,380,34036,11,11,870800,2896400,1569700,1571600,15800,21900
SD,1024,256,0.25,random,10,20260914,3,True,218,26142,56,56,543100,954185000,2479500,2549700,41200,851000
SD,1024,256,0.25,random,11,20260915,3,True,245,29374,56,56,751000,939509600,1789100,2640800,381000,576200
CS,1024,256,0.25,random,11,20260915,3,True,377,33784,11,11,1400300,3367000,2567800,2412000,14800,21900
CS,1024,256,0.25,random,12,20260916,3,True,390,34937,11,11,851000,3644100,1749000,1703000,28800,36600
SD,1024,256,0.25,random,12,20260916,3,True,239,28668,56,56,602100,885901000,2216100,2709700,364900,558200
SD,1024,256,0.25,random,13,20260917,3,True,225,26988,56,56,411200,917116300,2561500,2964000,569000,607300
CS,1024,256,0.25,random,13,20260917,3,True,393,35202,11,11,922400,3798800,1989400,1774500,15900,22200
CS,1024,256,0.25,random,14,20260918,3,True,382,34214,11,11,963200,3539400,1788700,2222000,8800,21800
SD,1024,256,0.25,random,14,20260918,3,True,234,28062,56,56,401800,869050900,1814000,2620200,33900,559100
SD,1024,256,0.25,random,15,20260919,3,True,229,27449,56,56,383200,892642200,2083500,2627200,317600,572100
CS,1024,256,0.25,random,15,20260919,3,True,370,33145,11,11,1180600,3445800,2309400,1948500,18400,24800
CS,1024,256,0.25,random,16,20260920,3,True,383,34303,11,11,867700,3358900,1628900,2042600,5100,21900
SD,1024,256,0.25,random,16,20260920,3,True,223,26748,56,56,598800,966585800,1882100,2213200,14200,1009800
SD,1024,256,0.25,random,17,20260921,3,True,230,27585,56,56,663100,940540200,2099900,3909300,699100,1025200
CS,1024,256,0.25,random,17,20260921,3,True,390,34935,11,11,1343600,3040700,2860200,2493100,26200,34900
CS,1024,256,0.25,random,18,20260922,3,True,403,36103,11,11,1357500,4847600,2662600,2971300,9400,38700
SD,1024,256,0.25,random,18,20260922,3,True,230,27591,56,56,698400,1024034200,2714400,3165700,48500,546300
SD,1024,256,0.25,random,19,20260923,3,True,220,26376,56,56,488500,855473400,1794900,2843700,48300,504400
CS,1024,256,0.25,random,19,20260923,3,True,371,33224,11,11,1133000,3155500,1577000,2023100,6000,21000
CS,1024,256,0.25,contiguous,0,20260904,3,True,2,202,11,11,780500,2738800,951000,10100,5000,800
SD,1024,256,0.25,contiguous,0,20260904,3,True,1,142,56,56,508300,869535600,866400,12200,9600,3800
SD,1024,256,0.25,contiguous,1,20260904,3,True,1,142,56,56,393000,910580600,873000,12400,9200,3700
CS,1024,256,0.25,contiguous,1,20260904,3,True,2,202,11,11,890000,3061000,858000,11100,4900,800
CS,1024,256,0.25,contiguous,2,20260904,3,True,2,202,11,11,925800,3244500,911100,9900,5100,700
SD,1024,256,0.25,contiguous,2,20260904,3,True,1,142,56,56,490600,880218000,1278600,12100,8800,4000
SD,1024,256,0.25,contiguous,3,20260904,3,True,1,142,56,56,382300,871040500,1603800,13700,9000,3800
CS,1024,256,0.25,contiguous,3,20260904,3,True,2,202,11,11,1175600,5340400,1465100,17700,7900,1100
CS,1024,256,0.25,contiguous,4,20260904,3,True,2,202,11,11,1381300,5783100,1550000,19300,5000,1100
SD,1024,256,0.25,contiguous,4,20260904,3,True,1,142,56,56,383000,950571200,936500,13600,8700,3700
SD,1024,256,0.25,contiguous,5,20260904,3,True,1,142,56,56,524000,896814000,1773700,12600,16400,3800
CS,1024,256,0.25,contiguous,5,20260904,3,True,2,202,11,11,1513900,4453000,1053500,10000,5200,800
CS,1024,256,0.25,contiguous,6,20260904,3,True,2,202,11,11,1555900,5667900,958900,10800,5000,800
SD,1024,256,0.25,contiguous,6,20260904,3,True,1,142,56,56,401200,832832300,874400,12300,9200,3800
SD,1024,256,0.25,contiguous,7,20260904,3,True,1,142,56,56,399200,829061600,893200,18100,13200,3900
CS,1024,256,0.25,contiguous,7,20260904,3,True,2,202,11,11,935000,7907300,1481300,17100,8800,1400
CS,1024,256,0.25,contiguous,8,20260904,3,True,2,202,11,11,802900,2879900,1220200,10200,5000,800
SD,1024,256,0.25,contiguous,8,20260904,3,True,1,142,56,56,411700,874629900,876900,11900,8800,3700
SD,1024,256,0.25,contiguous,9,20260904,3,True,1,142,56,56,395900,869206900,860900,11600,9800,4000
CS,1024,256,0.25,contiguous,9,20260904,3,True,2,202,11,11,798200,2950600,858200,10600,5100,800
CS,1024,256,0.25,uniform,0,20260904,3,True,512,45864,11,11,814900,2989700,1954100,2297100,19200,28400
SD,1024,256,0.25,uniform,0,20260904,3,True,256,30747,56,56,573400,867614300,2090100,3103400,7700,611100
SD,1024,256,0.25,uniform,1,20260904,3,True,256,30747,56,56,445100,818398200,2545300,3059800,9800,772300
CS,1024,256,0.25,uniform,1,20260904,3,True,512,45864,11,11,779100,2969200,2050100,2129300,18600,27900
CS,1024,256,0.25,uniform,2,20260904,3,True,512,45864,11,11,840300,3698800,2666500,2727600,27900,50000
SD,1024,256,0.25,uniform,2,20260904,3,True,256,30747,56,56,380500,807973000,2283100,3194300,7500,602700
SD,1024,256,0.25,uniform,3,20260904,3,True,256,30747,56,56,390900,808429600,2284100,3386500,8200,610100
CS,1024,256,0.25,uniform,3,20260904,3,True,512,45864,11,11,832100,3347200,2187400,2855000,19600,29700
CS,1024,256,0.25,uniform,4,20260904,3,True,512,45864,11,11,849100,3845700,1799600,2109100,18600,28200
SD,1024,256,0.25,uniform,4,20260904,3,True,256,30747,56,56,393500,814251300,2314500,3596500,7200,849600
SD,1024,256,0.25,uniform,5,20260904,3,True,256,30747,56,56,394800,840104900,2320600,3333200,10900,860200
CS,1024,256,0.25,uniform,5,20260904,3,True,512,45864,11,11,1401200,2760800,1929500,2275900,19000,29800
CS,1024,256,0.25,uniform,6,20260904,3,True,512,45864,11,11,1544400,5137100,1980600,2558000,18800,29100
SD,1024,256,0.25,uniform,6,20260904,3,True,256,30747,56,56,383900,794043600,2189200,2917200,6900,608200
SD,1024,256,0.25,uniform,7,20260904,3,True,256,30747,56,56,377800,805286300,2222100,3242900,7800,600300
CS,1024,256,0.25,uniform,7,20260904,3,True,512,45864,11,11,976700,3014100,2253900,2364500,18700,28200
CS,1024,256,0.25,uniform,8,20260904,3,True,512,45864,11,11,1355100,4415500,3701400,2755600,19100,29800
SD,1024,256,0.25,uniform,8,20260904,3,True,256,30747,56,56,384600,833862800,3668400,3087100,7000,608700
SD,1024,256,0.25,uniform,9,20260904,3,True,256,30747,56,56,481500,783052800,4281300,3236000,7000,608900
CS,1024,256,0.25,uniform,9,20260904,3,True,512,45864,11,11,798400,2954700,1830300,2332500,19600,28400
CS,1024,256,0.25,clustered,0,20260904,3,True,2,202,11,11,774100,2905400,1298000,9900,4800,800
SD,1024,256,0.25,clustered,0,20260904,3,True,1,142,56,56,381000,789918600,888700,12100,11100,3600
SD,1024,256,0.25,clustered,1,20260904,3,True,1,142,56,56,379600,859307500,887500,13800,11000,3600
CS,1024,256,0.25,clustered,1,20260904,3,True,2,202,11,11,908600,3726500,1027500,10600,5100,800
CS,1024,256,0.25,clustered,2,20260904,3,True,2,202,11,11,971700,4036600,1048900,16600,5400,800
SD,1024,256,0.25,clustered,2,20260904,3,True,1,142,56,56,380500,871288300,1585100,20600,20100,6200
SD,1024,256,0.25,clustered,3,20260904,3,True,1,142,56,56,676300,999204500,1006600,13700,12500,4300
CS,1024,256,0.25,clustered,3,20260904,3,True,2,202,11,11,826700,2738400,1118100,10600,5100,800
CS,1024,256,0.25,clustered,4,20260904,3,True,2,202,11,11,1009900,3661000,901000,9800,5000,700
SD,1024,256,0.25,clustered,4,20260904,3,True,1,142,56,56,381200,1200845300,1482100,23600,21100,5900
SD,1024,256,0.25,clustered,5,20260904,3,True,1,142,56,56,581100,859117300,864900,12600,19200,5700
CS,1024,256,0.25,clustered,5,20260904,3,True,2,202,11,11,879000,3264600,1689900,18100,7800,1200
CS,1024,256,0.25,clustered,6,20260904,3,True,2,202,11,11,808600,3378300,881000,10300,5000,800
SD,1024,256,0.25,clustered,6,20260904,3,True,1,142,56,56,398400,860350700,854500,13600,11500,3800
SD,1024,256,0.25,clustered,7,20260904,3,True,1,142,56,56,389700,842512600,2126600,24800,22600,10800
CS,1024,256,0.25,clustered,7,20260904,3,True,2,202,11,11,822100,3220900,1026500,11200,5000,900
CS,1024,256,0.25,clustered,8,20260904,3,True,2,202,11,11,905800,3829100,918900,9800,8500,1200
SD,1024,256,0.25,clustered,8,20260904,3,True,1,142,56,56,418800,855014200,868800,13000,11600,3900
SD,1024,256,0.25,clustered,9,20260904,3,True,1,142,56,56,382400,862512000,945000,13000,11200,3700
CS,1024,256,0.25,clustered,9,20260904,3,True,2,202,11,11,933900,3343300,969000,10300,4800,800
CS,1024,512,0.50,random,0,20260904,3,True,362,32499,11,11,1047900,3167600,2868400,1569800,11300,21200
SD,1024,512,0.50,random,0,20260904,3,True,293,35154,56,56,383400,797710600,2961100,3459600,253800,802900
SD,1024,512,0.50,random,1,20260905,3,True,304,36480,56,56,381700,804182700,2658100,3184500,222100,722300
CS,1024,512,0.50,random,1,20260905,3,True,366,32869,11,11,780000,3379100,2721900,1517500,10400,20700
CS,1024,512,0.50,random,2,20260906,3,True,372,33408,11,11,782700,2981400,2586100,1544700,10700,21100
SD,1024,512,0.50,random,2,20260906,3,True,313,37553,56,56,386100,824578200,2797600,3053800,237700,756400
SD,1024,512,0.50,random,3,20260907,3,True,312,37440,56,56,415900,775636800,2871800,3411200,253100,722700
CS,1024,512,0.50,random,3,20260907,3,True,381,34209,11,11,821100,2749800,2623600,1773300,11800,22900
CS,1024,512,0.50,random,4,20260908,3,True,368,33031,11,11,774400,2671400,2694200,1632900,5800,20600
SD,1024,512,0.50,random,4,20260908,3,True,285,34199,56,56,381600,785319200,3116800,3088100,33800,917600
SD,1024,512,0.50,random,5,20260909,3,True,288,34554,56,56,405700,764754900,2902500,2924000,260300,665300
CS,1024,512,0.50,random,5,20260909,3,True,359,32226,11,11,877800,2906800,2383100,1478300,11400,21700
CS,1024,512,0.50,random,6,20260910,3,True,367,32953,11,11,775100,3003100,2692500,1516000,11400,22300
SD,1024,512,0.50,random,6,20260910,3,True,298,35753,56,56,387500,771888600,2836900,2886900,252700,808400
SD,1024,512,0.50,random,7,20260911,3,True,299,35883,56,56,383800,776468700,3547300,2756200,247900,701300
CS,1024,512,0.50,random,7,20260911,3,True,376,33762,11,11,819100,2989900,2444100,1781500,11100,21500
CS,1024,512,0.50,random,8,20260912,3,True,356,31957,11,11,817900,3162900,2872900,1464800,5300,20100
SD,1024,512,0.50,random,8,20260912,3,True,277,33237,56,56,393500,796392300,2720200,3199600,17100,677800
SD,1024,512,0.50,random,9,20260913,3,True,295,35391,56,56,716600,775699400,2851300,2710800,264100,815400
CS,1024,512,0.50,random,9,20260913,3,True,366,32863,11,11,772200,3024800,2530600,1565900,11100,21300
CS,1024,512,0.50,random,10,20260914,3,True,366,32858,11,11,869000,2731100,2412000,1753000,11100,21500
SD,1024,512,0.50,random,10,20260914,3,True,291,34914,56,56,393800,772138500,2690800,2902200,261200,673600
SD,1024,512,0.50,random,11,20260915,3,True,289,34685,56,56,426300,770194800,2717100,2626500,329300,665300
CS,1024,512,0.50,random,11,20260915,3,True,364,32682,11,11,792600,2685900,2425400,1550400,11000,20700
CS,1024,512,0.50,random,12,20260916,3,True,367,32950,11,11,802800,2731800,2454800,1525200,11200,21000
SD,1024,512,0.50,random,12,20260916,3,True,304,36471,56,56,491400,772740400,2881100,3945800,253700,816700
SD,1024,512,0.50,random,13,20260917,3,True,294,35280,56,56,386400,777131800,2777700,3041300,263300,690000
CS,1024,512,0.50,random,13,20260917,3,True,369,33129,11,11,958400,2714500,2589800,1827900,11100,20900
CS,1024,512,0.50,random,14,20260918,3,True,360,32320,11,11,781200,2743600,2418300,1487900,6000,20500
SD,1024,512,0.50,random,14,20260918,3,True,290,34790,56,56,405900,774811300,3229500,2666200,13300,683700
SD,1024,512,0.50,random,15,20260919,3,True,287,34440,56,56,384200,772235700,2644600,2580800,253100,660200
CS,1024,512,0.50,random,15,20260919,3,True,362,32498,11,11,802600,2747200,3000600,1559100,11300,21800
CS,1024,512,0.50,random,16,20260920,3,True,355,31869,11,11,931500,2798700,2405000,1889100,5100,20100
SD,1024,512,0.50,random,16,20260920,3,True,290,34788,56,56,396600,772515600,2722700,2674700,7000,663500
SD,1024,512,0.50,random,17,20260921,3,True,312,37434,56,56,406100,795196900,2791200,2840900,243000,719400
CS,1024,512,0.50,random,17,20260921,3,True,370,33224,11,11,772000,3004900,2430700,1539400,10900,22200
CS,1024,512,0.50,random,18,20260922,3,True,376,33764,11,11,1008000,3201200,2694600,1551100,6000,23800
SD,1024,512,0.50,random,18,20260922,3,True,317,38032,56,56,383600,826241900,3120400,2828600,39700,815500
SD,1024,512,0.50,random,19,20260923,3,True,292,35027,56,56,384300,773932400,2848800,2829900,43800,705000
CS,1024,512,0.50,random,19,20260923,3,True,364,32673,11,11,812200,3092100,2483200,1516600,6100,21000
CS,1024,512,0.50,contiguous,0,20260904,3,True,1,115,11,11,793100,2942100,1930300,6400,5200,800
SD,1024,512,0.50,contiguous,0,20260904,3,True,1,142,56,56,393000,765335000,1711800,40200,17000,6000
SD,1024,512,0.50,contiguous,1,20260904,3,True,1,142,56,56,389700,799473000,1709800,10400,9300,3600
CS,1024,512,0.50,contiguous,1,20260904,3,True,1,115,11,11,771300,2797100,1759200,5700,5100,700
CS,1024,512,0.50,contiguous,2,20260904,3,True,1,115,11,11,834500,2740300,1790100,5800,5000,700
SD,1024,512,0.50,contiguous,2,20260904,3,True,1,142,56,56,392700,763391200,1731300,9800,8900,3500
SD,1024,512,0.50,contiguous,3,20260904,3,True,1,142,56,56,394500,764805900,1728000,9600,9100,3600
CS,1024,512,0.50,contiguous,3,20260904,3,True,1,115,11,11,771500,2944900,1675900,6000,5100,800
CS,1024,512,0.50,contiguous,4,20260904,3,True,1,115,11,11,776800,3453500,1692200,5800,5200,800
SD,1024,512,0.50,contiguous,4,20260904,3,True,1,142,56,56,391800,773695700,1698800,10500,13200,5400
SD,1024,512,0.50,contiguous,5,20260904,3,True,1,142,56,56,381800,776863700,1835500,11500,15700,6500
CS,1024,512,0.50,contiguous,5,20260904,3,True,1,115,11,11,779500,3219400,1706300,6500,4900,700
CS,1024,512,0.50,contiguous,6,20260904,3,True,1,115,11,11,784100,3110600,1887600,6000,5500,1300
SD,1024,512,0.50,contiguous,6,20260904,3,True,1,142,56,56,390100,772791200,2037800,9900,8700,3800
SD,1024,512,0.50,contiguous,7,20260904,3,True,1,142,56,56,384000,819423200,1720300,9900,8600,3800
CS,1024,512,0.50,contiguous,7,20260904,3,True,1,115,11,11,827300,3144300,1766500,5800,5100,700
CS,1024,512,0.50,contiguous,8,20260904,3,True,1,115,11,11,780200,2835000,1700600,5700,5300,800
SD,1024,512,0.50,contiguous,8,20260904,3,True,1,142,56,56,479400,774204100,1718300,9500,9300,3600
SD,1024,512,0.50,contiguous,9,20260904,3,True,1,142,56,56,379500,773590700,1781400,10000,8900,3500
CS,1024,512,0.50,contiguous,9,20260904,3,True,1,115,11,11,773100,2896900,1728100,6000,5000,800
CS,1024,512,0.50,uniform,0,20260904,3,True,512,46108,11,11,775000,3003900,2665100,2767700,5100,28500
SD,1024,512,0.50,uniform,0,20260904,3,True,512,61491,56,56,401600,775157000,3167800,4885700,6900,1277300
SD,1024,512,0.50,uniform,1,20260904,3,True,512,61491,56,56,650000,772822000,3682500,4418900,6800,1189300
CS,1024,512,0.50,uniform,1,20260904,3,True,512,46108,11,11,775900,2860300,3415300,2781800,5100,28800
CS,1024,512,0.50,uniform,2,20260904,3,True,512,46108,11,11,794900,3004900,3352300,2691400,9900,36500
SD,1024,512,0.50,uniform,2,20260904,3,True,512,61491,56,56,505500,794027500,2964000,4908900,7600,1193700
SD,1024,512,0.50,uniform,3,20260904,3,True,512,61491,56,56,386200,782713900,2981900,4519300,7200,2288000
CS,1024,512,0.50,uniform,3,20260904,3,True,512,46108,11,11,1090400,3359800,2858600,4284500,5400,28200
CS,1024,512,0.50,uniform,4,20260904,3,True,512,46108,11,11,835500,4977400,4078300,2151000,5400,29600
SD,1024,512,0.50,uniform,4,20260904,3,True,512,61491,56,56,396300,773235100,3083600,4733900,6900,1211600
SD,1024,512,0.50,uniform,5,20260904,3,True,512,61491,56,56,419800,760817600,3294900,4963800,6900,1195800
CS,1024,512,0.50,uniform,5,20260904,3,True,512,46108,11,11,787800,2746400,2648100,2116700,4900,28400
CS,1024,512,0.50,uniform,6,20260904,3,True,512,46108,11,11,801100,3512100,2970500,2191300,5200,27700
SD,1024,512,0.50,uniform,6,20260904,3,True,512,61491,56,56,385300,775547400,2971600,4885300,7000,1189500
SD,1024,512,0.50,uniform,7,20260904,3,True,512,61491,56,56,385000,774655900,3090600,4922900,7000,1443000
CS,1024,512,0.50,uniform,7,20260904,3,True,512,46108,11,11,780400,2820200,3413100,2143900,5100,28100
CS,1024,512,0.50,uniform,8,20260904,3,True,512,46108,11,11,803300,3139900,2703300,2227000,5300,28600
SD,1024,512,0.50,uniform,8,20260904,3,True,512,61491,56,56,390800,780784500,3401200,4804800,6800,1223900
SD,1024,512,0.50,uniform,9,20260904,3,True,512,61491,56,56,387300,777372400,3095200,4556200,6700,1484200
CS,1024,512,0.50,uniform,9,20260904,3,True,512,46108,11,11,796200,3350500,2926100,2192300,7500,28000
CS,1024,512,0.50,clustered,0,20260904,3,True,1,115,11,11,793500,3099100,1967300,6600,5500,700
SD,1024,512,0.50,clustered,0,20260904,3,True,1,142,56,56,386000,768642900,2121800,10400,9000,3700
SD,1024,512,0.50,clustered,1,20260904,3,True,1,142,56,56,402300,763571400,1755200,10700,9000,3800
CS,1024,512,0.50,clustered,1,20260904,3,True,1,115,11,11,822100,2980200,1708800,5900,5300,600
CS,1024,512,0.50,clustered,2,20260904,3,True,1,115,11,11,782400,3616700,2071200,5700,5200,700
SD,1024,512,0.50,clustered,2,20260904,3,True,1,142,56,56,383000,782593800,1902000,10400,8700,3800
SD,1024,512,0.50,clustered,3,20260904,3,True,1,142,56,56,382400,775674400,1750300,38600,11400,5000
CS,1024,512,0.50,clustered,3,20260904,3,True,1,115,11,11,809100,3198900,1737600,5900,4900,600
CS,1024,512,0.50,clustered,4,20260904,3,True,1,115,11,11,785700,2793500,1676500,5900,5000,700
SD,1024,512,0.50,clustered,4,20260904,3,True,1,142,56,56,384200,765177700,1901800,14100,11000,4700
SD,1024,512,0.50,clustered,5,20260904,3,True,1,142,56,56,388200,782305700,2095900,10100,12200,4600
CS,1024,512,0.50,clustered,5,20260904,3,True,1,115,11,11,783800,2822400,1716300,5500,4900,600
CS,1024,512,0.50,clustered,6,20260904,3,True,1,115,11,11,1003600,3414000,2242100,6800,5000,700
SD,1024,512,0.50,clustered,6,20260904,3,True,1,142,56,56,497500,860660000,1698100,10100,8700,3600
SD,1024,512,0.50,clustered,7,20260904,3,True,1,142,56,56,386600,771481000,1881900,9300,13800,8000
CS,1024,512,0.50,clustered,7,20260904,3,True,1,115,11,11,788600,3084200,1676600,10600,18300,1300
CS,1024,512,0.50,clustered,8,20260904,3,True,1,115,11,11,775800,3274900,1810700,5800,5000,700
SD,1024,512,0.50,clustered,8,20260904,3,True,1,142,56,56,384700,772083000,1691800,10000,8800,3800
SD,1024,512,0.50,clustered,9,20260904,3,True,1,142,56,56,388200,758230500,1812800,9500,8400,3700
CS,1024,512,0.50,clustered,9,20260904,3,True,1,115,11,11,920900,2880300,1705900,6200,9100,1100
